relative_path,bytes,sha256,last_write_time_utc
aggregate.log,2149,933d86ac3eac01e05fc165c4031f66a3c20f1d83ef166750e2371f7bac274d75,2026-07-25T17:20:25+00:00
aggregate_session.log,2149,933d86ac3eac01e05fc165c4031f66a3c20f1d83ef166750e2371f7bac274d75,2026-07-25T17:20:25+00:00
analysis/decision_criteria.csv,2228,499ee9c1ef3d71967e37e68b4f38d51af805b8f556a92e859c0d6e08b99bd42d,2026-07-25T17:20:22+00:00
analysis/decision_summary.json,2840,66d446af703cbcf435e8bd9d8c90f87300557ff4b4463821fd6e33b50d2b8348,2026-07-25T17:20:22+00:00
analysis/local_sync_verification.json,1369,b91f8e89cdb3e483419ba1965e107ab1947aa4155d837b30c65b4880b6e06d7f,2026-07-25T17:27:41.100544+00:00
analysis/reproduction_report.json,1133,8286fdbf503c735fe350245bf0bb664d9178794b272c1a934ae006afefc455ba,2026-07-25T17:18:50+00:00
ARTIFACT_MANIFEST_REMOTE.csv,2563241,86ae117d42e1cdbf966292382ae2e3bde80aa43bc2574beef0e3172577ec8249,2026-07-25T17:20:25+00:00
code/__pycache__/harden_dupsafe_tieaware.cpython-312.pyc,71653,c26251c91087085ab79d13e263466cda809e96a0fd8a8bbdd50ec5e7409fae63,2026-07-25T17:33:57.118567+00:00
code/expansion_aggregate.py,22254,7dc0ca1d2f96a3649037b2e67ab0ded582c7612f64d710b84dba0eebcb14788a,2026-07-24T14:05:14.847856+00:00
code/expansion_datasets.py,8616,29d69a27755a4e84c58a628d332192560f7a220c3d6ddc7bce4fc89ecf2f4e96,2026-07-24T12:31:53.463535+00:00
code/expansion_runner.py,36031,03dba8db7e32dfccb938a6767364b69553ab85b32a832b05a6bca62349ee875d,2026-07-24T12:24:56.602631+00:00
code/harden_dupsafe_full.py,43062,5c93ea73edeeada1665d4a11d676b3652e64607aef335bece24bbc27ccaab1c3,2026-07-18T15:41:13.964694+00:00
code/harden_dupsafe_tieaware.py,51162,2eb6d52f87f1f4301957314b82e6bb534dac1ef370d36f36472ffc4d6d5613e8,2026-07-18T15:41:13.967692+00:00
code/verify_synced_run.py,8756,c9b50f36debaccb063e75624c19f1b56c0b81d4d795c89992b054329739db826,2026-07-25T17:27:27.529077+00:00
evidence/harden_dupsafe_tieaware_calibration.csv,356594,de4f94ce5bf41f6a6f6d70ada10360b9de0758081c4ec5ce07c400263f60c80a,2026-07-25T17:18:49+00:00
evidence/harden_dupsafe_tieaware_candidate_scores.csv,341024,c9308ec014c5040854d11144dd4d8956e1eb1ccc7b1c90f437cc568062ae0722,2026-07-25T17:18:49+00:00
evidence/harden_dupsafe_tieaware_dataset_manifest.csv,7142,f47c54be0e0dfb3213757fe5588d9894b3718ee408e3ed3ee0b8823c569603bb,2026-07-25T17:18:49+00:00
evidence/harden_dupsafe_tieaware_effect_sizes.csv,10411,99d4e9fd580cda27e42594b6037687867b995cc244c20c5c027ecfdac58c0d20,2026-07-25T17:19:49+00:00
evidence/harden_dupsafe_tieaware_environment.json,1153,b215dcac2cef63dbf73c4ead301b4f20af4847711151372168b1e718211f12e8,2026-07-25T17:18:50+00:00
evidence/harden_dupsafe_tieaware_friedman.txt,622,fbfe17650392e79fdabbd874cb7eff91b0585478173a60d14dcc3100b2039466,2026-07-25T17:19:50+00:00
evidence/harden_dupsafe_tieaware_rankings.csv,559637,caedf117cf8c96ac12e9e79be189b69928ebfabcdfaf2b364ae0fda03eb2203b,2026-07-25T17:18:49+00:00
evidence/harden_dupsafe_tieaware_split_manifest.csv,85887,611d06799fd33559470663c9e511bd6223a113f2be61d1aa8cba889265677b88,2026-07-25T17:18:49+00:00
evidence/harden_dupsafe_tieaware_summary_calibration.csv,266,b07f24043497f057db58287dcc37d655aa34684066273315550d349b6b59943e,2026-07-25T17:19:50+00:00
evidence/harden_dupsafe_tieaware_summary_selection.csv,1719,e540fdcbeb73f6a1f80a5d675feeb71d84804e882e15535621a6985c56e49331,2026-07-25T17:19:50+00:00
evidence/harden_dupsafe_tieaware_summary_stability.csv,16692,5f6842c9d3615aa72a03fea8a8462987d1cd354a57c7b2091b8c2f895f8ef6b6,2026-07-25T17:19:49+00:00
evidence/harden_dupsafe_tieaware_tie_audit.csv,4792,1020154d907b5d7b07c8ebd69fac17022c6dc738a7009c1875f64e5ac5b29c7f,2026-07-25T17:19:49+00:00
evidence/harden_dupsafe_tieaware_utility.csv,129765,5b9d9606955cbaf3057158af16bf34c27ae9512187e41845956beebe80d79a66,2026-07-25T17:18:49+00:00
evidence/harden_dupsafe_tieaware_validation_predictions.npz,5376477,6c5bde136e0092bbadd8666843e2bb0e4415dc0831e671dd28e57137951e43d0,2026-07-25T17:18:50+00:00
evidence/kappa_tieaware_per_dataset.csv,2414,dfd53cbf02f2cd609b7c7f442fc763a7d6f8171feb78477de0ddcea5b03c8b17,2026-07-25T17:20:21+00:00
evidence/kappa_tieaware_permutation_candidate_scores.csv.gz,2930133,021f4300f1cf5e52091fb477223f7013063612e93ac0de443f38b5d569d8ef14,2026-07-25T17:20:21+00:00
evidence/kappa_tieaware_permutation_w_distribution.csv,224151,936ab2dce59cbae9122048d3c1673782ca732b225ddd61c14f11e79c7d510a36,2026-07-25T17:20:22+00:00
evidence/kappa_tieaware_spearman.csv,11556,ce1c927aab4e061aeb2326a2cdc2c0917e2f5a9a5e86815ce1ca603900f9ce10,2026-07-25T17:20:21+00:00
evidence/kappa_tieaware_summary.json,1769,c8a4673dac3f1e80de5eb2242965ea34648f46de45e9f14a2bfd6b293b8dc401,2026-07-25T17:20:22+00:00
input_manifest.csv,1759,910a5c6c376d42d1aea74241fdba8039af3806af97564c3e2c3e024e943867aa,2026-07-24T12:29:27.289266+00:00
launch_aggregate_codex_20260725.sh,342,1cdd0a1d486b49537c09ccb6538806a376bdfdf02123f8043cd627c4bcc59e92,2026-07-25T17:18:04+00:00
launch_full_remote.sh,738,97def658ca7b112b7c3a34e3cf5434cc849116da03f63e3dce650f7c879ca8ca,2026-07-24T12:30:11+00:00
logs/pip_install.log,4963,f9b4f299d41d052a3e7a2d319d3b8e0a9e2914bb439089eba2f84f77c12f6811,2026-07-24T12:30:59+00:00
logs/pip_upgrade.log,413,1f10e1935d09ad63ea9dedf704dcabf9b3da8a13e96011313ceb065b9a0a1428,2026-07-24T12:30:39+00:00
logs/prep_datasets.log,1064,dc25ed1bf50072f2c7d332f9412468643155b075de6b64586da7ec2684f4e8f8,2026-07-24T12:32:15+00:00
logs/runner_full.out,0,e3b0c44298fc1c149afbf4c8996fb92427ae41e4649b934ca495991b7852b855,2026-07-24T14:06:01+00:00
logs/smoke_aggregate.log,939,706857c25f7e27dc246a59555700fa34f758a0f92abf4ddc898d209b5bedf81a,2026-07-24T12:32:37+00:00
logs/smoke_runner.log,0,e3b0c44298fc1c149afbf4c8996fb92427ae41e4649b934ca495991b7852b855,2026-07-24T12:32:15+00:00
poll_status.sh,643,efab2c97492964ddbe2d0e7795c9428d63b62c532783fd214d578b3ea447b60a,2026-07-24T14:08:11+00:00
reference_evidence/harden_dupsafe_tieaware_candidate_scores.csv,112101,d7044bbd9b13194149ec9fec7f27f84fcd008c32b3762c838beae8b8685339cf,2026-07-24T12:30:19+00:00
reference_evidence/harden_dupsafe_tieaware_rankings.csv,184153,cec43c76b74fe38dc78569b6b05b86ef3c74632ae96de5bd5c7efe2af09eb11f,2026-07-24T12:30:19+00:00
reference_evidence/harden_dupsafe_tieaware_split_manifest.csv,28522,4ec19c45934b29f51bb2a66080a7b399301806dd178e74b014dd6017467c4bbd,2026-07-24T12:30:20+00:00
reference_evidence/harden_dupsafe_tieaware_utility.csv,40262,f68503e84983eeff489ef249820fd1c574f8bbf3753b2a4a946132dd622865e4,2026-07-24T12:30:19+00:00
remote_scripts/launch_aggregate_codex_20260725.sh,342,1cdd0a1d486b49537c09ccb6538806a376bdfdf02123f8043cd627c4bcc59e92,2026-07-25T17:17:53.701473+00:00
remote_scripts/launch_full_remote.sh,738,97def658ca7b112b7c3a34e3cf5434cc849116da03f63e3dce650f7c879ca8ca,2026-07-24T12:30:09.345249+00:00
remote_scripts/pack_sync_bundle_codex_20260725.sh,587,c161c1dcd077cd165bb4449e56541bba780cd15c9bd0ed030db26a809fd5f0f4,2026-07-25T17:24:06.599121+00:00
remote_scripts/poll_status.sh,643,efab2c97492964ddbe2d0e7795c9428d63b62c532783fd214d578b3ea447b60a,2026-07-24T14:08:10.789803+00:00
remote_scripts/run_aggregate_codex_20260725.sh,426,e142262843b38e5da31fee718ff729287d2b610927213554d895367e525fdd58,2026-07-25T17:18:34.445467+00:00
remote_scripts/run_smoke_remote.sh,1223,b79bd3f9c2d8df264e4fe61cfbccb3c14dc70aba4823c2f3df0f505dffb1f7e0,2026-07-24T12:30:09.346251+00:00
remote_scripts/setup_remote.sh,776,4fc70bcbb3b89efbe22871533fc51c44f16ddf92289d3ecd8171d547f8e7228b,2026-07-24T12:30:09.347248+00:00
run_aggregate_codex_20260725.sh,426,e142262843b38e5da31fee718ff729287d2b610927213554d895367e525fdd58,2026-07-25T17:18:46+00:00
RUN_MANIFEST.json,3401,4ee11bd1bc6a8b9a402330d72944f408dfa041182624b45410857c7f012c09a0,2026-07-24T14:06:02+00:00
run_smoke_remote.sh,1223,b79bd3f9c2d8df264e4fe61cfbccb3c14dc70aba4823c2f3df0f505dffb1f7e0,2026-07-24T12:30:11+00:00
setup_remote.sh,776,4fc70bcbb3b89efbe22871533fc51c44f16ddf92289d3ecd8171d547f8e7228b,2026-07-24T12:30:11+00:00
smoke/aggregate.log,786,fa2905b13bb421fc03894783a6614b1d3f5f5e9dd87e5c639d7f82721767eb7d,2026-07-25T17:25:03.788163+00:00
smoke/analysis/reproduction_report.json,1099,c77d0003af3dccfddf234cd4485ee6ccf6673c7c9bbc9919acb31153200b93b2,2026-07-25T17:25:04.501504+00:00
smoke/evidence/harden_dupsafe_tieaware_calibration.csv,5717,40177f0913a8ac794cb69941b658588a71ce4873ea1d917ffeb15394a6b9f795,2026-07-25T17:25:02.582459+00:00
smoke/evidence/harden_dupsafe_tieaware_candidate_scores.csv,6388,b33442306f5e7a56967081a4fa4072bfeff95dabef3e7b1862f13fa40b9111bc,2026-07-25T17:25:02.099752+00:00
smoke/evidence/harden_dupsafe_tieaware_dataset_manifest.csv,626,ff2cd95a3383f1a2b1d8251334b6533045e45faf2fa11f2aa4e747bf15151be5,2026-07-25T17:25:03.547415+00:00
smoke/evidence/harden_dupsafe_tieaware_environment.json,1234,aa4a8b57a69f2eeb359589c70c1166a6ebe4933ad4850feba6c2a9742101f59e,2026-07-25T17:25:02.820208+00:00
smoke/evidence/harden_dupsafe_tieaware_rankings.csv,10437,33b779a1d2859bccd39a0a22899800cb1ba9e756c181b41dd3b487e1425ce8e6,2026-07-25T17:25:02.344117+00:00
smoke/evidence/harden_dupsafe_tieaware_split_manifest.csv,1923,643ab86c6a26eb2f572b283224b2da4a7d2d263891ddb199a708c4e6949bde3d,2026-07-25T17:25:03.061707+00:00
smoke/evidence/harden_dupsafe_tieaware_utility.csv,2285,3ed9cb176f6cf532b6e731e02c62cf57378dd09bd317b2bf661dc4c58c8fb7f8,2026-07-25T17:25:03.308632+00:00
smoke/evidence/harden_dupsafe_tieaware_validation_predictions.npz,17911,c407815210348e643904d22cb8087b5f71f2b65f8be7bb92e80a03ab802b95f7,2026-07-25T17:25:01.861777+00:00
smoke/RUN_MANIFEST.json,3008,53b8c81cf296c96bc38043eeb7d597dbb06ae9935a39f566ad863eb577c52b86,2026-07-25T17:24:59.951591+00:00
smoke/state/final_status.json,284,544ae658b32ac6afb078d011e088bdc1ccd395062bfe5b2a589f573127e853e3,2026-07-25T17:25:01.149391+00:00
smoke/state/heartbeat.json,384,b049b8814494a360d0ec311f4cb39a235f95233bd46c5eba23ab057bde5d3be5,2026-07-25T17:25:00.427222+00:00
smoke/state/notifications.jsonl,616,65e809a881c387dabf9775347419da1c28f9d431fc7991900467a49781200291,2026-07-25T17:25:00.674821+00:00
smoke/state/progress.jsonl,761,f03edf2f77d7e7e2fd0c902557b2f5774e951990d06ea4ba46ebf0c7e470738d,2026-07-25T17:25:00.911822+00:00
smoke/state/units_log.jsonl,940,b19a250b770aa97daa390a61ef3b87c37df2c5c6b170035e806bd95d43557984,2026-07-25T17:25:01.385643+00:00
smoke/STATUS.md,482,8fa8f11e3b9f2cc706deacc720672e7ca35396c2df96a849e5a73bb709738321,2026-07-25T17:25:04.025915+00:00
smoke/units/bc__r00.json,18932,fbaa4f22c8699f897593863bf2c960155c6f305c90e0b7a217a872ebab6ca34d,2026-07-25T17:24:59.713087+00:00
smoke/units/bc__r00.npz,1800,486ae29b093b50ea5da7d74e2657bdc2d2793b3ca290a7d5e633608eb352c416,2026-07-25T17:24:58.496530+00:00
smoke/units/bc__r00.phase.jsonl,1170,cb40be1b8f0ab26e0a25bf9089392bc7e8ed0de4ca41cfb50fd645dcae2e0a9b,2026-07-25T17:24:57.749691+00:00
smoke/units/bc__r01.json,18948,bb0cb2268e5fa84e514e6d8b29849ef5ae2079b770f62941b2922f3d91832595,2026-07-25T17:24:57.507136+00:00
smoke/units/bc__r01.npz,1856,3a23b7a88a281cafa0ca5ae7f9ecd4275930ecd8fff4c186af7fa3283d5d02d6,2026-07-25T17:24:58.984149+00:00
smoke/units/bc__r01.phase.jsonl,1170,5f80495e695544f4c716542177c84796f6adf1830b2325476eb0b40af650f692,2026-07-25T17:24:57.207882+00:00
smoke/units/synth5__r00.json,18868,19a6255c1af05a2d9b268e69233ae13c166c4c3209ca002877e6ef98b4e9082b,2026-07-25T17:24:59.227762+00:00
smoke/units/synth5__r00.npz,8028,6c48c7f9bbbbf1fb02b60ac36295c93a24de677971e7cada45c54f9cca4d1827,2026-07-25T17:24:56.961816+00:00
smoke/units/synth5__r00.phase.jsonl,1170,e08e0621ccf2f5d3f701d72b0f323c906b735dd0bd189d3c558abf11e2f62ee7,2026-07-25T17:24:57.985197+00:00
smoke/units/synth5__r01.json,18749,3d3dd430b2de3b2bed279ef95efade8c275e7fd8dd1c9ff971eecc629c84b96d,2026-07-25T17:24:58.251281+00:00
smoke/units/synth5__r01.npz,8095,0e0c380ad4bed8e2db95c4b01e56ba103e3101366a9abc6f5238a9fab0371bc8,2026-07-25T17:24:58.736511+00:00
smoke/units/synth5__r01.phase.jsonl,1170,8c6391713d6585f0c7fe6cc310e670cd84f24b64560f94f483a2cf772a3b1e62,2026-07-25T17:24:59.466256+00:00
state/aggregate.pid,8,acb508a457e531ce83b1f55ce6aab29a35242135bc650909eda2719e421c572a,2026-07-25T17:18:47+00:00
state/final_status.json,4867,d54e7820ab79552b443ac4163876e87856c3fff62885aa1f80c947b9a509457b,2026-07-24T15:12:56+00:00
state/heartbeat.json,427,fa1b8cd7e89f6978a2aacea5f2738759cee1cd91614d0198ea77c20ece8ce784,2026-07-24T15:12:56+00:00
state/notifications.jsonl,823,0d8668824588c4604f95ae1b935ea42d8c23e0ecd49d521c26aeb3910a86df32,2026-07-24T15:12:56+00:00
state/progress.jsonl,43307,98dfd3ba7a5678378f93fa21ba73d3eb328dc16403d222966b04189effd839e2,2026-07-24T15:12:56+00:00
state/units_log.jsonl,52669,f5f24dad25f747ce07b813942d79f1b4dd5e48dc5258ba4b14be1fbf5ea25515,2026-07-24T15:12:56+00:00
STATUS.md,1757,0f3bd5aa4206b41aa58ad922e2d49135cd89e4c59755e0bfc52caf9229a3c936,2026-07-25T17:29:08.728623+00:00
sync_bundle_20260725.tar.gz,15460684,221ff6532abea748b9a777b717418a024303fd4accebd5145d5f910f759f7822,2026-07-25T17:24:47.755025+00:00
units/abalone__r00.json,19308,62e169f9a890a4211b779b194121f87090c55f2a01f2b87023b71beb695ffeda,2026-07-24T14:14:47+00:00
units/abalone__r00.npz,8047,8dfa97333fd54e55c04573bd738158494fe4a89ac23fd212e3e4744a7e106693,2026-07-24T14:14:47+00:00
units/abalone__r00.phase.jsonl,1170,e66b4df5ac1332d94f0472d8611eae5451ea7019281781f42271e98dc3242e2b,2026-07-24T14:14:47+00:00
units/abalone__r01.json,19248,96827dcf2ebe484454e2f18722a018244e432e949bd83775339c1e1979badf39,2026-07-24T14:14:52+00:00
units/abalone__r01.npz,8396,3590b606c1e14267f9e3163a0a73837860fd04af247ab0af65cd834c7fc150cc,2026-07-24T14:14:52+00:00
units/abalone__r01.phase.jsonl,1170,1c153a700e5e3c64c54743ed2fbc8f0ee5ff3d88908bab19c595411f42d6d6e1,2026-07-24T14:14:52+00:00
units/abalone__r02.json,19252,ee84a8e0a0a8124ff90e9efb502d299515c233835b8c5da2928a755936e327df,2026-07-24T14:14:57+00:00
units/abalone__r02.npz,8361,e57eda9ce32be5c7460218d97da3f39fe54c5ba37b7118916bb9afd5d73ee67a,2026-07-24T14:14:57+00:00
units/abalone__r02.phase.jsonl,1170,3f7697a58859d5edd7dd9ae0536eadb408a037df30db5a0f503b9f659ba3dda4,2026-07-24T14:14:57+00:00
units/abalone__r03.json,19185,ccfa0ea2de3440e63acab588e7b5946691b1db2c1c02fafd4fa6709d57721065,2026-07-24T14:15:02+00:00
units/abalone__r03.npz,7844,b5704230dee782902b26b09c53676056bbc8ac1698b8ba99e9907c5c0cf27686,2026-07-24T14:15:02+00:00
units/abalone__r03.phase.jsonl,1170,8893bae23dc442e9cb836d3801124f1e5ad4acd9135d82dd2adb47e4019924aa,2026-07-24T14:15:02+00:00
units/abalone__r04.json,19268,5dc96742403228ae64a8c0433ca91c1ed143320fb6f23fe967e12f2281686f50,2026-07-24T14:15:07+00:00
units/abalone__r04.npz,8334,a2190e5e5a5b1a1e1307dbe45b253b8dfa015930345cff960e146d528684c1dd,2026-07-24T14:15:07+00:00
units/abalone__r04.phase.jsonl,1170,e76a0f3769c10bc41d94164d5f9b6f833d32da1c8732db893fbd246d45ce319a,2026-07-24T14:15:07+00:00
units/abalone__r05.json,19263,c84cdffa6a4aa00528bbb949d48442f4eb1a55dbdfad0f1a121e7c2382f15156,2026-07-24T14:15:12+00:00
units/abalone__r05.npz,8363,84cff4c8be9f92f57e67cf050b4fcc73d1549fe0724e13c6609f53f0c4753998,2026-07-24T14:15:12+00:00
units/abalone__r05.phase.jsonl,1170,921bd543a0812f2544ed5cc2ac8ece8263f1fcd78a7f2d82d745919375c8cb50,2026-07-24T14:15:12+00:00
units/abalone__r06.json,19265,9b6f306cd70aac689fcb687dc1021f14b159d2ddebd1146bba340bef5c120e6e,2026-07-24T14:15:16+00:00
units/abalone__r06.npz,7238,966713811ddce9c1e34729622b6241e89a101562b772b7385490a8e1b10ca018,2026-07-24T14:15:16+00:00
units/abalone__r06.phase.jsonl,1170,77a0095b13cc105cef7552bdfbfd681ec58de8503af776839b1288a19ba4a5af,2026-07-24T14:15:16+00:00
units/abalone__r07.json,19271,e200c0f7c02fdebf9e29daa23134b2936098d929100fa06cd6906384f39f4574,2026-07-24T14:15:21+00:00
units/abalone__r07.npz,7603,a9f9547726eb660a411f5ce5bcfd6ca834be31aa204b9bc20a00698528e09982,2026-07-24T14:15:21+00:00
units/abalone__r07.phase.jsonl,1170,48159e74728012672e6dbd742ff1456f01023f73e2ec7909b928fb780dd738f0,2026-07-24T14:15:21+00:00
units/abalone__r08.json,19188,cb896b649469fbcc58e47aaeb5a61e60342f3f30baf79dd3968887e5481d9bec,2026-07-24T14:15:27+00:00
units/abalone__r08.npz,7985,04aa02437ffef1065436dc38d939dc7da643a9f4ba94f28958f5f99b4f4b1c58,2026-07-24T14:15:27+00:00
units/abalone__r08.phase.jsonl,1170,9c2e310dee7eaf590d56e655909f7c0fd09efd7a4834873ed0c474921780eb2b,2026-07-24T14:15:27+00:00
units/abalone__r09.json,19245,783e1c64752d2aa8bce5340f511a7fc51b0d3d76b4e3353db769488af996b1eb,2026-07-24T14:15:32+00:00
units/abalone__r09.npz,8678,0324c12c82a62cdf849d6e443671e6b0ad6102ad8e4ce5ef2da1e409f92c61d3,2026-07-24T14:15:32+00:00
units/abalone__r09.phase.jsonl,1170,5d597076df4b6445055b738936587222e53db4f403d3c01b9fdf16df55784f07,2026-07-24T14:15:32+00:00
units/abalone__r10.json,19223,4052ce75df138fcf7f6463d62a1808d66537ecb819fca5073172ccdf091a7a4b,2026-07-24T14:15:37+00:00
units/abalone__r10.npz,8430,0c9c3adacf79d3d6a85a146530ec29fb813c6487ea9eaef9358ffe05f624f7a4,2026-07-24T14:15:37+00:00
units/abalone__r10.phase.jsonl,1170,afd74baa86a52c0b1c1a090a485da442813b97a6f642da12edf6669d9b723831,2026-07-24T14:15:37+00:00
units/abalone__r11.json,19362,2300b69973e6170df40196f20ede2703c2b87e239e5568d9dda87ffa0afa0fd0,2026-07-24T14:15:42+00:00
units/abalone__r11.npz,7716,8c2a3f708f29bd2e18cd6a239a886fe46e8a343f2aaf102b1164f1030129e6c1,2026-07-24T14:15:42+00:00
units/abalone__r11.phase.jsonl,1170,cd6f85d1ecaca6a42cf29c886b656b2f64ace776cc48cf4856dcdc508156869f,2026-07-24T14:15:42+00:00
units/bc__r00.json,18932,883c5a0341f9085122343ee95f75f0e558e330df80f0fbb5a8a6be24a847f3f8,2026-07-24T14:06:06+00:00
units/bc__r00.npz,1800,486ae29b093b50ea5da7d74e2657bdc2d2793b3ca290a7d5e633608eb352c416,2026-07-24T14:06:06+00:00
units/bc__r00.phase.jsonl,1170,d84f49de28310ed9a3671fbfd5ffad3d98639c5f5ddb0929b8dfc8218c80d540,2026-07-24T14:06:06+00:00
units/bc__r01.json,18948,a1557f3b4866d05afe9549e6c398213858d956265255d156ce05fdf980880f05,2026-07-24T14:06:09+00:00
units/bc__r01.npz,1856,3a23b7a88a281cafa0ca5ae7f9ecd4275930ecd8fff4c186af7fa3283d5d02d6,2026-07-24T14:06:09+00:00
units/bc__r01.phase.jsonl,1170,da8f6a5fb162c89245f19158eb6e5f832e10dd030a3fbebaf3f385d56a651f8e,2026-07-24T14:06:09+00:00
units/bc__r02.json,18845,37a844e1ed2f5e8d0d8672426733ad51d2f9a3709cbe4e1e277c447915eb7187,2026-07-24T14:06:13+00:00
units/bc__r02.npz,1737,36ba56be352cbb00f1a97955dd19a383d3dddcf5f9ec8643514e71f94040f648,2026-07-24T14:06:13+00:00
units/bc__r02.phase.jsonl,1170,754e2c5b3bf72e9f76564ebaf79515eb0f5adb700155838eff8b8f88e0bcbc82,2026-07-24T14:06:13+00:00
units/bc__r03.json,18831,29eb6da4723e500353239e0d314f19e58284522eb1c9a37d779082f4daa42a49,2026-07-24T14:06:16+00:00
units/bc__r03.npz,1707,c9f32db507d714c8a8882d2d1929a7904483243b915ba46c2806a6db5a7441b9,2026-07-24T14:06:16+00:00
units/bc__r03.phase.jsonl,1170,b034155b0c2f1b060ee539a7ed0a6007e3205ecf5b261add9a973238b3e5759e,2026-07-24T14:06:16+00:00
units/bc__r04.json,18945,17ac67a41ae4c206c5e5c8d9fb9be6b86b81ec5c6b3c2af8488534d55d2ea4b0,2026-07-24T14:06:21+00:00
units/bc__r04.npz,2346,e542b1865d1fb8b0c84bb29083f071deed45745f9d2098e8de0cc9eae6f8c3bc,2026-07-24T14:06:21+00:00
units/bc__r04.phase.jsonl,1170,2d15310bb4de14e820b2513e0be0f221bcb3410ddaf47200094d178cdeece886,2026-07-24T14:06:21+00:00
units/bc__r05.json,19045,1dbf8e5bf890fad7e0fc889bc4f1e8b94989e3492681599eb9a5652038e8a98a,2026-07-24T14:06:24+00:00
units/bc__r05.npz,1783,d80f506bf5c2f063ccc59e419ade3a623880278cc702b127a0c1fb7d446ce638,2026-07-24T14:06:24+00:00
units/bc__r05.phase.jsonl,1170,4e6fbbc635cc088ca2b7e17ada2a67d444df8a89e160fa3aefe65935dd96e3aa,2026-07-24T14:06:24+00:00
units/bc__r06.json,18913,dd1b0bca6a591dbd4d88b4f9da55233ba1f14cf409cb8a722596d4cf52793d09,2026-07-24T14:06:28+00:00
units/bc__r06.npz,1875,9fba4122e32b3501027820e1013de60c50eecb5a3e25c3bcb6830cad35f07f1d,2026-07-24T14:06:28+00:00
units/bc__r06.phase.jsonl,1170,8fd152c0798a6a5cf69d3a1a2098c75e13a8737dc2eed3b7acf6a924991627ea,2026-07-24T14:06:28+00:00
units/bc__r07.json,19006,14212b659ffe0baea4bd45b7a376f79262ac9a612b43fa0faba2aa3df9ed56fc,2026-07-24T14:06:31+00:00
units/bc__r07.npz,1868,198333b3d43f39ac8b0ae8dff69bc30a459763ab4aed0f456696c7cd8ff87e83,2026-07-24T14:06:31+00:00
units/bc__r07.phase.jsonl,1170,fd1b9f8b98d59a94e189b74f7c0f01de1b06b36877cf8f28af52fdf855bb991d,2026-07-24T14:06:31+00:00
units/bc__r08.json,19011,eea1a44924b523a5cdc4bca6acbf6d2363ef37b5f5072ee27d3c802664a137d2,2026-07-24T14:06:35+00:00
units/bc__r08.npz,1973,3d350190c8b8ea835a9ec6feaf43f902d7f786428d3958ae456eacd5eedb8b47,2026-07-24T14:06:35+00:00
units/bc__r08.phase.jsonl,1170,60810f91ad276999a1844578233dd90dd790a889a6822d34b463fa471de5d7da,2026-07-24T14:06:35+00:00
units/bc__r09.json,18998,a289bdd784012e2d01d1d285953d621369de2bc62aa4818b55f3913675035c4f,2026-07-24T14:06:39+00:00
units/bc__r09.npz,1848,02786ff4f1ee58090b6964ae816f0fa1af55622e897b773fb711726f83fcd9f6,2026-07-24T14:06:39+00:00
units/bc__r09.phase.jsonl,1170,136af2d040ec2679dd82e6198dcbdfc5125a71af51f5db934df5e5db10237b04,2026-07-24T14:06:39+00:00
units/bc__r10.json,19067,1ef8f2f196d3798b8c313f8976ced9b6180dbe9aa4a765e38c031c209747ba90,2026-07-24T14:06:43+00:00
units/bc__r10.npz,1980,ad09127f6f004b2fedff57d3d516b3e0b9c6e7d9d0ea5371817296d83a53bbf3,2026-07-24T14:06:43+00:00
units/bc__r10.phase.jsonl,1170,4f87e4a92b9863416feb4f71c1a2943885e05f59b542800f3ebfb2207921457b,2026-07-24T14:06:43+00:00
units/bc__r11.json,18921,77aa4367c76af80dca79469455a0120bc0886220d28751463a88ec2c80f16cd4,2026-07-24T14:06:46+00:00
units/bc__r11.npz,1754,588baf278d0fca832b5f073c49b69cef45db0ab1dd089aeb92189df44bf34077,2026-07-24T14:06:46+00:00
units/bc__r11.phase.jsonl,1170,fe3abdd18c0b287878e5f27691be587cefd957a5dfa44a0fcc7da4a858c8335c,2026-07-24T14:06:46+00:00
units/car_eval_34__r00.json,19685,2c9ba023f4bf7b2d2eb3337f4baa364dfcbffc1fd6866ad89fa4994ae4522693,2026-07-24T14:15:46+00:00
units/car_eval_34__r00.npz,2893,5ce603f4e14775d6386c9f39a301f771478a78ba29c8ce15cedbbc5e82ce95a8,2026-07-24T14:15:46+00:00
units/car_eval_34__r00.phase.jsonl,1170,6ff02ab9916cd73d98bf50e4539c2f53553f249ca35771f03311606b3cdb08bc,2026-07-24T14:15:46+00:00
units/car_eval_34__r01.json,19744,744fffff45878364e819927e5c690f6c9dd524b8aca518ca2422ac0ae098beac,2026-07-24T14:15:49+00:00
units/car_eval_34__r01.npz,2601,0c2f024e5990e7669d0e384bf9215be18775d9908ccc03b93ccc426b22013a88,2026-07-24T14:15:49+00:00
units/car_eval_34__r01.phase.jsonl,1170,5edb3edda5b7199500ea750cc7f5822cc8437a3e8931a2b999d6bf98c06e5aec,2026-07-24T14:15:49+00:00
units/car_eval_34__r02.json,19580,57492c427587cb552e5488f0a5e16a922ed3618f683a62dfe3ccc4843218df45,2026-07-24T14:15:52+00:00
units/car_eval_34__r02.npz,2202,b5c049453d29f701ac2ad308782cbac8c7979facaeae1eed9de34c75b8bb32c5,2026-07-24T14:15:52+00:00
units/car_eval_34__r02.phase.jsonl,1170,1331f5cebd49f1c44ebb556406955283fd528019bdba076d80c6f49f24af98b7,2026-07-24T14:15:52+00:00
units/car_eval_34__r03.json,19841,68557f842d95520cda3a5fbe3e57c831f0f62e216a0780416b41327242512546,2026-07-24T14:15:56+00:00
units/car_eval_34__r03.npz,2938,3968ba4b38e74f7173729d2770d6c945414d5e21ca77c7798233375640b805d6,2026-07-24T14:15:56+00:00
units/car_eval_34__r03.phase.jsonl,1170,f88bd2818318e0d13c21358d11b872979f19dab7648bac859b08eb04b07e340a,2026-07-24T14:15:56+00:00
units/car_eval_34__r04.json,19758,42467281386d4fe267096056ac9783a715df6c8e786c7c437a959f7539ea599c,2026-07-24T14:16:00+00:00
units/car_eval_34__r04.npz,2661,4436e3670da85bab6ee497bc55cd3545fbe6c7db6bc3c37833dc83fbfd5f7aed,2026-07-24T14:16:00+00:00
units/car_eval_34__r04.phase.jsonl,1170,bdc9e2eeb6f4ad91451d4bf5776ac5b8dcffda300d398b9974438c41c99a5c2a,2026-07-24T14:16:00+00:00
units/car_eval_34__r05.json,19655,e840664f2b2c5fe9b06f0614f5e89edbd3bddd68421c05fb09909aaeb71435c7,2026-07-24T14:16:03+00:00
units/car_eval_34__r05.npz,2507,6f08d57dac120257d205152099d18368e8863fe032ee0e28e5cd113b4e38a964,2026-07-24T14:16:03+00:00
units/car_eval_34__r05.phase.jsonl,1170,72ddf535399488ab020190c91d2a176ac899d32700f4fc5eefad2803c2c6c153,2026-07-24T14:16:03+00:00
units/car_eval_34__r06.json,19733,b5cb2aa45876f7f7e799903b6fc327fa432b644e1ce5c3808319241b3ed9934e,2026-07-24T14:16:07+00:00
units/car_eval_34__r06.npz,3224,7510d30c6eeeff5e6a97b43642ea50bbdf8434cd1d32af312610f4dd97c50dc5,2026-07-24T14:16:07+00:00
units/car_eval_34__r06.phase.jsonl,1170,446bff013ba517dd6dab97f2ac77d22d8d589330b546ebf5e298251d1af1c04d,2026-07-24T14:16:07+00:00
units/car_eval_34__r07.json,19811,421cc9a533827f92fb12d381ad0f99ec457374c8970ccef605e3c3a62ee891a8,2026-07-24T14:16:11+00:00
units/car_eval_34__r07.npz,2834,01eaa6a081746a101521fc69e6728d7b02fd907b4cae11f71abd5e12d5913c23,2026-07-24T14:16:11+00:00
units/car_eval_34__r07.phase.jsonl,1170,045265d76ea1c24d0a5fd94616466348e49012af4ad7cfe3aae49cd60b849def,2026-07-24T14:16:11+00:00
units/car_eval_34__r08.json,19643,8ecc96777217d7b2a85686bd62a3ce859ffe3dc1fff69e0be9b922c5c3107929,2026-07-24T14:16:14+00:00
units/car_eval_34__r08.npz,2420,5a80ed84ee05deface83e4b86a98e22a789d245b44064df74c0d03c7e29c7772,2026-07-24T14:16:14+00:00
units/car_eval_34__r08.phase.jsonl,1170,11babfb590979b36d645cbd4b3a101c13072ba7e0bf02d0c8141431b1d4a8a55,2026-07-24T14:16:14+00:00
units/car_eval_34__r09.json,19744,517cecda97878a7861ed232d7b431a4157726784ae21b031e3bba9911276df0b,2026-07-24T14:16:18+00:00
units/car_eval_34__r09.npz,2753,e1fdcb5c708f98d799e67d8fedb695d533a6caf6bd05744c53c1f6512267e4ce,2026-07-24T14:16:18+00:00
units/car_eval_34__r09.phase.jsonl,1170,a8f75edfd8fb9e43d08a714a02654109e86cda441ce5bd22e770148499f21bf7,2026-07-24T14:16:18+00:00
units/car_eval_34__r10.json,19844,1dc8002b8afe5f1b34485f373d3a2ea04402e16f458b33c7c5554ef525c17a2b,2026-07-24T14:16:21+00:00
units/car_eval_34__r10.npz,2513,6515f9eb07ff56608a976701f30e3ab27580292c023fac1d0fa257b324ab9ef8,2026-07-24T14:16:21+00:00
units/car_eval_34__r10.phase.jsonl,1170,92de9fc00df4f55ff1d7a846ae2bf54530120a288d3fe03deda92a080ed0bcd5,2026-07-24T14:16:21+00:00
units/car_eval_34__r11.json,19835,9ab1b2a31ee7ffb25d7da00c9aa234e1944c21e954ca7c29381230e5494cabbb,2026-07-24T14:16:25+00:00
units/car_eval_34__r11.npz,2865,deb79051b8a9fe54d4a53ad4f827a4b4bc11c0b952daaaed583d209b86017be2,2026-07-24T14:16:25+00:00
units/car_eval_34__r11.phase.jsonl,1170,30d68a9d67e0ea31f489143195752c8c4458bc227f6945769d413138a32d12b1,2026-07-24T14:16:25+00:00
units/car_eval_4__r00.json,19599,6053baf72f299c580926f243417cc00e119038f9269e65875f536006b3da1b5f,2026-07-24T14:16:28+00:00
units/car_eval_4__r00.npz,2090,404689137ab8d237cc4a56c689ed92c9c69d598ad300e7a66801a4190229a4a4,2026-07-24T14:16:28+00:00
units/car_eval_4__r00.phase.jsonl,1170,22e2b3d260857db721101c90dccd17d793d8612c6ab5724b45a7147da782f122,2026-07-24T14:16:28+00:00
units/car_eval_4__r01.json,19599,71829f3128d69f1147c48ab6a58a7f3bdf145ba3274fbb0f1ab8fe68f5fd5781,2026-07-24T14:16:31+00:00
units/car_eval_4__r01.npz,2025,3ef7e92485e03c00ff28b41ec4d8a20f40aebc488023d69fc3892b927060081c,2026-07-24T14:16:31+00:00
units/car_eval_4__r01.phase.jsonl,1170,51f49b43843f0559545e48a3ab6516b744b452f9a0403095fe3b6e27f5d04587,2026-07-24T14:16:31+00:00
units/car_eval_4__r02.json,19429,b44a828e4dcfbedf36fc8a5967ad21fea6e88499eb33c5836b8716c3b35ccb23,2026-07-24T14:16:34+00:00
units/car_eval_4__r02.npz,1927,4cc0d13636257b5b49cc6f5dee339ee80dc90f1987f3a1a18b97f3337ed85759,2026-07-24T14:16:34+00:00
units/car_eval_4__r02.phase.jsonl,1170,09bb8a5a6a149fa4a6dd0ae7bb326a2c81be7ec455904f0318a75331e8662bd5,2026-07-24T14:16:34+00:00
units/car_eval_4__r03.json,19417,08f2bd3d6016b4cbc038691e3c7af031e5afe41b94bc16067b11a0a9f8e5b708,2026-07-24T14:16:37+00:00
units/car_eval_4__r03.npz,1903,c3bcbf6be31276a9e92ba55c7815a49b307584ed69a748213fb4698a807415df,2026-07-24T14:16:37+00:00
units/car_eval_4__r03.phase.jsonl,1170,b4bdb1af7ab0b66120af116ceb14f83000590ea2940d206753fc4e59547b2992,2026-07-24T14:16:37+00:00
units/car_eval_4__r04.json,19399,5d8d8e1a3ad0eca083ed5b452e3846e1ece292a275a9a4181731bd14edbe57c4,2026-07-24T14:16:40+00:00
units/car_eval_4__r04.npz,1802,fe5da720aee6e263bff1baca4163c383a4315db8c08174963ef476898668bf68,2026-07-24T14:16:40+00:00
units/car_eval_4__r04.phase.jsonl,1170,e2bfea1f426244693233ee8f1b8979c24fa94d75caedb23931204c742ed7abaa,2026-07-24T14:16:40+00:00
units/car_eval_4__r05.json,19542,a721d2900262849cb20c0f6efebc98e7814082788a30c1b4481d382a76485335,2026-07-24T14:16:43+00:00
units/car_eval_4__r05.npz,1998,75e65da841ab0da6acbe940394e52ca4e78de5159774028246710c19b7b13ebc,2026-07-24T14:16:43+00:00
units/car_eval_4__r05.phase.jsonl,1170,2fde65e89e145e6d97c2bca8640d2192d97fa4b4ee2c2a23574358aa815c1bc7,2026-07-24T14:16:43+00:00
units/car_eval_4__r06.json,19659,f5fc05134d40febd71622a7f7d69b1173ce2d053650d856c1ae9a925f5e5c190,2026-07-24T14:16:47+00:00
units/car_eval_4__r06.npz,2197,778a2cfa5e9a36f17eb1e7f274c51aa3b3a4d4a1de5c1cb927d977ee6fb91824,2026-07-24T14:16:47+00:00
units/car_eval_4__r06.phase.jsonl,1170,5521184672330adfef6e56688d7de1e9a1775ed53e8ad2abaaa037919f08e6ea,2026-07-24T14:16:47+00:00
units/car_eval_4__r07.json,19451,6ede3a1493042df1e316dfc156a2b1d24c503978255e1766bce8411661c5fa03,2026-07-24T14:16:50+00:00
units/car_eval_4__r07.npz,2012,c062b0e1a5769de87f807a945412bfc594d4d07d0ea452d53cf447850ac35aa7,2026-07-24T14:16:50+00:00
units/car_eval_4__r07.phase.jsonl,1170,cdee158bac779003c5d1aa004e6ede04b8d9aad3d2777c7110b25d36c3340b84,2026-07-24T14:16:50+00:00
units/car_eval_4__r08.json,19568,74c3da80bec35275d6fdd6239bbe34a046924fa3323c6c9330f9490af9b55db6,2026-07-24T14:16:53+00:00
units/car_eval_4__r08.npz,2034,5577ee78793f3d2283297c65efa31c5887d148d8a18c8500e94d41f6d7dfe800,2026-07-24T14:16:53+00:00
units/car_eval_4__r08.phase.jsonl,1170,e14f9fafd726454118d48dcc2e1207dd23ebcf1078d4e7e70829e0dfe864dd65,2026-07-24T14:16:53+00:00
units/car_eval_4__r09.json,19578,24669acb80f7f5ff0ff86ec217dc1012c06b4783392ee67a3cdb81191d501064,2026-07-24T14:16:56+00:00
units/car_eval_4__r09.npz,1906,38ac3b9259e742f44a51a860acebcf623a61688a90f8b3f9e35f644f90dddf29,2026-07-24T14:16:56+00:00
units/car_eval_4__r09.phase.jsonl,1170,cc80df6cac70558c1b976d2f75653b413662402571a3a39413940bb96d9ddc63,2026-07-24T14:16:56+00:00
units/car_eval_4__r10.json,19631,d7445a09d3c8a699c015f97c432c573d0e08992798eeb0504f3af670a5f49990,2026-07-24T14:16:59+00:00
units/car_eval_4__r10.npz,1796,c75ea19331208d1039991f942dc5bcac3d20f390b87cfc56e86a4ee57162d69e,2026-07-24T14:16:59+00:00
units/car_eval_4__r10.phase.jsonl,1170,7ae3c248504a91de2015bd1eb33682fbc4895afc2793fdad9864508b3765a2ce,2026-07-24T14:16:59+00:00
units/car_eval_4__r11.json,19611,bbf8b5ba94ce87bab38f03f5dae105465d26f02c0609d2e56d783876621ab615,2026-07-24T14:17:02+00:00
units/car_eval_4__r11.npz,1910,f6c309e010376236a441981667ea9f1d82f4eda78686b34b7b085410b0356f42,2026-07-24T14:17:02+00:00
units/car_eval_4__r11.phase.jsonl,1170,f1e02c43fd1740a8b69eebe0b323a74befc37ded058f5f93c97d1eabc46f5206,2026-07-24T14:17:02+00:00
units/cc10__r00.json,19122,a903ad5b969211f418cefbb702838cbf97f6640be18ed0f66fbfbade6a8379a9,2026-07-24T14:08:56+00:00
units/cc10__r00.npz,50519,6a5e90dba71851b74c3d6701a18b231f7df74f6d76bb789f45b3dad64c4e8c7c,2026-07-24T14:08:56+00:00
units/cc10__r00.phase.jsonl,1170,17a78a2bd458626dfea8ed0178c91b89ec5a21b80422666cdbca6b54b2025702,2026-07-24T14:08:56+00:00
units/cc10__r01.json,19202,9bf6bedd58ddc2fd068fd6ed963f4e64ffa417001f728e1986f9c02d8c7670dc,2026-07-24T14:09:05+00:00
units/cc10__r01.npz,53093,ffaa0d2969353f03201036a7ac6b9b16a8788c7636ee1e23f6b6d903f452e542,2026-07-24T14:09:05+00:00
units/cc10__r01.phase.jsonl,1170,c934c572f93c33ab9987d9f9429fae5319237c5b2d29c37eecddaa1b020eb49b,2026-07-24T14:09:05+00:00
units/cc10__r02.json,19194,fdb73af5e2111d5d2132e73841c65002adfedf6abe5f68ba01dbca1d76307b93,2026-07-24T14:09:13+00:00
units/cc10__r02.npz,53285,abefbd37e8ad09e772a19c2430ff66120888d53c4bf667a1f88f0fced37d0cab,2026-07-24T14:09:13+00:00
units/cc10__r02.phase.jsonl,1170,f30464dfa6cbe033b4bed2367d86b1a32a79fbe65d7e5a10757bfda9ed7a94e7,2026-07-24T14:09:13+00:00
units/cc10__r03.json,19178,bf7c47d14816028d479e117a81e5d9fbc61257cadbd7263deaf6690c0d2067cf,2026-07-24T14:09:22+00:00
units/cc10__r03.npz,55005,d9e689d63770af7a766497abe21bdd8595e29f9109006c5b9d254aad940a620d,2026-07-24T14:09:22+00:00
units/cc10__r03.phase.jsonl,1170,0deddab4ffe0ffdeeed9c8552be87d56527736efcb43c4382f6d15e2d160ba04,2026-07-24T14:09:22+00:00
units/cc10__r04.json,19142,7933e32044fd8d231340866def0fe664be6ec35b045941667c51a9ca2a9b635f,2026-07-24T14:09:30+00:00
units/cc10__r04.npz,46610,b4dcc2d7a9e5c9c40c928c93ee0025a2ca6ef9f5e08f8055b71de96b3abc505a,2026-07-24T14:09:30+00:00
units/cc10__r04.phase.jsonl,1170,88f67943d02f49c38d22c9fdaaf965d3c960776484454b90afbbb4f60600e9f3,2026-07-24T14:09:30+00:00
units/cc10__r05.json,19119,4851d44b0d928a42c51765328906d81ec2df478c266b1e61bf5a281acb929cd8,2026-07-24T14:09:38+00:00
units/cc10__r05.npz,47774,f57a4e12ec546fd85ef2c2aed8c75759742799222ca6a4557e5d4ec66c3ab000,2026-07-24T14:09:38+00:00
units/cc10__r05.phase.jsonl,1170,83b5259fba8a74599c3878cd38606d7f4619341fd0677306f3561c15b6d80213,2026-07-24T14:09:38+00:00
units/cc10__r06.json,19170,f8734fe88267f7536494f930932655c0ff76e00452b36676392f1cf6335269ba,2026-07-24T14:09:47+00:00
units/cc10__r06.npz,59089,9350cbc96bf38d9c4e9c0e6a1cf0a40b6378ce7d2e0f225742dcb022d3583437,2026-07-24T14:09:47+00:00
units/cc10__r06.phase.jsonl,1170,3985ee7299828191c83bc5f9f86fe86029a588fabf557d68111e3118a9d413fd,2026-07-24T14:09:47+00:00
units/cc10__r07.json,19182,d9a8c6486a58affa93747b2f95b64c069b9ae99a5bcf5a2633d0d4b62fc0d28d,2026-07-24T14:09:57+00:00
units/cc10__r07.npz,54488,4da65c68b098f2a4e3867bea30d0abb1887755d0a141cb7d920ffd9f926d1c36,2026-07-24T14:09:57+00:00
units/cc10__r07.phase.jsonl,1170,22fdb6fcca956b9f6dbf7b6b7924f56b8d2cc4f95be6336493160de8b5a98862,2026-07-24T14:09:57+00:00
units/cc10__r08.json,19297,3238356dc0220f89d74ec1dd08f42a1d572bb7f85d76498883b58feabb75209f,2026-07-24T14:10:06+00:00
units/cc10__r08.npz,55078,b261e4b9cdacb79a3b94e50923eb76c3ddf51db100e35dc0b25d097171e8dba3,2026-07-24T14:10:06+00:00
units/cc10__r08.phase.jsonl,1170,aa90d6144358d316232e01f0d9a922131c9e578a3228fd45efecec260939f2e1,2026-07-24T14:10:06+00:00
units/cc10__r09.json,19134,cc6c7e218a82372b1537ce5e6e572d60e6849e99c84f1a1fce3957dc85096c74,2026-07-24T14:10:14+00:00
units/cc10__r09.npz,52233,92d7a20da7c3b0a284c5a83cfb0d6c222073e0266f356b30586fc4fdddb56e7a,2026-07-24T14:10:14+00:00
units/cc10__r09.phase.jsonl,1170,646af0f2189d52d20c52521826439c73b66f2ba1d3d2d55e1af3ea4b1ab7649f,2026-07-24T14:10:14+00:00
units/cc10__r10.json,19202,9a8d5ca508eb41afb636d83be6cb4bdd24a7f19900c1f16e9e045813a2544c44,2026-07-24T14:10:23+00:00
units/cc10__r10.npz,51472,084548e64e606f2af426e2bb6d9597e10791af61506c42e1cfb338654dd0102f,2026-07-24T14:10:23+00:00
units/cc10__r10.phase.jsonl,1170,ba60b40cb9b2043c25e2d63fc2610016a797abc58728656fd1586a3d4b49b4a6,2026-07-24T14:10:23+00:00
units/cc10__r11.json,19239,b565dc88c144413cff704071839272056b1714d98ab1d2f353e7d5687069968e,2026-07-24T14:10:32+00:00
units/cc10__r11.npz,54425,2db397df81f2c049bb909848f95740322756664affed88dec65461b675428843,2026-07-24T14:10:32+00:00
units/cc10__r11.phase.jsonl,1170,6f57ab014dafe753adbc2ce03ed0b4e56745da20ae28f1a2a064a9798552d72b,2026-07-24T14:10:32+00:00
units/cc5__r00.json,19255,3e6572c6021caf2e401b6053848ba1fa79d8f77cdd5d4275f8ad941ef7e02d77,2026-07-24T14:10:44+00:00
units/cc5__r00.npz,80198,1848c19dbecaefeac6c98a5cb0f679242e19e69130b84d541e0e164a017984f8,2026-07-24T14:10:44+00:00
units/cc5__r00.phase.jsonl,1170,81b44eca3b8d6a7dc21dfe7ed624ae542e80544dae78d32dff2fe3ad6ddb1312,2026-07-24T14:10:44+00:00
units/cc5__r01.json,19398,bd10db6a9aca17ae3af0d3f09328e3bb73db4773e2acb115e5466335354dd74e,2026-07-24T14:10:53+00:00
units/cc5__r01.npz,60141,ca78f0802d9ab4be269f8ae90227df01f1a31db5f9fce86e716d61ef05b8b20c,2026-07-24T14:10:53+00:00
units/cc5__r01.phase.jsonl,1170,364cd2ef134fa3f30fe9997d6e6ff11c086b887782e214cb0a44beb3016a38f1,2026-07-24T14:10:53+00:00
units/cc5__r02.json,19411,35d9a37d77e983dce53d7b36b1452deb145e3057ae9674b74f6fbf95018d9eb9,2026-07-24T14:11:07+00:00
units/cc5__r02.npz,95654,bf4649daecc7dfbba1c669f96e6204fb0af44b62539289144e4fbbc35b05d36f,2026-07-24T14:11:07+00:00
units/cc5__r02.phase.jsonl,1170,3e6cb53badcc80508d5541f294b23e315b671923f65b64833c94fc979913d1cd,2026-07-24T14:11:07+00:00
units/cc5__r03.json,19442,4bac7d3538b8ba41f52a91a01f5dd06f4166be78c8e722cb1bf5183c27f1acd7,2026-07-24T14:11:19+00:00
units/cc5__r03.npz,71318,1374c533cc89276817a0c0cbfcf4bd2bb827044dbce25a6aefadab3333a522da,2026-07-24T14:11:19+00:00
units/cc5__r03.phase.jsonl,1170,1f4b2c9174551e22805749e0cc5a3bec2b1b1ff3b2345ef5b99211fa934236ca,2026-07-24T14:11:19+00:00
units/cc5__r04.json,19329,162697cc72cb8bd681c2a1484c90b04144a769d669cfbee136aeb5efe90b1b68,2026-07-24T14:11:29+00:00
units/cc5__r04.npz,61937,f020f1c6ae3d9f87ef0b3716c8285aed816eb85eefb1b85df1204dff3f496e6e,2026-07-24T14:11:29+00:00
units/cc5__r04.phase.jsonl,1170,5b779785cb460f1b1c276b030b3e08d9e4c5e5d62aef2c970d07e8c578865b92,2026-07-24T14:11:29+00:00
units/cc5__r05.json,19278,9124eef453c43857c804f641e252faafe22f520500ed67bfda6c512fa93b1ba5,2026-07-24T14:11:40+00:00
units/cc5__r05.npz,72308,02d7b2373f4c0b149ff7883f31e34e4284981be5b8afa921b9bd0f9263423131,2026-07-24T14:11:40+00:00
units/cc5__r05.phase.jsonl,1170,8ddd7d2d060f2880ea0598606272423ad92005c3fe7a4356cd98b5ef9616126d,2026-07-24T14:11:40+00:00
units/cc5__r06.json,19271,b1636d49a92c79998cc1cf87a445121710f7fcebe0db3faf013f10013a4a3afa,2026-07-24T14:11:51+00:00
units/cc5__r06.npz,57522,11b920b9b327e277f6db5e95e4f2044fbe02f90479422b6bb0c8cde9057d533d,2026-07-24T14:11:51+00:00
units/cc5__r06.phase.jsonl,1170,19382aeebf0d558a8dae6c438a61544574da170bfe81528c7dd69cda66aaabcc,2026-07-24T14:11:51+00:00
units/cc5__r07.json,19445,f717cb1356edb5826ac1f493f5aea5a28fd5263d36fb115822b18254cd51ab37,2026-07-24T14:12:03+00:00
units/cc5__r07.npz,71851,1ede8b7d6a0d7834f45bd5c321b7c7881539bac3910f305e62459ca863f264fd,2026-07-24T14:12:03+00:00
units/cc5__r07.phase.jsonl,1170,2518d67e9d502e964eab646e4a65333a820c74333aba763b057c371db02e8447,2026-07-24T14:12:03+00:00
units/cc5__r08.json,19428,1ebffa6d95aa0d41562d21cd815fd617b4287eba9285290a867fc58e1b5bb5da,2026-07-24T14:12:15+00:00
units/cc5__r08.npz,80350,f6fab34d29f0e722b35330f3202d33a3e5e46c19e8abe90008761c985b84b785,2026-07-24T14:12:15+00:00
units/cc5__r08.phase.jsonl,1170,b4653ab28618eb84b727ed8d630a68247bd2a06d3ade49cc9fffd132d2523725,2026-07-24T14:12:15+00:00
units/cc5__r09.json,19354,c4b8f3cfcb5d52090a6e7c78a1b5339bc3f359095abb0ce1912a1951d397d009,2026-07-24T14:12:26+00:00
units/cc5__r09.npz,71490,70cbfa1ba339c9730d178c4e5aa0b2122a0826ef5f5d477945e7ff08c99349bd,2026-07-24T14:12:26+00:00
units/cc5__r09.phase.jsonl,1170,c20f05fc45e7bf8d1b8cc41881c05ef037f56711679a5d9ad63d0737c35927cb,2026-07-24T14:12:26+00:00
units/cc5__r10.json,19411,de5374fe551672189a6704c679a9d8333e5417ce878ddde27161a6aaa6b54701,2026-07-24T14:12:37+00:00
units/cc5__r10.npz,74835,3e152aa4e86028098a56da5cf50884ca9eb479b16d9d638d443c3dd8a1d71c12,2026-07-24T14:12:37+00:00
units/cc5__r10.phase.jsonl,1170,b14eea8afeb39abf54084ed255bb37516ec49306667ceb6643a88cacd0634e15,2026-07-24T14:12:37+00:00
units/cc5__r11.json,19426,835eae64016a3425705a09f71de94999d3a793a71adf6c1aa1e1323fd55676f5,2026-07-24T14:12:48+00:00
units/cc5__r11.npz,68178,1b710e9034bdb54b7dae177d44c588223fe73827527e216f6649baa8de3b6c0b,2026-07-24T14:12:48+00:00
units/cc5__r11.phase.jsonl,1170,4093aabd75aaac90a696807432c7ca71d43054a03aede2d11b62298093db571c,2026-07-24T14:12:48+00:00
units/coil_2000__r00.json,19489,b84902c3268a0a7de2e8a8d915579d8acc6b5b3adc0e719475b81404d85ba0e8,2026-07-24T14:17:11+00:00
units/coil_2000__r00.npz,20812,234dcc411a2086cb8f849dce1040d59912219a8e6282002bb20d3831d4a23ca4,2026-07-24T14:17:11+00:00
units/coil_2000__r00.phase.jsonl,1170,4b8c3d765b1364b010abedb02e38fad3445aaef9d4f4174c719c02557bd89553,2026-07-24T14:17:11+00:00
units/coil_2000__r01.json,19600,4accbbd23e33d22af8ab105d9a285f25ee7622b60dde9914edafa1cd980c89ca,2026-07-24T14:17:19+00:00
units/coil_2000__r01.npz,20047,b9e6c353950984b84e7b556c874373189a00237030f4dc0a06ac0552ea09b9ac,2026-07-24T14:17:19+00:00
units/coil_2000__r01.phase.jsonl,1170,8fdb23a035d503b1193bc48de975f6b2d3fd6df097d7ba3c37b79c4dd1a5d3be,2026-07-24T14:17:19+00:00
units/coil_2000__r02.json,19497,c7345e3a101170795b4b73f9c57ca6c499e8ebcfd7dccaedefa7cf1977a8601f,2026-07-24T14:17:28+00:00
units/coil_2000__r02.npz,20752,c619d1416813e2fa75b903d56d1a1607b1eea6932ca2b5d036b9345f3b7ea063,2026-07-24T14:17:28+00:00
units/coil_2000__r02.phase.jsonl,1170,5df83248e9c730de9e3aa09f315354e1a9cc3b48c0e587cfa741bd946c8d8915,2026-07-24T14:17:28+00:00
units/coil_2000__r03.json,19586,7a381cbc0ff406991d7c8b457c65fd973bcdc3bd0343d12e94fffe62a086d789,2026-07-24T14:17:36+00:00
units/coil_2000__r03.npz,21264,fa2c829aa61881fbb8f5f467cd10baae449b9a20ecf1246c37987bc8991616e6,2026-07-24T14:17:36+00:00
units/coil_2000__r03.phase.jsonl,1170,834147c7118b3012a43d8567df7b21baea9cd10f66bfb21686d3f5effeb0f874,2026-07-24T14:17:36+00:00
units/coil_2000__r04.json,19526,77af083f06eb2174ff95be8645163e05b9809b7358eaeda6cb6cee9299f979ff,2026-07-24T14:17:45+00:00
units/coil_2000__r04.npz,21682,a5e09eb4b49dfb3c94008f731ae94171793f11dec11fbc9d831e9723602dc6b7,2026-07-24T14:17:45+00:00
units/coil_2000__r04.phase.jsonl,1170,bc7ba6eaa710ff4847fefb57e3d17a593ab1d0bd5ebc323d048ab92c8bf6a83e,2026-07-24T14:17:45+00:00
units/coil_2000__r05.json,19579,c06abc60516755b2da1f6744c0522fa2393500ec13e4af701b256da75c89ef98,2026-07-24T14:17:54+00:00
units/coil_2000__r05.npz,21084,2a58aec4ccca4cce62f33e2d2add3db8255e89a964c158047cdab2d330bfd798,2026-07-24T14:17:54+00:00
units/coil_2000__r05.phase.jsonl,1170,13f440433f88f337cf4b723f0b8b33ddf4407a5d4c507edafc23531aeeafe688,2026-07-24T14:17:54+00:00
units/coil_2000__r06.json,19402,348898faca757fb0e5774ebd766c88a5e013839f6b2551433da94765883e183b,2026-07-24T14:18:03+00:00
units/coil_2000__r06.npz,21909,7045740a41c1aa5fb80cc250c552c611221e2905f5c164094ae601071a806af0,2026-07-24T14:18:03+00:00
units/coil_2000__r06.phase.jsonl,1170,d7dba7ec9dfe0896194ca5a32d198bbfea246896d52e514cd0a9c4d65c2ad4ee,2026-07-24T14:18:03+00:00
units/coil_2000__r07.json,19592,7137fab1b6a5643ae74f59dcd9d9b1e663326adef2996c7abfc09382f2b86f04,2026-07-24T14:18:12+00:00
units/coil_2000__r07.npz,21088,84fb702ec9725a61e2830e628d59e1964f5c80ce32dc1c45c62015228bf85181,2026-07-24T14:18:12+00:00
units/coil_2000__r07.phase.jsonl,1170,9d6b27c98269ef62e872b6532a614da6d9cf25e8b14b79230468546f8898a798,2026-07-24T14:18:12+00:00
units/coil_2000__r08.json,19472,c740ff86633e36076f490da8f1886ceefa6ed97135db05afebd8c793d71da43d,2026-07-24T14:18:20+00:00
units/coil_2000__r08.npz,20268,15b20feb4bad7e2a4782e7f619fea90ba044cb45132e9407cb76fc070bd292a0,2026-07-24T14:18:20+00:00
units/coil_2000__r08.phase.jsonl,1170,f8dd753e1accdf3139552f6e6e536418e1b9c61cd654a876103a410d5493c9a3,2026-07-24T14:18:20+00:00
units/coil_2000__r09.json,19706,82d6fdcdbd9d5c8c7d89d62a681208b8112618d7e0668e94f9ad6b595529acd6,2026-07-24T14:18:30+00:00
units/coil_2000__r09.npz,21642,3a9d9f88dd91319ca0b92741f862eac6840c388b07ac36f7bfc213722feeb0d3,2026-07-24T14:18:30+00:00
units/coil_2000__r09.phase.jsonl,1170,4650df5bfe5fae3592aafb1342305ed04937f2a3743d44528031ddaa1764729a,2026-07-24T14:18:30+00:00
units/coil_2000__r10.json,19576,c140f35b06b53754898063030dd84948ef9fc17dff566e1ea19794f09e431a03,2026-07-24T14:18:39+00:00
units/coil_2000__r10.npz,21911,4514b14ef6b29c54899bc36c69c5fe0c5751f8a97a657f557e2c88023cf38d27,2026-07-24T14:18:39+00:00
units/coil_2000__r10.phase.jsonl,1170,4c71dc90c987f1562292cfc9d4230a078bed00c62dd1b9a83621cbc44f641532,2026-07-24T14:18:39+00:00
units/coil_2000__r11.json,19504,f1b8cd38dea59cf22ef906fb92402cabd937910504a16389f866c05eeab07c6c,2026-07-24T14:18:48+00:00
units/coil_2000__r11.npz,22831,0630152fb1cbff75eab794902ea62b6341915fbe1250b7b4f84b67e1fd9c3fa1,2026-07-24T14:18:48+00:00
units/coil_2000__r11.phase.jsonl,1170,96d208c9dbb5a6021a9ea82b10851c4fc89b61c2da3385c3ccb87417f628a7ca,2026-07-24T14:18:48+00:00
units/iot__r00.json,19141,acf2d6a6e7db891d620a90f8a1883364fa8f9bdae106d696ba3246e7cacb2dd7,2026-07-24T14:12:59+00:00
units/iot__r00.npz,38369,79349a1157106ea7854973c01f0e7d3b057a0c2ff606e3763d9d3db95acd05ae,2026-07-24T14:12:59+00:00
units/iot__r00.phase.jsonl,1170,0943585b193583de8db785337d16447b85af7cacb4176042c20683ec04b4ffb7,2026-07-24T14:12:59+00:00
units/iot__r01.json,19169,0778f91b7b5af7d46077fe13c2ff2cd74ca6ae595dee4ebcf5e0f4dcb2e290f4,2026-07-24T14:13:07+00:00
units/iot__r01.npz,39117,5591f7526453ba44f0d50aacfdf553f44aaa13fb11df076d11e71b209d3de97c,2026-07-24T14:13:07+00:00
units/iot__r01.phase.jsonl,1170,bdd4d43d0545a43d380ac43a3ee19162b24d9b56f5f9be8333b1b559ab3d5f23,2026-07-24T14:13:07+00:00
units/iot__r02.json,19029,3c2114ddbc79cb65be9f7a71b8ebc1754d3a2be8750c3e6da844b029fdc7d2c4,2026-07-24T14:13:17+00:00
units/iot__r02.npz,38321,d6dfd1d6cdf10ced86893d4ca41725209dbcac0a9bfcee4a5edc32d2be6dcd37,2026-07-24T14:13:17+00:00
units/iot__r02.phase.jsonl,1170,06bd58e914db52e1676c9a52730f3571013d499376e1af9c1fdb283681885d9c,2026-07-24T14:13:17+00:00
units/iot__r03.json,19181,32963805f8d42355f9ac44fd8464e6bd3d5c78fa60ff33553feaf249393fc282,2026-07-24T14:13:27+00:00
units/iot__r03.npz,37927,94b1c06d169a0837e58542f69eca8ab341c7378b3b175ff003a75806306c83b1,2026-07-24T14:13:27+00:00
units/iot__r03.phase.jsonl,1170,83f1c518a0191e8b05d2e6888de6e3f00bdbffdb9e863b737c43da5de3162544,2026-07-24T14:13:27+00:00
units/iot__r04.json,19122,e7dc75b427d8ae4663cf420319e1f335c905e6c5cd4bb179241f2f0a59ff69e6,2026-07-24T14:13:36+00:00
units/iot__r04.npz,35424,d4cadebb44c42ab7ece2a1708877755c5a292b35c38fa0b04151262cee045b44,2026-07-24T14:13:36+00:00
units/iot__r04.phase.jsonl,1170,7aaffd4742967ace62373bb888ea0bf80e93beaf8da7a73e75b012b4804b7d0c,2026-07-24T14:13:36+00:00
units/iot__r05.json,19193,45b8855311e744217e4f21ec20fd936dab4a498949b2b144f7f248ba5662780b,2026-07-24T14:13:45+00:00
units/iot__r05.npz,38463,4f65f45c0c23542069da60d8b0c5de84ec9e14eb4d1ec75068fdaa23faf95a09,2026-07-24T14:13:45+00:00
units/iot__r05.phase.jsonl,1170,e90ceb5c3146aa0f47686193de9b12c1fcd42880cb1a0dbc421ab4892573e42d,2026-07-24T14:13:45+00:00
units/iot__r06.json,19137,98a6514bf4801ba713c775eb46676800a8b1becaf1c6e0a4c505390ed378fafe,2026-07-24T14:13:55+00:00
units/iot__r06.npz,38414,caca504b69cd03e664f95532c12589f2a953f2c86155ded99e219650a603159f,2026-07-24T14:13:55+00:00
units/iot__r06.phase.jsonl,1170,d9159df0ad10b800b28c862e319f6939dfed435a46d00d1e38af61d3a5e2d8ad,2026-07-24T14:13:55+00:00
units/iot__r07.json,19065,1b77955eb19ac1830579a57335837cefbe370f1c5d01f3b38b6ce379bb946a56,2026-07-24T14:14:04+00:00
units/iot__r07.npz,38776,9ecf2ad5b3142155e17a611c7200f8a454b913b50117f519cabc9e63c8fcc284,2026-07-24T14:14:04+00:00
units/iot__r07.phase.jsonl,1170,405ad0167f53e48623b64d6c4dfb55fc3e04bac906379ed48c2d45c9db758e79,2026-07-24T14:14:04+00:00
units/iot__r08.json,19033,6d6be6d23091d93ecf6f27be7d9aefdc7aae709dc03b9dd1ca6985c580d382c3,2026-07-24T14:14:13+00:00
units/iot__r08.npz,35679,d88f34b364dcd4ef73cba2321e7a97d14d6c52ff44b04875065c54e5cd9ab149,2026-07-24T14:14:13+00:00
units/iot__r08.phase.jsonl,1170,b7e3fc4c1dfbb007fed11bbc6c8c318aac9ccd9fab25affdb8831c1f8751ec8f,2026-07-24T14:14:13+00:00
units/iot__r09.json,19062,f8e21d621031e50ee820432df9693d57e6b691e275650c1a07e18968084cf4f5,2026-07-24T14:14:23+00:00
units/iot__r09.npz,39499,3886f84f97ff089141c5509feb18b477e21637a56d616e6b1c270661c75ea3d5,2026-07-24T14:14:23+00:00
units/iot__r09.phase.jsonl,1170,bb54b2f77e42c9cad16dbbadd47d7b1fb2b651556dc8b204697a7cc17bb0140a,2026-07-24T14:14:23+00:00
units/iot__r10.json,19209,c439777eac3b476e86fa657542d485fc4a6cfab168a0957d279de113f232d73b,2026-07-24T14:14:32+00:00
units/iot__r10.npz,37751,cd100ba0c9fcac014403ea6519fb40a35906ae99716d6e56203c4517e9d7f762,2026-07-24T14:14:32+00:00
units/iot__r10.phase.jsonl,1170,acc7abb864de51a0301d7901b84e9520ec5b5510afff9736450067fa4b57ab6c,2026-07-24T14:14:32+00:00
units/iot__r11.json,19235,d16774f2bf4e1a6b4f27562fbbf0ff0101eebdcff265a0f03b386a2bd985b66a,2026-07-24T14:14:42+00:00
units/iot__r11.npz,41012,20c4eab6f3c642004a3d38b3654aa3925a63ab57918652cccef56708a64fe6cd,2026-07-24T14:14:42+00:00
units/iot__r11.phase.jsonl,1170,f1ae0b9602314f69beaf3ff08bcfd236cb8c5b437959b5e14bc8018ad885fc83,2026-07-24T14:14:42+00:00
units/mammography__r00.json,19614,984227f8b6c4a53528b3065b3d2f3f2cfe295e86ebf17b33dbf37287ce436d26,2026-07-24T14:18:52+00:00
units/mammography__r00.npz,13632,61e4990580487ebd001010c83ec46564d764bfbf06a3b220de9851bb5908b7c4,2026-07-24T14:18:52+00:00
units/mammography__r00.phase.jsonl,1170,6531f39ba2565514e9ec514a3b5f20bdebf52050de754186280a46b8a63b2bde,2026-07-24T14:18:52+00:00
units/mammography__r01.json,19822,0c108c940f8a9ce435e06209462fd0eb06b3fc8c1fb440f0287e0e72fb0b7b18,2026-07-24T14:18:57+00:00
units/mammography__r01.npz,10571,e4d03d7ee835e5851ae3d0a35000acf7b4968431ab4d8123dd07b72b497fec49,2026-07-24T14:18:57+00:00
units/mammography__r01.phase.jsonl,1170,4811db9f2e5c7eb1f7b357cefa88f5af75a68e1d80c37c15bbc8f72b4d3f4b66,2026-07-24T14:18:57+00:00
units/mammography__r02.json,19643,81da53de59d44289a6af1d410e951f75d6c8eeb50a79c20afb522e44a9b33077,2026-07-24T14:19:02+00:00
units/mammography__r02.npz,10681,6df17203cefdce4f01fd326afd8484abe0f3af526b48a5194e964b63f8f43766,2026-07-24T14:19:02+00:00
units/mammography__r02.phase.jsonl,1170,612efce4e2560dfda96249b9175ac01fb7bed1de63c793651ad192e7fced1529,2026-07-24T14:19:02+00:00
units/mammography__r03.json,19772,2c3ec3ff120868b061c8d5a0ab8d5ee7003ac0e1eb6d090eb3c85074c5a84e8d,2026-07-24T14:19:07+00:00
units/mammography__r03.npz,11873,f47bb5a136cea15bbf127ce0770e03f1a1e0469ef8ca613ae267c57c2299ba47,2026-07-24T14:19:07+00:00
units/mammography__r03.phase.jsonl,1170,a966f240507cfd9932eda420184a492efd799fc01b68a5da8d705883b42e61ef,2026-07-24T14:19:07+00:00
units/mammography__r04.json,19609,5d4e43d1f32ae01c084f785b3d840b5947a1c45dc1bd67213e4975bf15ae4c44,2026-07-24T14:19:13+00:00
units/mammography__r04.npz,12829,d08a05c5bbc966ff3e56fec141888461e3fa7e4154ce9430856c9306dbb5e276,2026-07-24T14:19:13+00:00
units/mammography__r04.phase.jsonl,1170,65e6125e6e0684fac11a00af2f6524fc97714a9f29de96b60f1da53b0c0f0df0,2026-07-24T14:19:13+00:00
units/mammography__r05.json,19688,d728bfec4e716bd5b95f08e8378170ab28a0a1ed9c6f17a9acbb9b8ef986ad93,2026-07-24T14:19:18+00:00
units/mammography__r05.npz,10152,eec6b51ec8c6f69a1027465aefc690cfb426a0d9d66614cb3c96131dc5e7318d,2026-07-24T14:19:18+00:00
units/mammography__r05.phase.jsonl,1170,aa5b8422728e31800689e74022801aed26b6abfc66752ea8e56cd4164e0bf778,2026-07-24T14:19:18+00:00
units/mammography__r06.json,19741,447a7fe67aa2b89a9c23930a02d4f1b9f58f0243a32ca83c6300556e13b2fc7b,2026-07-24T14:19:22+00:00
units/mammography__r06.npz,10263,8ebe2988b66dba4078fe21a311727cc4df6b1a6641717059a2967badb5680a24,2026-07-24T14:19:22+00:00
units/mammography__r06.phase.jsonl,1170,13100e9b9e002937d258773593ad5e90e49b935114f72687710e9c09c93c9afb,2026-07-24T14:19:23+00:00
units/mammography__r07.json,19731,4e3ac13d6361c89ffdc10ca9099a9fd140674e77e4026dd073477222a157fb12,2026-07-24T14:19:28+00:00
units/mammography__r07.npz,10847,d1fff1c3c6d941b5c53be563780648e2924c270fe34da39e78e779d36d2def98,2026-07-24T14:19:28+00:00
units/mammography__r07.phase.jsonl,1170,0787d1f40907cdc2027ad6db308c65a7eb4e40ccbfcff70f59b3e60e33eac2f5,2026-07-24T14:19:28+00:00
units/mammography__r08.json,19828,6dbd14e0ccbff95eeb46aa95fdd302ff858d65914b83835f96a6747eaad0ec87,2026-07-24T14:19:32+00:00
units/mammography__r08.npz,14921,f093eaf1fc6b655747b1eb05e2e11b81056f137e9129c8c6b919768aac07ed8c,2026-07-24T14:19:32+00:00
units/mammography__r08.phase.jsonl,1170,4e0088395a4707832d8be6f14640b5a5c9a5d238d02653c86c075dea073b5766,2026-07-24T14:19:32+00:00
units/mammography__r09.json,19738,5e530915906c88390b3e5632f18a8b1c61891bb34f85705b23e5956838da05d2,2026-07-24T14:19:37+00:00
units/mammography__r09.npz,10608,cae69b6360cd9b1ead2bdacabf02796285e07a4794479ded73f742862f5319e9,2026-07-24T14:19:37+00:00
units/mammography__r09.phase.jsonl,1170,ce327c8662614cb2d53c09589b863db9e3854abb1bb74512794fcd409b3e77ae,2026-07-24T14:19:37+00:00
units/mammography__r10.json,19674,0bffc826323ea0042e1d7768137b8c68f0a846f39e02f46d9cbd29480327f645,2026-07-24T14:19:42+00:00
units/mammography__r10.npz,11153,78ff8744334e0a732dd577784452a1d68752291d8e7b4d95f9c95d005072c9f2,2026-07-24T14:19:42+00:00
units/mammography__r10.phase.jsonl,1170,9924172cc2d0f5581418fd25a5f81569f97eb7140938cd21864347195b784240,2026-07-24T14:19:42+00:00
units/mammography__r11.json,19878,655b9b7af1680e5002234d2b88329e8d5fc30bdb15e8dc5b9ac67eca0aed09d1,2026-07-24T14:19:47+00:00
units/mammography__r11.npz,13495,1a40253e79eca27ed32f69be5addd96a2778c9043d02f9d07268bc7bcfcba47f,2026-07-24T14:19:47+00:00
units/mammography__r11.phase.jsonl,1170,96cafad8ec141aef86576bb1a69b2aca533e1f6e004f0a27f9ac46c8b9ffb126,2026-07-24T14:19:47+00:00
units/ozone_level__r00.json,19534,350aa7a9c24e037b1fb3c265e245159de6f253750eb770d4d4e8e9e5a0dde186,2026-07-24T14:19:52+00:00
units/ozone_level__r00.npz,5195,15d0250da5c0246732758c66e44a66181e84f9426e091dea096a53008ac89fe4,2026-07-24T14:19:52+00:00
units/ozone_level__r00.phase.jsonl,1170,bbe3792ff4f8c2266f195b079725266fe5730084bad50a35b5846fb067dd82b7,2026-07-24T14:19:52+00:00
units/ozone_level__r01.json,19693,4a6d76a5dc95b119f4e1817ea524a75ff48ceb3b3c6703244e329409e2e49a18,2026-07-24T14:19:56+00:00
units/ozone_level__r01.npz,4712,ea6bbfe5abe77f5b3ff3e75cb754049c03a49dcd23e399f7949aa8531367eafd,2026-07-24T14:19:56+00:00
units/ozone_level__r01.phase.jsonl,1170,56f6e20d710f6d582b3fba5e379fc142c8ea5318fa8f82ecf14b68a4a1a52329,2026-07-24T14:19:56+00:00
units/ozone_level__r02.json,19629,4a621f8e22c168aaccb7f3c0aba4838516fa698e51f1d0e26dca0298f216cc47,2026-07-24T14:20:01+00:00
units/ozone_level__r02.npz,4306,b5b36d05f40efa89fd07342554a177b19c0c2f640b6ee4744a2e824367c1bfa4,2026-07-24T14:20:01+00:00
units/ozone_level__r02.phase.jsonl,1170,c7fe0caa6de8870ff58d874777896da677f6301666527a58f738618fd6d8d3fc,2026-07-24T14:20:01+00:00
units/ozone_level__r03.json,19723,940526485837a278b42a6d2538558eb24a4c300d2016194d0c90a9a6e2d92b0b,2026-07-24T14:20:06+00:00
units/ozone_level__r03.npz,5748,a0bfc20bf79722610fc5d210e8dd961b662e23238d11628e6fb5e5a8b7351479,2026-07-24T14:20:06+00:00
units/ozone_level__r03.phase.jsonl,1170,5c51593dafafd7803cca7b19003c89b3137682979aaaa0e17d39a6aa2153d661,2026-07-24T14:20:06+00:00
units/ozone_level__r04.json,19686,518456e5ffa99d574a9f7f9e9e085e2ce6a303120ddfc53063b572450daf5ed1,2026-07-24T14:20:11+00:00
units/ozone_level__r04.npz,5755,bf29ce8e60760bea7784e7b2a856e154e6ec26626895b9c71a4f77ebec449f19,2026-07-24T14:20:11+00:00
units/ozone_level__r04.phase.jsonl,1170,8e8362c54e261d9c9af10a2605009741bd8aa33871770936e91b7eec26f95d68,2026-07-24T14:20:11+00:00
units/ozone_level__r05.json,19686,1eacd6b1c0b25ff20094701823e4dcfce0c76a698f713446010f5ce49617fe84,2026-07-24T14:20:16+00:00
units/ozone_level__r05.npz,4826,bc936fbb97d3e50bf362dcbd9c064922145feb09284754f4655bb7fda6290ef5,2026-07-24T14:20:16+00:00
units/ozone_level__r05.phase.jsonl,1170,7250711192f3b6e24880cd18c319cb37c65e06d24416e23c379a108646ac49a7,2026-07-24T14:20:16+00:00
units/ozone_level__r06.json,19553,5d6d9ebfd1305284cf434563c230cd67dc9d64c7a3a9ef44ce69faa7d351728d,2026-07-24T14:20:21+00:00
units/ozone_level__r06.npz,5461,8277ce516dd7f7742a84ba8f1995f49b2bd19a331d5e6139e63d79d81d29ca2f,2026-07-24T14:20:21+00:00
units/ozone_level__r06.phase.jsonl,1170,592476ca9866636c4b502c4834efbf2b6e2243aae85115cc35e095ba341b29da,2026-07-24T14:20:21+00:00
units/ozone_level__r07.json,19741,312ec9cd36969dc2d18e4224771a4625db55e4a0af4628d5bcc8413338185e7b,2026-07-24T14:20:27+00:00
units/ozone_level__r07.npz,5224,cd950ae4cf61ccee7cbcd8ae18b0b78f20714603255fbef63220339abe56cc9b,2026-07-24T14:20:27+00:00
units/ozone_level__r07.phase.jsonl,1170,448c663837c357dc024d499f0570be0b36b872c6006e0f56f1d33981b5a8b45f,2026-07-24T14:20:27+00:00
units/ozone_level__r08.json,19608,042538c130d22385d0a31af6266cf0c8aff06cd03d4706e3bd8c51a352b7c82d,2026-07-24T14:20:32+00:00
units/ozone_level__r08.npz,5622,12b235247c326520f85703b3eb90c123ffca1c98acda4d1e07589dec520f36f3,2026-07-24T14:20:32+00:00
units/ozone_level__r08.phase.jsonl,1170,ab407c69e6ebcf0dbc4785e650c54e70627756acd57dc5dcd1266f250d46d20e,2026-07-24T14:20:32+00:00
units/ozone_level__r09.json,19672,db03d17df5cacd473c8897648b0d9d36502ebe35bdd1ed888e30838f17c8de03,2026-07-24T14:20:37+00:00
units/ozone_level__r09.npz,4641,21b8b529f2808203a7eedf1aa47f97ab352387bcc8ca73d6dc1ed4e15043193c,2026-07-24T14:20:37+00:00
units/ozone_level__r09.phase.jsonl,1170,c14636190a584599f373653163deb241ca1d4a59d29f791f073aa591e0e4833f,2026-07-24T14:20:37+00:00
units/ozone_level__r10.json,19672,9d39b3a9e824cb006211718feeb92cd35f6513f815a72c2ced6d6ad284664500,2026-07-24T14:20:42+00:00
units/ozone_level__r10.npz,5452,0d43b63d2dd742eeee5891dc89e3911351e46f008f4df878c8207cfd461f2458,2026-07-24T14:20:42+00:00
units/ozone_level__r10.phase.jsonl,1170,358c29a3fdb87042b63c7db9a0209b997980cb8e37d4da7095bebabf64d84f76,2026-07-24T14:20:42+00:00
units/ozone_level__r11.json,19807,5eeea24a3dc0a1d03dfe9a470584f7426117b2b2f5d44a39a85ce16b511af9e5,2026-07-24T14:20:47+00:00
units/ozone_level__r11.npz,5745,9cb7a084ab5fc381077c55301fd9f83de8d95f588bdafdf51ec278bd4ae996f6,2026-07-24T14:20:47+00:00
units/ozone_level__r11.phase.jsonl,1170,48648ae515b23df747160665aade9b405973525acafc268d58bb7ab3ff61bfea,2026-07-24T14:20:47+00:00
units/protein_homo__r00.json,19851,07d4cd36de247ff7989477015261680cdf8303578c42a76d549e09ef47136e8a,2026-07-24T14:23:56+00:00
units/protein_homo__r00.npz,205538,c59d665a363063799935ef9fef3339996f5a2d76bdc7cd3f491009ea1f738385,2026-07-24T14:23:56+00:00
units/protein_homo__r00.phase.jsonl,1170,2665ee68f246bd81ff1619317514bad48827ef8d5acb7e0bf9e583cd4fb48454,2026-07-24T14:23:56+00:00
units/protein_homo__r01.json,19723,099a71b65f2592c1476b22e0b30fe9173126af74dc4d091ad22eb17bd24b9c82,2026-07-24T14:28:11+00:00
units/protein_homo__r01.npz,198842,efe9f30944da06e00e2265623381b9b337ac1be3e39be9f91a0445ad5d28c9dd,2026-07-24T14:28:11+00:00
units/protein_homo__r01.phase.jsonl,1170,ab734a0eab78de121ce4195e74d14f3c3dda2df0437d889d2082e313ba71daa5,2026-07-24T14:28:11+00:00
units/protein_homo__r02.json,19973,6ac26e32413ac1eb2c5a0011721b70f91dbc412ef5a4b703e9a047cd10afc3d1,2026-07-24T14:31:13+00:00
units/protein_homo__r02.npz,196425,61e1ba2c64c5c086b290d62501a03b2f6b2523f4c55692993d7ef7d9166b4706,2026-07-24T14:31:13+00:00
units/protein_homo__r02.phase.jsonl,1170,335d781ad006edbd4aaccdf3c23c505d8120ae71e37c4b578938bec841888754,2026-07-24T14:31:13+00:00
units/protein_homo__r03.json,19953,e482b2f7ea3e71b656fd53d554cce8fe1dacd7749a44f24f369314fb5cb6b381,2026-07-24T14:35:36+00:00
units/protein_homo__r03.npz,207930,da547ffc946622ce878f35da0fa6415a3cc589814d230ea384418cb0022d19e8,2026-07-24T14:35:36+00:00
units/protein_homo__r03.phase.jsonl,1170,63d6fc48b107323c181d220623d0570e32f8dab321dddf21dcae7fa30969e54f,2026-07-24T14:35:36+00:00
units/protein_homo__r04.json,19874,dfdd1fdb2ffb0238a12637613f409f51b093cfc0e8aaa5714d521555f7792f99,2026-07-24T14:39:07+00:00
units/protein_homo__r04.npz,202878,3529361aa4c2fd619f5686f43e36fc5beb1ddfca0ae3681b56797af07dda1ef8,2026-07-24T14:39:07+00:00
units/protein_homo__r04.phase.jsonl,1170,4498fa04c2cd03608ea8751c0978be186b8b7c514cb25b7db706a530d4df7ae8,2026-07-24T14:39:07+00:00
units/protein_homo__r05.json,20018,21feb3c91fe55fced4a4fe8d1c3a6fd52667d5a613f34cc66a53d7f6b06b87a8,2026-07-24T14:43:48+00:00
units/protein_homo__r05.npz,214365,5bf43ca3053d8f21d7669e44d0c1db9e2095d20ceef06dd5cfa31efb15e93943,2026-07-24T14:43:48+00:00
units/protein_homo__r05.phase.jsonl,1170,8956e828aa49b3233d8c0c36f0c674069b0f79ae0941b19d4765a19345f8e0d9,2026-07-24T14:43:48+00:00
units/protein_homo__r06.json,19860,6ad059b01ea24b126612d79fd94eeb67e7bdfccc26ab1ea0130b1fe08eaa2bc6,2026-07-24T14:48:34+00:00
units/protein_homo__r06.npz,200106,a4121c4e4376faa81669cb5d77362e4ec00473a8ec1704a5dffb804cf80dd9a8,2026-07-24T14:48:34+00:00
units/protein_homo__r06.phase.jsonl,1170,204f060a21b85a2afdb2209f96b492e6a776633151e4fed38e5b844374ce98fa,2026-07-24T14:48:34+00:00
units/protein_homo__r07.json,19840,69f65dbe43c0d29fa99d556f9969a47b334c13b9bc1aecf3bf02505f9e800603,2026-07-24T14:52:10+00:00
units/protein_homo__r07.npz,198458,b15350a62f3c1006cffac1c62d2a92b23563905e32f745ccb45201fe4dc44a75,2026-07-24T14:52:10+00:00
units/protein_homo__r07.phase.jsonl,1170,3f28dfc71a493b41913195f880f7c2a46de4acedc81fffee2bee463db53c1145,2026-07-24T14:52:10+00:00
units/protein_homo__r08.json,19979,29dee4c6a448ce19a54e11c9d5f9598eb1bb53f98d347a2af4b40983fbe4585e,2026-07-24T14:54:36+00:00
units/protein_homo__r08.npz,192364,72c3ded609fe6e96262348e3eeb1d5bd57c122fa139468ae0418c3f3ea051767,2026-07-24T14:54:36+00:00
units/protein_homo__r08.phase.jsonl,1170,5c7550578fa2db44b2208ff906b72c040f31afd73dba2915f4be6a3de1c1f6a3,2026-07-24T14:54:36+00:00
units/protein_homo__r09.json,20011,1ee93c23ca442be7bdfadf322c82ef7de6e2119b495e2b7f389326f58e571fe8,2026-07-24T14:59:22+00:00
units/protein_homo__r09.npz,230336,aff2930161651d1635999c08ff25a4fa59fc941e01ffab4329c73c05885b3eac,2026-07-24T14:59:22+00:00
units/protein_homo__r09.phase.jsonl,1170,56222471a1124c52e7538173bd4100ff5b2557e5269c11ef4bf40b2dad6bdeb9,2026-07-24T14:59:22+00:00
units/protein_homo__r10.json,20038,64e80407de022ecb39762c7933443a0d4edeba9e0aaf25061786a913f5466b94,2026-07-24T15:03:14+00:00
units/protein_homo__r10.npz,190659,3db819ed6e8869aa56e064468717938cd0b31e6a65f6dc271c0443f8de40fc60,2026-07-24T15:03:14+00:00
units/protein_homo__r10.phase.jsonl,1170,53f0000f3a46e64e8a0e950b1f6bcf8862aaca0b836fbb7fa44c579955a67e1e,2026-07-24T15:03:14+00:00
units/protein_homo__r11.json,19952,a3b7a48f5a706c4680742312994d798b3ad29b235d65e18237ee3fd8726f43a0,2026-07-24T15:08:00+00:00
units/protein_homo__r11.npz,200112,638bdbc1e8e40a61f322823a87b6bf631f13a69b8276fb7ecc331af5ffe11ae3,2026-07-24T15:08:00+00:00
units/protein_homo__r11.phase.jsonl,1170,f1faee2fd4fd3116c69185e6ad511d10613914e7d97780231ab0d88f9320cc6f,2026-07-24T15:08:00+00:00
units/sick_euthyroid__r00.json,20044,29d4c1d8b29303ac5ae8d060e8f6c4edcd332a8da75c20bfac760f8dabf33434,2026-07-24T15:08:05+00:00
units/sick_euthyroid__r00.npz,6741,8ed7d52a974acbbd540a9d0e76742f57fe542f0e0ec07a0a9c9343267b479013,2026-07-24T15:08:05+00:00
units/sick_euthyroid__r00.phase.jsonl,1170,3f8fe923688ba589f2fc2ddc0ef9eba6335287865649088292ccb59d14959c0b,2026-07-24T15:08:05+00:00
units/sick_euthyroid__r01.json,19981,f0c3f755225028753199af972be5874e4abdf33f168e13c6469f738cf5b0abf6,2026-07-24T15:08:10+00:00
units/sick_euthyroid__r01.npz,6345,02428c7fab28345f0847228164c317081fc7fa73b7f5845e290b0fb314bd5589,2026-07-24T15:08:10+00:00
units/sick_euthyroid__r01.phase.jsonl,1170,a37b42871a7e2cc1fd6b87c1d0dabb1b2de57c6a32832cbb0db738cafab52f36,2026-07-24T15:08:10+00:00
units/sick_euthyroid__r02.json,20036,ff6ee377b77eea4e24a5996b94d5f33a99f0899c6c8fb5eb800e9c14319c1c64,2026-07-24T15:08:14+00:00
units/sick_euthyroid__r02.npz,5741,5a5240120c79103730b4a627d9577834a9cfc79374946e20094adc82626afc53,2026-07-24T15:08:14+00:00
units/sick_euthyroid__r02.phase.jsonl,1170,3684512ff933d4e1d5f7ceb683cbcf8a040e9c55cc2c0bb57ae69ebdcff81e6c,2026-07-24T15:08:14+00:00
units/sick_euthyroid__r03.json,20064,5dd3a14d52cfe1674cc92a8b3bbd806d7b4eee8a0193d87cd11f2f3f2d3a6464,2026-07-24T15:08:18+00:00
units/sick_euthyroid__r03.npz,5941,20bcf925fc99263c82d485f4f054e650f9c3cb2aacb92630cc118f9b9c9cc04e,2026-07-24T15:08:18+00:00
units/sick_euthyroid__r03.phase.jsonl,1170,7faeb75871ab92f382ee572d4d2400dde28c8808f0d9e52f3bb7c08ccfff5e94,2026-07-24T15:08:18+00:00
units/sick_euthyroid__r04.json,20018,938deef95e31eb362663c474acffbef9eea7d07b5273ab6d6094ae6ac6ad2dbc,2026-07-24T15:08:23+00:00
units/sick_euthyroid__r04.npz,5676,10e3b979da64c6244962aa183ee3d2ef00bc7d655cd72b4f6b1e3f0a4555b117,2026-07-24T15:08:23+00:00
units/sick_euthyroid__r04.phase.jsonl,1170,c69bf452de2a47e88571c857425f48b662e2d4bb98e88b36a55cb10b2d635cd3,2026-07-24T15:08:23+00:00
units/sick_euthyroid__r05.json,20078,77e7889546d45c51a8b26a287943366216642149216e8eaa517218d135890985,2026-07-24T15:08:27+00:00
units/sick_euthyroid__r05.npz,5096,349427d7808003616f08cc29846e7cc771f2a8848147e4fa1a9f58312e690706,2026-07-24T15:08:27+00:00
units/sick_euthyroid__r05.phase.jsonl,1170,633a3c2e18c5dbba439040f902cc4c724e02777aba38899c03e89e0121132d1f,2026-07-24T15:08:27+00:00
units/sick_euthyroid__r06.json,20075,75807f9828a299a06e4b59c91c3128abb925e8f1f205dfe24dc94330c26c5a1c,2026-07-24T15:08:31+00:00
units/sick_euthyroid__r06.npz,5493,eb377e29d32941664378408e67e037f48db91c24ebe0c36e5115d71f3b51132a,2026-07-24T15:08:31+00:00
units/sick_euthyroid__r06.phase.jsonl,1170,9812e89f6c45166e6e5cf27bf107b65c6268ebe8737723f9a201f2aaed353341,2026-07-24T15:08:31+00:00
units/sick_euthyroid__r07.json,19949,04313de4c1d6f01b1a767c8dc43acc852f494754d568bb9ad2c880698e8725e7,2026-07-24T15:08:36+00:00
units/sick_euthyroid__r07.npz,5886,4ab78bc20462bd99dcf5f0013ebc9fd05abec5fbc6372ee9baa0aed77f0f2094,2026-07-24T15:08:36+00:00
units/sick_euthyroid__r07.phase.jsonl,1170,c2fb0b603d8d7503ece67d83f9c0a34ebb94c33a1077e098fae1ffedc38e111d,2026-07-24T15:08:36+00:00
units/sick_euthyroid__r08.json,20009,7f3d01755dadeaa28ac2a09ee064ccf9fcda6aa7681eac74c972abaa70cab7d8,2026-07-24T15:08:40+00:00
units/sick_euthyroid__r08.npz,5975,3c290b940732a36b0ddd03d2575ea12442ffe0537966fb3768197c54f929de82,2026-07-24T15:08:40+00:00
units/sick_euthyroid__r08.phase.jsonl,1170,70d994492bc2d034f96fc34b3659c46b283ee23dcff6e6888f2d7574fb6d322c,2026-07-24T15:08:40+00:00
units/sick_euthyroid__r09.json,20082,2fd284b23d69becbb44670b0f5ddc746d54ab34a8d8060b06c1a76429894fef5,2026-07-24T15:08:44+00:00
units/sick_euthyroid__r09.npz,5525,26ba41aecb62d8719d1fcdb3c5b173ed760aa86ae54bf8b2313f622faeba6ff8,2026-07-24T15:08:44+00:00
units/sick_euthyroid__r09.phase.jsonl,1170,3dc65023636ff1b08ac1e0a4e521f4cb3f2732633591065d5e060bbe8659f370,2026-07-24T15:08:44+00:00
units/sick_euthyroid__r10.json,20129,e1b1db52a3e32d9b9b12116c1f7c65485a5418a1cc725064bb1de18277749c20,2026-07-24T15:08:49+00:00
units/sick_euthyroid__r10.npz,6046,c06e982ba8a98f493fc3b18e52b003244dfb27bacc41edde78720e685f7a2f1a,2026-07-24T15:08:49+00:00
units/sick_euthyroid__r10.phase.jsonl,1170,9a20fa502646f8e0142962252a247a9a308acfc5f118158d658fb47efabf43d3,2026-07-24T15:08:49+00:00
units/sick_euthyroid__r11.json,20124,54cdc70edee07dd75dc07d9668f834bdf14a8d00e7e4c6ab3912e176a6da441b,2026-07-24T15:08:53+00:00
units/sick_euthyroid__r11.npz,5808,29d4b9100debe1e3c8caade77fdeedebb3b3a7e11c842ad1dc6ab54f2460ce16,2026-07-24T15:08:53+00:00
units/sick_euthyroid__r11.phase.jsonl,1170,a728c84817f4aed152242f83270f3c93540e9b129022031cd211ed74d233385d,2026-07-24T15:08:53+00:00
units/synth1__r00.json,18833,cde1dff8eebd7b69b85ba6463d656696033dedd971780c256f199c985203c1fd,2026-07-24T14:07:59+00:00
units/synth1__r00.npz,5980,41d7bccda5449f008c69ee1165720a00c49ad8798a50924c4b2717b491b51a04,2026-07-24T14:07:59+00:00
units/synth1__r00.phase.jsonl,1170,cc776575d672da760764c9b322daccc2c8fecc6fee6e204c207f5dc86aabcaf4,2026-07-24T14:07:59+00:00
units/synth1__r01.json,18790,77bce12ab0d57d6322fd42d196ab9ebea7b29c743bb2efb231062ec26412b386,2026-07-24T14:08:03+00:00
units/synth1__r01.npz,5198,80efe1253a4f2d285a2be032e6d41393ea3338fe5237c94b6648f19332a65a9d,2026-07-24T14:08:03+00:00
units/synth1__r01.phase.jsonl,1170,2b3360c8ff7124353319e00771a2c7d4e30dbf05a0c1a2185334a4c7c54c664b,2026-07-24T14:08:03+00:00
units/synth1__r02.json,18693,16e622ba4c452cb2b033a80d47cdef9d2be07636ad3fce1f6c6c02fb320dcead,2026-07-24T14:08:08+00:00
units/synth1__r02.npz,6291,7989eec529652b6d393ac21683b0dc320566b1505fd4cc042c69cbc30ff38f34,2026-07-24T14:08:08+00:00
units/synth1__r02.phase.jsonl,1170,bc7b3b781a200f40bcb9edd7360262b7cb33fe1077a175d93e7e6ee613f5df52,2026-07-24T14:08:08+00:00
units/synth1__r03.json,18780,5328e3d35699ab2920636ce766e923a4ba166b060e5441b1e0d5e5396c4a7388,2026-07-24T14:08:13+00:00
units/synth1__r03.npz,6665,97c99b64d2b1b4491d7c8de13b9097db5e7eadd63e612443258c8573ed0bbbb9,2026-07-24T14:08:13+00:00
units/synth1__r03.phase.jsonl,1170,68b62855b477ad68d51fde7c089a94c66e286c35641579f417a69bd421491551,2026-07-24T14:08:13+00:00
units/synth1__r04.json,18836,d574a64f7768a6226c74fe38289d0b18063730ece33ab53372071feb3333e4fc,2026-07-24T14:08:17+00:00
units/synth1__r04.npz,5801,f7d382013fea732d98c5c943afca438e3fdbed5adfd10a3b5f9d777129369931,2026-07-24T14:08:17+00:00
units/synth1__r04.phase.jsonl,1170,278f3595382ce6822730ba7ec994b6cd3fe0c8b2a4c15a98d3c5b782601bcc32,2026-07-24T14:08:17+00:00
units/synth1__r05.json,18722,b835f104498a167f28199ed70a68ebd9b27a97dfa1742d43061eaf4bef6e9060,2026-07-24T14:08:22+00:00
units/synth1__r05.npz,5541,bf4b0da724ecbabc3fefd1012e70ebf88f157bd9900a5b38aa4b6b5d7b392d38,2026-07-24T14:08:22+00:00
units/synth1__r05.phase.jsonl,1170,281b4c02859887929ebe2c408df902cb029e2fb59a2668d13d85915577a97910,2026-07-24T14:08:22+00:00
units/synth1__r06.json,18770,e62329a50a3bc415327ca11a05aac1da228c359065603a28e32507216f220b70,2026-07-24T14:08:26+00:00
units/synth1__r06.npz,5576,bde31675b3af661351eabfaae38e4c7cbab75a2f69b37bf594a7e8302be62a4f,2026-07-24T14:08:26+00:00
units/synth1__r06.phase.jsonl,1170,de8e2f949930e7303a508647da7d5d009ab8ad122400cfce491a5c99f231855d,2026-07-24T14:08:26+00:00
units/synth1__r07.json,18807,642d66fe3448c48616bbcc3ba65a41ddfa8e3250d445e5c50530a58a267b6b01,2026-07-24T14:08:30+00:00
units/synth1__r07.npz,5336,b38ee8cb6354d4375df1a706496039ff5b4accdf653937586c9cc5fa88ffced6,2026-07-24T14:08:30+00:00
units/synth1__r07.phase.jsonl,1170,184133864ef8eecefadab9952bdc9ec36872ba9ea9bac6727a298a63ee6b824b,2026-07-24T14:08:30+00:00
units/synth1__r08.json,18634,1ff923ed2ca0c2f6442697177ec953d3e02ffcbf916d9aa3ac9b49fcace9b0c6,2026-07-24T14:08:34+00:00
units/synth1__r08.npz,5893,98870a3aa2d3130d3e9894f928118d65cb9f79d31802ec05090d3c7f71de714b,2026-07-24T14:08:34+00:00
units/synth1__r08.phase.jsonl,1170,450d27f9d78409b7a6497a075c28646ddd615de9a709ee4bf9fa7061fafb2055,2026-07-24T14:08:34+00:00
units/synth1__r09.json,18745,9e066ab176ce5ec2993df1fcebb3a8c709625e236fa555bf57a72c3d13d43acd,2026-07-24T14:08:38+00:00
units/synth1__r09.npz,5864,ae5c2e63eac569c12e51682ee941799eb536cffeff35f589cb7220810a55e0ae,2026-07-24T14:08:38+00:00
units/synth1__r09.phase.jsonl,1170,f864f5b5fb24eacbf4a231526fd9eb8f54719e1546fbf26377a6767b91563052,2026-07-24T14:08:38+00:00
units/synth1__r10.json,18642,92428f8d5e3bbaf502bec70b68142b164ac6e45e09ae3312e2f5e350cfb4d6f9,2026-07-24T14:08:42+00:00
units/synth1__r10.npz,5812,99188bf561d56f6da2702179337826ef86e4c488675beb97225d6f45a41b94a2,2026-07-24T14:08:42+00:00
units/synth1__r10.phase.jsonl,1170,8d959c7bbc12587e9b431fd72842615a2253e145366f7fba8062ff502fcd3c37,2026-07-24T14:08:42+00:00
units/synth1__r11.json,18769,646e8356fb81ba16e6d395548a773a9a7c078e6fa87a723dd1b4120f0305909e,2026-07-24T14:08:47+00:00
units/synth1__r11.npz,6106,b26db9eae6c8653574be4b94975e4ff6a17df533933d5ec0db5520e94caabfd1,2026-07-24T14:08:47+00:00
units/synth1__r11.phase.jsonl,1170,277ea496adb7d29a3fa4dd80f13107234b39ef11f6bd9ddaeeac1b78a42c87a2,2026-07-24T14:08:47+00:00
units/synth5__r00.json,18868,09c1911cf7198882b98be9973d784241cd429379cada9ac0d52ca98147c25663,2026-07-24T14:06:52+00:00
units/synth5__r00.npz,8028,6c48c7f9bbbbf1fb02b60ac36295c93a24de677971e7cada45c54f9cca4d1827,2026-07-24T14:06:52+00:00
units/synth5__r00.phase.jsonl,1170,f1c42fa2930bfc4ac5e80d84e857f4ad0bf40c8a6e7c05a1d6cd17ab7919b62a,2026-07-24T14:06:52+00:00
units/synth5__r01.json,18749,2e5111ff56f16bc821a49fabe437aa059cb9eecc1cf3b02d473b0e22a5cd4c03,2026-07-24T14:06:57+00:00
units/synth5__r01.npz,8095,0e0c380ad4bed8e2db95c4b01e56ba103e3101366a9abc6f5238a9fab0371bc8,2026-07-24T14:06:57+00:00
units/synth5__r01.phase.jsonl,1170,2d75ed1f3603487db3e87848fc2a13f188a90d775d8ee91cbd6633762b081a85,2026-07-24T14:06:57+00:00
units/synth5__r02.json,18869,a4da16338cc7bc2ca05bbd0e85c0e2b7abdd353851d7cff9eab8772434f73f62,2026-07-24T14:07:03+00:00
units/synth5__r02.npz,8307,7485e1d11cb88dc78b756343941f0160c939d4ee788197e61f20ad3922eb56f5,2026-07-24T14:07:03+00:00
units/synth5__r02.phase.jsonl,1170,77620e61d8158cdf8638e8ccf50bce70b656d0d2ba3212bc7e2620d4118f4357,2026-07-24T14:07:03+00:00
units/synth5__r03.json,18870,4ea9fbf97208335baac3cf34e94755460bd22258ecd594ff277f4f9ecdba6a9c,2026-07-24T14:07:08+00:00
units/synth5__r03.npz,7956,2e9c0c49ffc213bf545087b26d61085583b4e81612bdb873c98ff3868c046ed0,2026-07-24T14:07:08+00:00
units/synth5__r03.phase.jsonl,1170,96123ab985e735fe23a241d925b0d3e355603a69a27b6f710a8c7d2a49a72f14,2026-07-24T14:07:08+00:00
units/synth5__r04.json,18872,0cdbff639d002404fe06eab15d5b258e76b5ce451710d52bf1ae689d92bac0f5,2026-07-24T14:07:14+00:00
units/synth5__r04.npz,8644,c3799cfd70ae3ccd90743591e30b28a83ad343907245cf2666bc6663d5a6670b,2026-07-24T14:07:14+00:00
units/synth5__r04.phase.jsonl,1170,990076c8e7ba1943359faa0597e5abb58bde566c552a30da6b2526571e801825,2026-07-24T14:07:14+00:00
units/synth5__r05.json,18818,8003afb98d5c9125efadbed55c233df28658a968b41d0942413c51b7b683333c,2026-07-24T14:07:20+00:00
units/synth5__r05.npz,8439,c0b9b93628dfc488a002df3f53592752f37247b90bedfdbd994786aad0331196,2026-07-24T14:07:20+00:00
units/synth5__r05.phase.jsonl,1170,2601912e4363da8b05c296b84c2905c6e9ef5eb15f6dbb5243e25ec8e0120ca2,2026-07-24T14:07:20+00:00
units/synth5__r06.json,18772,b674fb0135d727d9e43d2ef0b574d9fed8a171d4dc538169cb5e90816e7df106,2026-07-24T14:07:26+00:00
units/synth5__r06.npz,8779,9b25cadc5ffa22784a945f108b5df5d90e2937ba0418451f7398bcfb4cab8278,2026-07-24T14:07:26+00:00
units/synth5__r06.phase.jsonl,1170,bcf6570692034c2732463441661b61730288d93530e4fd3660907cf8b1732e82,2026-07-24T14:07:26+00:00
units/synth5__r07.json,18820,af847779bfcd97b427d518ce49c628a882c9ab161e155ffde6b7a2ab64349ef9,2026-07-24T14:07:32+00:00
units/synth5__r07.npz,9183,8d28304d0bd31e2bc1dbad0add94f7cd3dc7334477e8c321aff8a8df0e3478bd,2026-07-24T14:07:32+00:00
units/synth5__r07.phase.jsonl,1170,090b7913bdf50b2492a1252eb4878d73771ab31e461e11d6fa1cf90b7ed8d65d,2026-07-24T14:07:32+00:00
units/synth5__r08.json,18901,934099095c2f7d0bfe7b7ef10e1f1b7df3a9040c7db3d9e5c6b1a2b3e00a0b13,2026-07-24T14:07:38+00:00
units/synth5__r08.npz,8634,82718bf2d7530f25675f711b4d95c6b1f8847fee58b530cc1a362d10f965953f,2026-07-24T14:07:38+00:00
units/synth5__r08.phase.jsonl,1170,5467fc349fcb51599e5f65fd20a542fd677a5ab33bba6e06c1f618f73e6f703a,2026-07-24T14:07:38+00:00
units/synth5__r09.json,18866,6c62b38a148cba2e044b9f7339a41ab4832b75908a9705379b9c6967341ea2bb,2026-07-24T14:07:44+00:00
units/synth5__r09.npz,8601,7913c69601f36ce9a7468defbc13e0d7b953119b4643ce46c3bac4e194562f75,2026-07-24T14:07:44+00:00
units/synth5__r09.phase.jsonl,1170,9b7a7becc3ad2572e4db25493b02a9b237a63f4a95b3c803c7a6d72e7b766b20,2026-07-24T14:07:44+00:00
units/synth5__r10.json,18813,c41cb98d3a35d5ba65433fc2df6b8b1d198db20c15cc3cc148569041752bce36,2026-07-24T14:07:49+00:00
units/synth5__r10.npz,8657,a01dd09b5cb7e92109525832ff338bb87296d4c6dfc4f1c5ab896af0a6f95a52,2026-07-24T14:07:49+00:00
units/synth5__r10.phase.jsonl,1170,ec651856fecd6945ac934013711a467dd40c3d3e93f9d0679ec7bc2e39d682cc,2026-07-24T14:07:49+00:00
units/synth5__r11.json,18935,640dd39ca16262385a21ae5d9c8efe1f222e41a4d4b11d9609074cee0bdbc65b,2026-07-24T14:07:55+00:00
units/synth5__r11.npz,8641,975ce2230d52c2b6d13bd026a9e6c61a9fb7b9463883ba7fc193c83f0df1bd24,2026-07-24T14:07:55+00:00
units/synth5__r11.phase.jsonl,1170,c1889b8a292cce2930821decf1d0f750ec9cb8b7c42fb9700539fbe92795ea69,2026-07-24T14:07:55+00:00
units/thyroid_sick__r00.json,19890,c8cbdc0c6ba24dab68805a1e59c059d65a8584870e10ec0de1fe22d453a2899d,2026-07-24T15:08:58+00:00
units/thyroid_sick__r00.npz,6172,e36cc029bfac94b394bda51cc1f67b8c96fb1986f70fcc9ca974914285ed5976,2026-07-24T15:08:58+00:00
units/thyroid_sick__r00.phase.jsonl,1170,8d7d80fd2d63d0fd21a67ca5cb0285fc1eea512524c6593f3b50188c07cff8ba,2026-07-24T15:08:58+00:00
units/thyroid_sick__r01.json,19883,895e296f10b6fcd1d6ac36c4d9b937a8f6a387d0e40ab8b9fea35b4366ac6ef8,2026-07-24T15:09:02+00:00
units/thyroid_sick__r01.npz,5786,7f750fb947df162d25bd263a7a8fb34f794f32edae5e40c181291ca608a31f25,2026-07-24T15:09:02+00:00
units/thyroid_sick__r01.phase.jsonl,1170,8076e736a7b2c8ad3f2779fcd0655fe205a521fc12e83348764f7e7fc0795b6c,2026-07-24T15:09:02+00:00
units/thyroid_sick__r02.json,19823,dfbf126e720c2451f73eeafaa1d177bcf10072fd11f4f9f619ac008251d82fec,2026-07-24T15:09:07+00:00
units/thyroid_sick__r02.npz,6356,b384487ba34783cb904877ca85ec33de71e74881a3cce94ac88b665593dc5164,2026-07-24T15:09:07+00:00
units/thyroid_sick__r02.phase.jsonl,1170,f21cc952ba0a1e08e2186da10a70b9d50464726b78d720a9083a6fe9dbed6b0f,2026-07-24T15:09:07+00:00
units/thyroid_sick__r03.json,19871,cb4d8a2eebc7e9b8543a963177b427da03f042721c8ee9cc7ab5f7ebcdc36183,2026-07-24T15:09:11+00:00
units/thyroid_sick__r03.npz,5695,6934ca59a74bbdc4cd1b77194ea8f34891baf99ae7d9356959297195d25cbd56,2026-07-24T15:09:11+00:00
units/thyroid_sick__r03.phase.jsonl,1170,f0dda101196876ef9e6bab16dbcc20fe9eceeb36cd803e3d43f8620ac2d8e201,2026-07-24T15:09:11+00:00
units/thyroid_sick__r04.json,19862,7bcfaa06edab37a9078fb5c7ec78f19018a2cd49878474298ae0ca167ed43b73,2026-07-24T15:09:15+00:00
units/thyroid_sick__r04.npz,5810,665f0df036688c7a31806d7dc58ae9b305a1da1874459b55896515222cce91aa,2026-07-24T15:09:15+00:00
units/thyroid_sick__r04.phase.jsonl,1170,21dc4184a93484fa833544c7319a76490cf3743504237feb453b6d2885317d80,2026-07-24T15:09:15+00:00
units/thyroid_sick__r05.json,19872,d8daead7fb5c1598da65ef2e40cf54653abf0bf270a1cdc694539c7579f963e8,2026-07-24T15:09:19+00:00
units/thyroid_sick__r05.npz,5726,649bd5c4889770af9d138e4c687b9739458e08a1f1fc6d857fac175cde3edc37,2026-07-24T15:09:19+00:00
units/thyroid_sick__r05.phase.jsonl,1170,52fc108cf14190e45d2ab8ea1c32ee03c8477319c5802bdd31fe2c2cd354c403,2026-07-24T15:09:19+00:00
units/thyroid_sick__r06.json,19854,48d0696b0564e1ee7b68f5e80e64097f242a3cfe0cf7a44648f74a7273421989,2026-07-24T15:09:23+00:00
units/thyroid_sick__r06.npz,6390,cb5584e7f9c24dbd866239d6cd04901c378462a4a0a0ab457e66efba575529bc,2026-07-24T15:09:23+00:00
units/thyroid_sick__r06.phase.jsonl,1170,8e0c0314eca30ef424c7366a144856da058d258d0d3cfcd61a5b63ab3714adfa,2026-07-24T15:09:23+00:00
units/thyroid_sick__r07.json,19824,d0056b3247b4d94eb504adbc21e51b9d3c5e135b728c69eb9e5bc2167f4a9116,2026-07-24T15:09:27+00:00
units/thyroid_sick__r07.npz,5089,90e7dcc5e10856cce35b4856240cc5c8c633dfac3976c9bb16378050d95d018d,2026-07-24T15:09:27+00:00
units/thyroid_sick__r07.phase.jsonl,1170,d08110f8aa362f6b33f2a1aeae76bc06144616b807d758f5ea93f1f2db13fe4b,2026-07-24T15:09:27+00:00
units/thyroid_sick__r08.json,19875,5c55b6d1fd98e0bd9cd471f2cf85af5b87f2751aa32466d16bc1fb154620a2b0,2026-07-24T15:09:31+00:00
units/thyroid_sick__r08.npz,5251,d6b26c38d7ed4bfd1fa91a2481f3b43cd01d7b25ace769766e826ce189a9ef1f,2026-07-24T15:09:31+00:00
units/thyroid_sick__r08.phase.jsonl,1170,2d8d956f08619917ec55ac30d290fc2b65a389bab5499a86676e3a871c27c502,2026-07-24T15:09:31+00:00
units/thyroid_sick__r09.json,19871,1bc30f9a41d8eb36ccd7550c7ef4ed2a750f70c3888b84036c185a1cb7ab7224,2026-07-24T15:09:36+00:00
units/thyroid_sick__r09.npz,6616,bfb8d3dab9d32c9baa3e3457d5f3d83874e0e8423a32652e4d926e0c9c23da3a,2026-07-24T15:09:36+00:00
units/thyroid_sick__r09.phase.jsonl,1170,302ffab2dff5cafd9040053539dc9442bdffc68892f7c742e9f5b4a7758b86a2,2026-07-24T15:09:36+00:00
units/thyroid_sick__r10.json,19926,b6de0fe632fd23276bd58dd940a4ce2b23888818e2aaf8a5ac825d0889219334,2026-07-24T15:09:40+00:00
units/thyroid_sick__r10.npz,6507,0c294f7c344b7bb03dc3308292d1ec83c6dc48b4b1ac14af35fb02cbd97b0e23,2026-07-24T15:09:40+00:00
units/thyroid_sick__r10.phase.jsonl,1170,b8f5967917e40660182c242dae733c7019a66dd686e455f2d78942f3fc01efa8,2026-07-24T15:09:40+00:00
units/thyroid_sick__r11.json,19817,389f95819b4f278cfa5a5f9b39c846ee6c6041ca2cc7af8812601b5fbd0dcb36,2026-07-24T15:09:44+00:00
units/thyroid_sick__r11.npz,6546,8bad2e4840538626445be680713ce069805cdf9d9d477345527028df914800e0,2026-07-24T15:09:44+00:00
units/thyroid_sick__r11.phase.jsonl,1170,764aea2893c87af4fd8f76abb1332f71a48e2a57e5e439f909350d57fc831268,2026-07-24T15:09:44+00:00
units/us_crime__r00.json,19469,546fb2ca9bf8f8406e958512e50505ae3ddbf88594b1e723097d31ebf09b9abe,2026-07-24T15:09:50+00:00
units/us_crime__r00.npz,5232,3b0efd24b4b4558cfc87aa94d2bd24cb1111f77d6336130d0835c25b302fce77,2026-07-24T15:09:50+00:00
units/us_crime__r00.phase.jsonl,1170,8731f9ed4c959a403c002629c80c7a13a1f8d288899bcde2bfbe939626eeea69,2026-07-24T15:09:50+00:00
units/us_crime__r01.json,19439,d1073a8eaea360c579931cc284f8beaf681b32c667f8c645f522e37d11fff54c,2026-07-24T15:09:54+00:00
units/us_crime__r01.npz,4744,3bb9a65946b95a60d8b9a4de0648b5fa2bd43157440ca3b0afd712dd2b9f1e20,2026-07-24T15:09:54+00:00
units/us_crime__r01.phase.jsonl,1170,f1a7b497bc1d726c328b40fa480e240c9b4c8fa099953d002533f9f28018f1cf,2026-07-24T15:09:54+00:00
units/us_crime__r02.json,19460,b70f433dcd4dedcfd547b0aaa7c7a5f8571a5e1cdb832cce4928509f3339994f,2026-07-24T15:09:59+00:00
units/us_crime__r02.npz,5262,323727f8574928976e79b611d394c4bf556bf287808bfd7ce3fcd35e27fb6748,2026-07-24T15:09:59+00:00
units/us_crime__r02.phase.jsonl,1170,1a46cff813dfb2b344b816a8fc0cc2f8f9d168a3c91d8b0b4982306b18715134,2026-07-24T15:09:59+00:00
units/us_crime__r03.json,19497,49f2ce3f765cb4762eac4a991e248c143fcba12292494f6ad015ebad115046a8,2026-07-24T15:10:04+00:00
units/us_crime__r03.npz,4988,7f3e82779c79a18b20e4cd4ad4a4860841c3f3e37f823f4f70e85e15a9372c8e,2026-07-24T15:10:04+00:00
units/us_crime__r03.phase.jsonl,1170,241ede2d7919e812eb19de81aec5f918cfa1c57597b3b801bcfafc2a996a24d3,2026-07-24T15:10:04+00:00
units/us_crime__r04.json,19468,6f82d1fcede883fdf05ac6037d987379b75aec1a6b34f643fae046a0dad0211d,2026-07-24T15:10:10+00:00
units/us_crime__r04.npz,5395,f4f0c7bd1822420c75ff8d1636bf22ddcccda5310d9ca5d87509b1eadca8b9fa,2026-07-24T15:10:10+00:00
units/us_crime__r04.phase.jsonl,1170,839b5fe7fbf98c7fca7e1425f9b0ae534bdc4026650477b3792cf8a4ace4ac17,2026-07-24T15:10:10+00:00
units/us_crime__r05.json,19479,96f1b3296d1d874a75d7f338d925ce8868a03c3559bf9a189764f88b7d6548e8,2026-07-24T15:10:15+00:00
units/us_crime__r05.npz,5209,bbc2f0effb5d5309947f8bf6e56faaad4fd2cdb6033cc44b41fedd8855b1e3cf,2026-07-24T15:10:15+00:00
units/us_crime__r05.phase.jsonl,1170,55edcf40c8834b718623587620ee0b94aa3f58e3dece697483b9265487a932de,2026-07-24T15:10:15+00:00
units/us_crime__r06.json,19398,e87a697af353a8a1961135b560018a7655909d3a441839aa2f58a60478b8e1d4,2026-07-24T15:10:20+00:00
units/us_crime__r06.npz,5153,09e3c575c468ca9d473bde1364489e4c5505ab6d2b1fdf126a7674076be3f460,2026-07-24T15:10:20+00:00
units/us_crime__r06.phase.jsonl,1170,c82fbc566644f8cf0a286c67510f7e7d9f87e58b3d5fd04cdc0a42a590f8071a,2026-07-24T15:10:20+00:00
units/us_crime__r07.json,19510,8cada7557f1f97c14eeed997bbc68016c1d36bb671f772649a4f7f1e12d0d3c0,2026-07-24T15:10:25+00:00
units/us_crime__r07.npz,4845,c5437113ad65614f0398bd1172637f607add1c941e2d153a517639992e217401,2026-07-24T15:10:25+00:00
units/us_crime__r07.phase.jsonl,1170,f02e34185eeddeefb8ee2510c1528d3d49c65e174d3203cc06610e9cb00c12bb,2026-07-24T15:10:25+00:00
units/us_crime__r08.json,19449,85a9d33c03f866651169f90bd1d15f89b1f1635d4429224cc18c599e3cc2a717,2026-07-24T15:10:30+00:00
units/us_crime__r08.npz,5176,51f616d55f814fe102743fc0fdfaa861e33a6e2745b80d0757a95226ec491f7c,2026-07-24T15:10:30+00:00
units/us_crime__r08.phase.jsonl,1170,62ce08dc6518704beb9363fd5b1d13e1b9ce81ca95ffc463de2008fd04f62c64,2026-07-24T15:10:30+00:00
units/us_crime__r09.json,19447,a5a59e779b363767137e4777dfe792aaead656c66dcd516cfc6ff4dabade6e1a,2026-07-24T15:10:35+00:00
units/us_crime__r09.npz,5811,40daaffd974d6b0ad3bcbee321085662fba244a09f990bba8a9598dee63ba697,2026-07-24T15:10:35+00:00
units/us_crime__r09.phase.jsonl,1170,733cd3d2c7fa26ed6b7f6685fc8d84f9dde944ada6823c83a4bd598073108d91,2026-07-24T15:10:35+00:00
units/us_crime__r10.json,19502,0d2a954a31a6fd384273644d65ca93072b096e4f8a3a2d94ff7ecfa570c62aee,2026-07-24T15:10:40+00:00
units/us_crime__r10.npz,4987,7191fefbcaeb37fb30338c649c8ecd64ef35a48d72f50f3eb25e772751a56261,2026-07-24T15:10:40+00:00
units/us_crime__r10.phase.jsonl,1170,ad65c47b9f0a79c8a428b61138fbbeb0f6676cca672fb9ded6dbfec1f4f4d34d,2026-07-24T15:10:40+00:00
units/us_crime__r11.json,19550,c854f805bdc887c7c3155b5833c6e0846506e99862583dc51590d17ae565e5a3,2026-07-24T15:10:45+00:00
units/us_crime__r11.npz,4773,b865da60415816e8d78684c5825b597c6ad169293ac14042909c2dd541c0ec56,2026-07-24T15:10:45+00:00
units/us_crime__r11.phase.jsonl,1170,b60fd72f138a94044fa0ebf0e579ffb9f98b4039997bb495f94f0816c718b483,2026-07-24T15:10:45+00:00
units/wine_quality__r00.json,19796,cb6eb0cd5dc502cc94cc98a28f389e9750582d1b9002ed23bbac0a29309ad0a8,2026-07-24T15:10:51+00:00
units/wine_quality__r00.npz,9124,a34ed7235d468aa2abf39d4d514fd3cc90f8971dc0d044a3fc5bdf56b9142d71,2026-07-24T15:10:51+00:00
units/wine_quality__r00.phase.jsonl,1170,3f9b168911a68436e41a6523e70e3cb1d172106564c2b021bf4a5d65fffb5d9d,2026-07-24T15:10:51+00:00
units/wine_quality__r01.json,19947,06e214a2dea7634c648b208dd4684e7a12be5a9d4fb33fb7e57b3e14b2ccf07f,2026-07-24T15:10:56+00:00
units/wine_quality__r01.npz,9242,44e2e77d37952c005dbc2cb11693cf1e2f137c1109fd5cc5124bd2a4fc5817ba,2026-07-24T15:10:56+00:00
units/wine_quality__r01.phase.jsonl,1170,1a3333b78cfd182e51f2e70ffa3adc29b92d12184db994f3dc0e5c163f499aa1,2026-07-24T15:10:56+00:00
units/wine_quality__r02.json,19729,ecc9d2782d1dc9f2a1e1c66ac074e1aba1bc2ebce594c14783493cfa74d8ed2a,2026-07-24T15:11:02+00:00
units/wine_quality__r02.npz,9722,6402fe8b89479b185fed5241f2ea7b030e9839602e42816c4e782c0fa2d5a3a4,2026-07-24T15:11:02+00:00
units/wine_quality__r02.phase.jsonl,1170,b735168bbe467621aa039a527b19f1beacc56df9ed0e2dccd222e6bc2103d1a7,2026-07-24T15:11:02+00:00
units/wine_quality__r03.json,19812,f65cd9aebb259c39f4ac4e2ec8c6703f21f8d1fff4ae81326effa3f03b0a72a2,2026-07-24T15:11:07+00:00
units/wine_quality__r03.npz,9841,1f5bc11e2469bc0b82057ac0036ae46acc6b616311b100e1a34507d64f227862,2026-07-24T15:11:07+00:00
units/wine_quality__r03.phase.jsonl,1170,67a2507f0d6651a7db2d598b0bee35e3ce2b81b0d3193d190a3cc660bf0d0613,2026-07-24T15:11:07+00:00
units/wine_quality__r04.json,19900,570f6656e18b1959be1a86036584a3f8d33b3c23bf3339911c8743dbd4e695d3,2026-07-24T15:11:13+00:00
units/wine_quality__r04.npz,9537,bc86e26ba0fbde6ab5904d8795cece76879eeb68784618faa9c396240a514d91,2026-07-24T15:11:13+00:00
units/wine_quality__r04.phase.jsonl,1170,fd77366509707f43a6e69234f260f87c7c5bc2261e463dd55c49d4d561a4bfa0,2026-07-24T15:11:13+00:00
units/wine_quality__r05.json,19857,fb73a159657a88258c3bc95dcaf6fc0091402d4f8cd8a2151a166de4ed391678,2026-07-24T15:11:18+00:00
units/wine_quality__r05.npz,9223,d5b4e268267fc26700368c3802ebcd40bac88d8655e50858fda594eec6f44d4a,2026-07-24T15:11:18+00:00
units/wine_quality__r05.phase.jsonl,1170,bab1163882f728b9f70edacfe645beb0b73c47949117a2eae1525d63eb07f784,2026-07-24T15:11:18+00:00
units/wine_quality__r06.json,19943,f5804ff6d9639063aac7537d3faf26c3029a3b5a712f1f8fa4cfeb40491c4b68,2026-07-24T15:11:23+00:00
units/wine_quality__r06.npz,9256,ce7f68809e045c0131ca8592d97510e85372f748f6a18fc6f889d20b766d0593,2026-07-24T15:11:23+00:00
units/wine_quality__r06.phase.jsonl,1170,ce5faa7c4e87ceb23f3f724ecce5d9ca672dbd14d75b47a17cc20478057d4a03,2026-07-24T15:11:23+00:00
units/wine_quality__r07.json,19852,a1558893173b1c7e470adc287e08d5ccfd143abafffe02b43bbfa3261b42a85d,2026-07-24T15:11:29+00:00
units/wine_quality__r07.npz,9097,d1579cde05e03a20669a947074b205b9f48ab40419c2c10bc3bcb01c9c646165,2026-07-24T15:11:29+00:00
units/wine_quality__r07.phase.jsonl,1170,9a6bc04d228fdbcd0202c399ee846cca74e8223bcf47b0941b354e0045122c4a,2026-07-24T15:11:29+00:00
units/wine_quality__r08.json,19774,d4b821e4d4e52fdd216f33c87ed7fbd594f872610fe489b6c43e2a926e831937,2026-07-24T15:11:34+00:00
units/wine_quality__r08.npz,8972,8fbb0e77635f7ee44b4bfd03497ef9459506d032737145d1daea2fb8a46158e9,2026-07-24T15:11:34+00:00
units/wine_quality__r08.phase.jsonl,1170,1658fd117c6c40a5d04fd0e1fb8159d9de1c6d357567713963a9866d5419464e,2026-07-24T15:11:34+00:00
units/wine_quality__r09.json,19852,3f2e352d1a8d51296cf77b005330e9bcb67f7b17159b7966799b4107976c0b79,2026-07-24T15:11:39+00:00
units/wine_quality__r09.npz,8976,8ecebb5b7c3af96054cc11b336c6c0d8c4b56b073a4767cf288a6440f676d310,2026-07-24T15:11:39+00:00
units/wine_quality__r09.phase.jsonl,1170,b504ea6c846dac1b3a504635ee9dea0471ba0c8da066a49d5b45753c45bcdb26,2026-07-24T15:11:39+00:00
units/wine_quality__r10.json,19893,9a0c6511b320f149f660587cb2c7e37b45e20df6ed2f15293d11121e68669c2b,2026-07-24T15:11:45+00:00
units/wine_quality__r10.npz,9586,508321ceb528e59d933ded412eae713285507f0a6bded4dfc0da662df3d1aecb,2026-07-24T15:11:45+00:00
units/wine_quality__r10.phase.jsonl,1170,05b114d9dab1a692fe73ddcb9a7703e1d724b4617e552fb979c8f537f3fb20e8,2026-07-24T15:11:45+00:00
units/wine_quality__r11.json,19866,394f8923143035229e356a1944c409bea3bab5cb9c9b3e0b6ff3704b94a655a4,2026-07-24T15:11:50+00:00
units/wine_quality__r11.npz,9257,50ee2f4ad73448cde698e1fa440474e22ecfe935b4315271c03cf0a5f0e2c515,2026-07-24T15:11:50+00:00
units/wine_quality__r11.phase.jsonl,1170,7401f9900da1985ca82cf16528dfdd2193ffe93f13c93dc1fc4e82fbe82c2c02,2026-07-24T15:11:50+00:00
units/yeast_ml8__r00.json,19532,61ea06c2059b932572528f3cbebb093ddf2a29de3c1d8c8800bb365f4238d3a6,2026-07-24T15:11:55+00:00
units/yeast_ml8__r00.npz,5225,89bb9eca64ab3a6a1f569d9a555ed12476127fe425d93a0f2f93c23d56000338,2026-07-24T15:11:55+00:00
units/yeast_ml8__r00.phase.jsonl,1170,85f17997ba6182ce20f78b18a0bd63f7c4b73d12f4210908e01e47b47c7909fd,2026-07-24T15:11:55+00:00
units/yeast_ml8__r01.json,19400,0392961c738c5b9bbb2a863641791f363e07f6eb507b1466a64a4b647060e2d6,2026-07-24T15:12:00+00:00
units/yeast_ml8__r01.npz,5750,b323540b961a8a7eb53a0ba8a46bc82991cd81ddb2476fb62a09da80cfc42823,2026-07-24T15:12:00+00:00
units/yeast_ml8__r01.phase.jsonl,1170,df4d9f9cbfd962f397b68eaa75ad12799d2bb06d6f2ca55458699b3110bbeed8,2026-07-24T15:12:00+00:00
units/yeast_ml8__r02.json,19447,1076f97d1659ffe7903054a1504c6ebe8f0e0e88142350b29b1df394deab0cf4,2026-07-24T15:12:06+00:00
units/yeast_ml8__r02.npz,5636,c79b3871da66cf305334e9574f66ee6f3db2d6c8bacfd15c629b1b10900dbd3f,2026-07-24T15:12:06+00:00
units/yeast_ml8__r02.phase.jsonl,1170,a12f046dce7430ff9cec86053a15247e78a8a80af32f4e0aa7a89f424233bb10,2026-07-24T15:12:06+00:00
units/yeast_ml8__r03.json,19402,81a453fbde54846cb5a6d05829e65c3ec667bc01af28b2b171fc1afd6e4a45bf,2026-07-24T15:12:11+00:00
units/yeast_ml8__r03.npz,6597,2a668b6ac23e2f26d0787f8b966c635c127111a8a76e9637db89bcb5f3ced2d1,2026-07-24T15:12:11+00:00
units/yeast_ml8__r03.phase.jsonl,1170,07479db381eab6f8fcc0a70120e263999ab944e2951340bf5c8ffb6c70895671,2026-07-24T15:12:11+00:00
units/yeast_ml8__r04.json,19572,2afaf6dce931fa4eb1e133c9c4cd1c87126d3cf1f9cf3f5c3d4665baf9d09483,2026-07-24T15:12:17+00:00
units/yeast_ml8__r04.npz,5692,76332cee777f05385f571f60f04441ae7475b16b4c28a4a519fb3f03deb408a1,2026-07-24T15:12:17+00:00
units/yeast_ml8__r04.phase.jsonl,1170,491ea85c015b1c02008a9018827982dfb676095be5a89311eef150092f037cf9,2026-07-24T15:12:17+00:00
units/yeast_ml8__r05.json,19379,45b83fa6e6197b98f52dc9136424c21e41f9a2a94820e5ac8b3d928c04401f9e,2026-07-24T15:12:22+00:00
units/yeast_ml8__r05.npz,5652,15234908f869975222acc083492f36169c6c2e77b019dea2a447b93444ed3126,2026-07-24T15:12:22+00:00
units/yeast_ml8__r05.phase.jsonl,1170,6cdb0c56fe71a4cb2b218732e12f76eef5e34ea77a2aaa4ef5c454a5c7e8595b,2026-07-24T15:12:22+00:00
units/yeast_ml8__r06.json,19482,7dc9fcde35cc7965bc5a8465b27165cfbfa2518362a3a46469f8ebf40e0a54d7,2026-07-24T15:12:27+00:00
units/yeast_ml8__r06.npz,6032,fdf5990c53478fefd1bbbde64867c894233a656b8b80088fb5ee824262d68f5d,2026-07-24T15:12:27+00:00
units/yeast_ml8__r06.phase.jsonl,1170,5539ecb2e2556360a269c30e54d5b41a0eff2a8ebd6c8e75ffc93e11f773b963,2026-07-24T15:12:27+00:00
units/yeast_ml8__r07.json,19692,90c130d7e4404195e820bffc0d17a507f1891fcade1c1e4dc7b1d60948f3e2b9,2026-07-24T15:12:33+00:00
units/yeast_ml8__r07.npz,6284,0ac3be5251ba4badb9ca6a5d9840d1fcdbbe47829a0e3b8ada1260e8eef5d9f1,2026-07-24T15:12:33+00:00
units/yeast_ml8__r07.phase.jsonl,1170,ebdfdb4ba85f8b2046c8c0776a33b7b74c3b4f1eb0c8e541db257abaa77ce114,2026-07-24T15:12:33+00:00
units/yeast_ml8__r08.json,19428,35e4ba7e36af0688b237f7e95d1dcf889a39034c02726de7f3af2a10e29ca588,2026-07-24T15:12:38+00:00
units/yeast_ml8__r08.npz,5890,f591cb6d7c91294740abbbb62209548ed0da7ab8db0681f921a2793616c4ea2c,2026-07-24T15:12:38+00:00
units/yeast_ml8__r08.phase.jsonl,1170,d314e6570a5749359a8eb1b58a6b83797df8d70f1177b09a091b08f6f35a55f2,2026-07-24T15:12:38+00:00
units/yeast_ml8__r09.json,19439,f4f49f248b080b3850be876a7e294bcc8ba7c67d3454554ce2d88f530501fc86,2026-07-24T15:12:44+00:00
units/yeast_ml8__r09.npz,6509,ee36023c2515357f20df73885681858bbe8015512ba1047b8d67abb9e0fc3ac2,2026-07-24T15:12:44+00:00
units/yeast_ml8__r09.phase.jsonl,1170,76007f498262a0d1df88f9a3bbc96d410bebb54a17315dbba0577c560b274508,2026-07-24T15:12:44+00:00
units/yeast_ml8__r10.json,19529,61752082c00995dce5e542df396b8aa1428534914694e2d0f689f2c880ae7885,2026-07-24T15:12:50+00:00
units/yeast_ml8__r10.npz,5831,74276cded230c611ff6395bf49ac27628ec8a72a387bd401e0fdae8a255f42cf,2026-07-24T15:12:50+00:00
units/yeast_ml8__r10.phase.jsonl,1170,2ba981834fc07ba7f19401c63e863b9f1ac0f5a23ee2e6711d81d379d359615a,2026-07-24T15:12:50+00:00
units/yeast_ml8__r11.json,19638,a41c13e336d936922f3451e6e2c0e780b3649c91849b2f484cba2f2f60761236,2026-07-24T15:12:56+00:00
units/yeast_ml8__r11.npz,5801,ac68124c48e721c563d814dfab6ba8430b60caf00e1e0184ea8d191a55c76d3e,2026-07-24T15:12:56+00:00
units/yeast_ml8__r11.phase.jsonl,1170,5648d360fa6cb209b0ca89b9699df763c53e96bd1edb5af456ac7ed17dc93597,2026-07-24T15:12:56+00:00
