dataset_key,dataset,repeat,seed,split_method,rows_total,groups_total,exact_duplicate_rows_with_label,train_rows,validation_rows,test_rows,train_groups,validation_groups,test_groups,train_pos,train_neg,train_prevalence,validation_pos,validation_neg,validation_prevalence,test_pos,test_neg,test_prevalence,train_validation_group_overlap,train_test_group_overlap,validation_test_group_overlap,train_index_sha256,validation_index_sha256,test_index_sha256
bc,breast_cancer(37%),0,42,exact_feature_label_grouped_stratified,569,569,0,298,128,143,298,128,143,111,187,0.3724832214765101,48,80,0.375,53,90,0.3706293706293706,0,0,0,4ecce0d65ebe34114ae54d7b6d76050bd82831d6b2b5b482511812a6d307aa0f,95f62965e25d05e6276400baf2319d23f89e5daf05a7d85aa478e37ce72c62eb,753b4c3491a051e292e065f93e0488a594fc6af6a7fed34085c28618b2cfb961
bc,breast_cancer(37%),1,43,exact_feature_label_grouped_stratified,569,569,0,298,128,143,298,128,143,111,187,0.3724832214765101,48,80,0.375,53,90,0.3706293706293706,0,0,0,d05cf2d9904ba67291718c370105b2bee49aa0c97d2c1e31ce5ea90cca49f861,0a343b63a1e5201638020f2db89042fdadd79f3f66d610ea4dd398e1a117b989,1e7d7350350d1b2fc703c930a651e9876f0147b7770289ea8f900bd47cbaf483
bc,breast_cancer(37%),2,44,exact_feature_label_grouped_stratified,569,569,0,298,128,143,298,128,143,111,187,0.3724832214765101,48,80,0.375,53,90,0.3706293706293706,0,0,0,dc247865a32e5fe2c27d336171f568c277e5aa33912bc948f8d43aabeb0c0506,cbd5f3a671d3ceae14bd1f609f8427e575142899355e67be979102d795ec5105,636cee65a544e0f03fdd312edc02f6ab937716a81baa8a28d27ffa3a0ef33a9f
bc,breast_cancer(37%),3,45,exact_feature_label_grouped_stratified,569,569,0,298,128,143,298,128,143,111,187,0.3724832214765101,48,80,0.375,53,90,0.3706293706293706,0,0,0,39258dd1a2150feef32cb0fb2ff38a0b09cd46bef0b22a4af041213c28e232e8,183327791e18888f1efc118f91ba64e7af9159ff88f6579ce4e7f5b6dc09f712,8f66729b20fb6d80b3814b835800ca2746851a085b8e90683a5f7a525b27d557
bc,breast_cancer(37%),4,46,exact_feature_label_grouped_stratified,569,569,0,298,128,143,298,128,143,111,187,0.3724832214765101,48,80,0.375,53,90,0.3706293706293706,0,0,0,66bf929333c01749d2cfe58045d464b432f55a9a879d5ddcd990745d99955504,309a1da11e99a3dc83e002f175bea353df80d1c71e6dfcc1e972b4f3bc5cad7b,4e81f6eb0ff438c15a62a284b931da99476db3ec5c8a34b4d1caabb298e0194c
bc,breast_cancer(37%),5,47,exact_feature_label_grouped_stratified,569,569,0,298,128,143,298,128,143,111,187,0.3724832214765101,48,80,0.375,53,90,0.3706293706293706,0,0,0,7064853f42ef1d327e22ed64541950ad4ab667395fd5bff2f2c52ec95627778e,8e95e859e9d5ddd03529f17e8a02c9ee1f11f62fe5693550f39355db07600d6f,b5f837e536cae89fb75374e6d6302be9aa4a3c2fe1a36adf29cf2fb1a78a854d
bc,breast_cancer(37%),6,48,exact_feature_label_grouped_stratified,569,569,0,298,128,143,298,128,143,111,187,0.3724832214765101,48,80,0.375,53,90,0.3706293706293706,0,0,0,dd4d65ff09d7cfd96dea4757995ef5df29fda3558899f20836cd6fad9c518454,0fbccc829808d2fb0f5273fa93978d41944e51ef50341daee3ec64efc17e4ea5,db5ec81e6b910f830f42b1b08288688dd8570f17d9a8704c948811814989f107
bc,breast_cancer(37%),7,49,exact_feature_label_grouped_stratified,569,569,0,298,128,143,298,128,143,111,187,0.3724832214765101,48,80,0.375,53,90,0.3706293706293706,0,0,0,87e821ec0d5761b62f7f33dd031ed2679ccd4fd3015a776e56b67a1e9fb7807c,1e208bfd6fa0760ad4aff7f400a6df5ea069fe10f47e7499fd7347a9dd31f432,5edb80a3cf01419bf90e0d96214c4050def24268cad2bc64c777e16a54a38bb9
bc,breast_cancer(37%),8,50,exact_feature_label_grouped_stratified,569,569,0,298,128,143,298,128,143,111,187,0.3724832214765101,48,80,0.375,53,90,0.3706293706293706,0,0,0,276e2d5e9c4a69ca336d6c5d30fcf38dd1e9e010f4aa0da44bc57fc1bab32b40,2501100c6f6ea6d8a2f86329ebde2979d2d7581b572df91a5632ae6d138e3639,b86298310c8b51bfe193c694cbae0516f87f7610285399765570558b8ce2e2d3
bc,breast_cancer(37%),9,51,exact_feature_label_grouped_stratified,569,569,0,298,128,143,298,128,143,111,187,0.3724832214765101,48,80,0.375,53,90,0.3706293706293706,0,0,0,45c0b841d9078469e91f7940f76200a250f61ce61a445699acbf5db364de9e5c,33c213a0ab75f252b51ac2e6b3b72e65bb437763fa9130202ef42208a948e126,3904d0fdc9521860dbd471b3c679d6d8c5f8d6c430bbffa2bf96c08f3cd68e81
bc,breast_cancer(37%),10,52,exact_feature_label_grouped_stratified,569,569,0,298,128,143,298,128,143,111,187,0.3724832214765101,48,80,0.375,53,90,0.3706293706293706,0,0,0,b6faa6697ce4e64f6c89644c9847d74d8cec77626c0770276b449a39920032ad,337636340f2eae94f3b7e89137e348223d21a88eacef2b4211ca5f8b9e5d455a,f0045e036a2b5e1e394ecc8cdd5d98940227d43c5ab081f1a73909e37d688134
bc,breast_cancer(37%),11,53,exact_feature_label_grouped_stratified,569,569,0,298,128,143,298,128,143,111,187,0.3724832214765101,48,80,0.375,53,90,0.3706293706293706,0,0,0,e4326e899b4d75cb60cdd2fafeb8055b8e104dc5e8b86d42549a17624a8adaf1,5543a56847b8f2137e182d7ee3d1146607789b9971de4198b6f889ed684e1b43,cbce1bd1f5bfa9b1f5df3256c1ecc3c2de32eeda60c94622382081a528c0a002
synth5,synth(5%),0,42,exact_feature_label_grouped_stratified,4000,4000,0,2100,900,1000,2100,900,1000,116,1984,0.05523809523809524,50,850,0.05555555555555555,55,945,0.055,0,0,0,2ea890b41116fb1d666300de56939b06b9c22d5b0e02ff6acb0ff27d60942ad7,7cfd449cfc4d32392a13c7fd25881975cbaaef068f1b5a70114539d9e53fc565,2f9d7b15fc6056121abac9a403d9609d8f79ea10adaaa60bc87f14f78bc73f17
synth5,synth(5%),1,43,exact_feature_label_grouped_stratified,4000,4000,0,2100,900,1000,2100,900,1000,116,1984,0.05523809523809524,50,850,0.05555555555555555,55,945,0.055,0,0,0,5d390e90524e231cc4c8d8455d6a44afd2891d9c4fad2481e1fa16d363bc7f38,14df61ed1caba2cb8a060c2e0063e0d144a462816080315875c528bf3719b02f,fb4edb168c29f6440adcc45e6db3686cb35f1ed25f4b960cc028562296073c85
synth5,synth(5%),2,44,exact_feature_label_grouped_stratified,4000,4000,0,2100,900,1000,2100,900,1000,116,1984,0.05523809523809524,50,850,0.05555555555555555,55,945,0.055,0,0,0,1c802c78c9cbeec1f60d76b5cf88b2036cd764ba16c75f80c2bfabe9ce5ddce8,433e596ff9af72235c4a3ca703ab1ef530ebf791e57e4e02481eb288c58b9d12,ffe4dd28c626fb3b43f6b3769305345e886a1a1ae020efbdbb4fa474049ae225
synth5,synth(5%),3,45,exact_feature_label_grouped_stratified,4000,4000,0,2100,900,1000,2100,900,1000,116,1984,0.05523809523809524,50,850,0.05555555555555555,55,945,0.055,0,0,0,e592cf14598b8ca6fabf844dd5761cfc540e3930599d62f1316b9d798a56eff8,784780519531b5633773dc91050e444c478f9c4414e5fd3549c18580c6e4bb54,a241ab20818a9540de7b26eb2274ba90cd1e6b23b1a0c876a6e83eeae4bbb0d1
synth5,synth(5%),4,46,exact_feature_label_grouped_stratified,4000,4000,0,2100,900,1000,2100,900,1000,116,1984,0.05523809523809524,50,850,0.05555555555555555,55,945,0.055,0,0,0,ad22305112eefe67dd8379dde0615e9f95224641583987e6070cfbc30adf964f,0db12f3caf0495d03647f3a16f70065db24302d1c98b67ad2685fbc39b431d08,02abcf02dd00ca589b49f48757a7e4d445037539fa5ae379e3b64ff2798399ef
synth5,synth(5%),5,47,exact_feature_label_grouped_stratified,4000,4000,0,2100,900,1000,2100,900,1000,116,1984,0.05523809523809524,50,850,0.05555555555555555,55,945,0.055,0,0,0,090923c4d6e4b40c098ced86389f177d80ac6fd70cdec091e8e8e67cd301a6ac,8308650cea2fddf63ad1ddab4999bfcbcac3ee5d42f884ed0c352915707a9392,bd4021edc3f528cbd1d190d283a5a6ef4fef09e10163f514b07760a34bd3d397
synth5,synth(5%),6,48,exact_feature_label_grouped_stratified,4000,4000,0,2100,900,1000,2100,900,1000,116,1984,0.05523809523809524,50,850,0.05555555555555555,55,945,0.055,0,0,0,fa3551c53f8b1755ea2e55a8552aa1c27be0a02da6ca6d9001bb80c8edebd724,f8b308999bf3edca38cb6919d48fcabf0318495361e3af9e6c61d6b2aed4502c,7868b596b94362fa6cacf4026e48c114a7fe968a198054c21308c5359af6d6c2
synth5,synth(5%),7,49,exact_feature_label_grouped_stratified,4000,4000,0,2100,900,1000,2100,900,1000,116,1984,0.05523809523809524,50,850,0.05555555555555555,55,945,0.055,0,0,0,11458a951d1900953186be46d8462f903e10f1b83d8840abcf02a7a88f92fb1b,e1a99d1b6107d5008d2549897449a874f1b3b76212fd428a7e68e4425c2e2438,735fcaea9c1664df95e0799725ad7a48567dc6e85eec5a700a6b12a872241b2d
synth5,synth(5%),8,50,exact_feature_label_grouped_stratified,4000,4000,0,2100,900,1000,2100,900,1000,116,1984,0.05523809523809524,50,850,0.05555555555555555,55,945,0.055,0,0,0,895c6e635f27e1bf8bd957af2f92c2ed9a8cf141ee550522aaf4ad7af1a86fd0,6389bb40f896cd908b650c750f0f07ea43e32c9ccba8e7ba13ef6428d434ba30,4fef3faaa8cbe306474deb70431be5c8b56315d25e90b3101a73ab0598876d19
synth5,synth(5%),9,51,exact_feature_label_grouped_stratified,4000,4000,0,2100,900,1000,2100,900,1000,116,1984,0.05523809523809524,50,850,0.05555555555555555,55,945,0.055,0,0,0,389db15385d492299b016e5b86bd7b374370d15a9d2f9fc32683c730b832d191,2df22187f4e2a88e911fb47087a522d202b5f5eed6283771cef9969995a9edcc,8d04361ca1a772af7c1d98253e0a1f270ec330918a7ce76375a93e8a7b9e94af
synth5,synth(5%),10,52,exact_feature_label_grouped_stratified,4000,4000,0,2100,900,1000,2100,900,1000,116,1984,0.05523809523809524,50,850,0.05555555555555555,55,945,0.055,0,0,0,f0529e92c1bf57bd00b118ac1522002e36aec8fb34767469149ea9c8ee54d62d,198fe1c94fe2da3fd727e904e3540e6d2cad74a0ed1f3bd17e180798cc0dc43b,cac01fb2990d9ff8f406528ec1b5e90c9571037c10aafe79a2e4200222bddbf3
synth5,synth(5%),11,53,exact_feature_label_grouped_stratified,4000,4000,0,2100,900,1000,2100,900,1000,116,1984,0.05523809523809524,50,850,0.05555555555555555,55,945,0.055,0,0,0,40dac7ade85e7ac266040fae9fc40e663814ebf58839a562f7885a9fdd9a35fa,7398d005975109b9c5ccf149cd9354f5243be16928b1b9eebe9912228df3c0dd,4adc0ae853c466b71cecf6ed0120f6f1f824e8a6e00357d979dd3820cd15d94a
synth1,synth(1%),0,42,exact_feature_label_grouped_stratified,4000,4000,0,2100,900,1000,2100,900,1000,27,2073,0.012857142857142857,12,888,0.013333333333333334,13,987,0.013,0,0,0,7d98eecb3d8c97040d59b84d68a68d2a13bac5432d6545fcf511cc112e30399a,23319016dc38f89c1d03cd2ba7e25fa63d5cea3c416b92fb7f557cfec0190d56,1095c03d85657d25a6596116cdf30370662a7084384ce28c6a2389ad5b656215
synth1,synth(1%),1,43,exact_feature_label_grouped_stratified,4000,4000,0,2100,900,1000,2100,900,1000,27,2073,0.012857142857142857,12,888,0.013333333333333334,13,987,0.013,0,0,0,8ab8eebff28a392bcc13545784f14b9a82221afd459c0ccebaf77310897e9364,8a23af52aa2a8813cf40820f8e9954347f6c0aadfb169f0d783070fb3a4d5d9b,38b3c1628ee750a479a0108434a15073cef6ead1dc264bd942a1c304c5952c14
synth1,synth(1%),2,44,exact_feature_label_grouped_stratified,4000,4000,0,2100,900,1000,2100,900,1000,27,2073,0.012857142857142857,12,888,0.013333333333333334,13,987,0.013,0,0,0,933c6e5c4c1054d6b97f8d278f32ee421562bd318d257b6afb7f2e2f7df291ec,110373f35e3590fbeed2d617265c9c9fcc949b9dc88a39b6b2194bec68cd0594,a668ad241d32447d85ebbab09693e647033a40c0ca549f4f4b5d50b0a4069b8e
synth1,synth(1%),3,45,exact_feature_label_grouped_stratified,4000,4000,0,2100,900,1000,2100,900,1000,27,2073,0.012857142857142857,12,888,0.013333333333333334,13,987,0.013,0,0,0,a3972ff2e114c27341a639108217213123c68413c425a5f41319cad926c0061a,6eda6f8d89f6e821dddcab83952e5206c7bb22ca5981ccfd7628774a0e0ea065,f0c3d7793a12212f0b668beb960a374372bee269a319ae2f5da3d2ab81afaf92
synth1,synth(1%),4,46,exact_feature_label_grouped_stratified,4000,4000,0,2100,900,1000,2100,900,1000,27,2073,0.012857142857142857,12,888,0.013333333333333334,13,987,0.013,0,0,0,0c8af67fcd3927f27b0e7b79b2902412662e3bb1fb9949377f337e8418cfa909,d3d8cbef0c39d61ca13748540394ea643edbf9e82a044d2fe3afb6f16b584407,73d1dca4d7822d723183319a6184b55ba7d52a140c1c37ea7f708b1809947eab
synth1,synth(1%),5,47,exact_feature_label_grouped_stratified,4000,4000,0,2100,900,1000,2100,900,1000,27,2073,0.012857142857142857,12,888,0.013333333333333334,13,987,0.013,0,0,0,b5065c7e76bdf3bf3c2663b22f8444ae273153f9df3a5a5b103c3614da984a8c,a9f341152642184a549e3239e225b585477d9f5d5f0c594411f05e60df102448,55fe7a5628f55bb8827ad07a06312540ddd02259cff7f603618088fd52839bf4
synth1,synth(1%),6,48,exact_feature_label_grouped_stratified,4000,4000,0,2100,900,1000,2100,900,1000,27,2073,0.012857142857142857,12,888,0.013333333333333334,13,987,0.013,0,0,0,728c382871ce83bfce5789ee4f10a331834a4dcf5d9a2f2f8923b5b93156c7df,02cb89dc1764c179945bff7453045ad3a9b8e82e8bba68a80c0e959e44b781fe,4ef545423884ae5f20bd41ac1d0d1d57a1eb1a626e228ccc30620e65e0935f9b
synth1,synth(1%),7,49,exact_feature_label_grouped_stratified,4000,4000,0,2100,900,1000,2100,900,1000,27,2073,0.012857142857142857,12,888,0.013333333333333334,13,987,0.013,0,0,0,090003570dff915febdcdd7508effc9687ab2835c8249ce0e4a17e940e79f111,3f0a1c73477ae26943fd82e6d8b0627eb6e4f11d4d24f80e6384919b64397a80,61d1d668007f66e8099abfe1eed6e62c7f917ea7adfb3b4bd4f8eb307e442d49
synth1,synth(1%),8,50,exact_feature_label_grouped_stratified,4000,4000,0,2100,900,1000,2100,900,1000,27,2073,0.012857142857142857,12,888,0.013333333333333334,13,987,0.013,0,0,0,268ac0feb022f7943ff7015cdd45a207a76389ff71e694a2d945f0a465b6013d,fcfb797ad4a57b39e89a7fe0e891b8239cd08e1b54cd1bc12b13449493d0f098,844ce388ff05ecd4297621a7be36e236165722366ffa881adac6d4696ff448ff
synth1,synth(1%),9,51,exact_feature_label_grouped_stratified,4000,4000,0,2100,900,1000,2100,900,1000,27,2073,0.012857142857142857,12,888,0.013333333333333334,13,987,0.013,0,0,0,c37e23d7539c2606d3076c650395ddf6d4360987123248fd397d60aaa8cd1a6f,97140b4b1698762d790dab82b4b05c0ba73e0181bf577b03752534b77b58983b,bf0478fd91e96642d3d186521b6a555caafc1d4681cf2f5d4a5a74f0a79f393d
synth1,synth(1%),10,52,exact_feature_label_grouped_stratified,4000,4000,0,2100,900,1000,2100,900,1000,27,2073,0.012857142857142857,12,888,0.013333333333333334,13,987,0.013,0,0,0,a37387f5f748c1e10e2c06f889feee1ea1131e05bd0ca56527cc7d65f07ff845,6198cb25c01d965923fb1d6e6d66fc5cbb97fc3593d0d0d22e6accd184647b2d,d30487e06e18bc3d2a8fce80afe8ce5d9f4b42813066a001b35a43ad38f98bc0
synth1,synth(1%),11,53,exact_feature_label_grouped_stratified,4000,4000,0,2100,900,1000,2100,900,1000,27,2073,0.012857142857142857,12,888,0.013333333333333334,13,987,0.013,0,0,0,3015ae48d1000f5fd3d85ba19aefc92c4f9ff69d9cbff4f3074dbde33c007968,28477bbe5a9da60b2c527fd2ffe3b131e46b80b2ee0500ff738383e921416732,1dce1767f89d690b300dffb93457587ecc04d97b51bdb244e906a5929f12daf9
cc10,creditcard(1%),0,42,exact_feature_label_grouped_stratified,49200,48631,569,25865,11067,12268,25531,10942,12158,259,25606,0.010013531799729363,110,10957,0.009939459654829674,123,12145,0.010026084121291164,0,0,0,6c75147de0501b87903bce5640d89e388fac84e4d6a5402f08966720acd0247c,35b62a38dc85c285d288b5d311899e781863adea49d7a1e407e4783a6f75b81e,0b3eb91cb646e68533cef5452c5e804dab232845a721fd07d7593ec08608faa2
cc10,creditcard(1%),1,43,exact_feature_label_grouped_stratified,49200,48631,569,25841,11053,12306,25531,10942,12158,257,25584,0.0099454355481599,110,10943,0.00995204921740704,125,12181,0.010157646676418008,0,0,0,ce8988960300e528f6b1d7eeb1134436533f39cb18acb2cdbb29926dc09fcc81,d99c0ffe64a702181f93499250bb3df36f6fc034bd1f58213b76b053aeb29a0e,706043c9762ee2734e329eff0d300878172486f6b64df829559d7e72dea7a1ca
cc10,creditcard(1%),2,44,exact_feature_label_grouped_stratified,49200,48631,569,25833,11060,12307,25531,10942,12158,257,25576,0.009948515464715674,115,10945,0.010397830018083183,120,12187,0.009750548468351345,0,0,0,87c9dd1129100918eeb86d4f96a9d9cc4480f095959084c4e82148d1c5e8e582,8565fd88d8de97d05000a699e71084554df54e90c534fd9097914794594b1f01,31a45eeaa1ea834e56b653747411586a981f77f6db22a59d8904aabd7ff97252
cc10,creditcard(1%),3,45,exact_feature_label_grouped_stratified,49200,48631,569,25841,11090,12269,25531,10942,12158,254,25587,0.009829340969776711,111,10979,0.010009017132551848,127,12142,0.010351291873828349,0,0,0,3ede5c7d09d9f9578572e5874fe58b65b831e3295374e2741b59d931f1653c73,5b7a9f3156041ae7ec469111e4c60ec9b583e9eadb33712d3b8c5eb854f49a78,a363803bb6c4c1d3fc2bcfa77d85f7929218825a69fdad5f25523738849dea7e
cc10,creditcard(1%),4,46,exact_feature_label_grouped_stratified,49200,48631,569,25790,11083,12327,25531,10942,12158,253,25537,0.009810003877471888,117,10966,0.01055670847243526,122,12205,0.009896974121846354,0,0,0,bf40b1092fac6a5000a6ad77a23d2b3d836ce698f5ea8359fce36b9b5ea8b43b,1cb10cad9b1d441db6ae37e605a61def384c77fd7555c869a6c6048555b86443,daf744bcbc3f95bb8a4c090c883f96533eccceeb89fb5c7c8e24a3ba8537a32c
cc10,creditcard(1%),5,47,exact_feature_label_grouped_stratified,49200,48631,569,25851,11051,12298,25531,10942,12158,256,25595,0.00990290511005377,114,10937,0.010315808524115464,122,12176,0.009920312245893641,0,0,0,711a46598b9bbc4809baf878f89ad45a6fb17a564871cab8a20cafea9d9dd993,1f1d2b5ca3d86a50dd65457ffbe60d59b14eff0bb81504c3d804d1b60e85660f,0d9208958a060714b60285b0557e0ad71969a3caa14a0d38b69ad53914d7db4a
cc10,creditcard(1%),6,48,exact_feature_label_grouped_stratified,49200,48631,569,25830,11063,12307,25531,10942,12158,257,25573,0.009949670925280681,110,10953,0.009943053421314291,125,12182,0.010156821321199317,0,0,0,c80088894ce2f0d18eaa251d00c77136724c265ed8bc2d6681950720cf1db108,03ed240cbd3d200af4aae4d9b7e76c758576d2feefb0a14a3870d59c8b27e290,235ff55c26ec6b75f062d1cfede9290aae9e6b9a7a4e36d3b71f6cf24b552392
cc10,creditcard(1%),7,49,exact_feature_label_grouped_stratified,49200,48631,569,25839,11081,12280,25531,10942,12158,262,25577,0.010139711289136577,110,10971,0.009926901904160275,120,12160,0.009771986970684038,0,0,0,466c378be4ef6a9452f0e3ea5278da1b3647d77494de9687315c4c67b49ee7e2,5f41780cddf07e2302b342e7f0664c0dd9424a4045af80c298c67de335004d2f,36dd9c54871ac801831acbd0ac2616badbaca3f1fc854884f0d8b16b0d92075d
cc10,creditcard(1%),8,50,exact_feature_label_grouped_stratified,49200,48631,569,25836,11085,12279,25531,10942,12158,256,25580,0.009908654590493884,112,10973,0.010103743797925124,124,12155,0.010098542226565681,0,0,0,7736dddc131a9ff4480bc99662557ad10ce5dc87ae69d928183a32137e52d1d3,78921a4b83bbf49068ffa8ff46ed2cd5ca484d8e4b6a629d8620a31fcd6ff4e0,b0fc5b358551b6f95901b45c86a56242225937231413cdfea4a1597b13e22004
cc10,creditcard(1%),9,51,exact_feature_label_grouped_stratified,49200,48631,569,25838,11075,12287,25531,10942,12158,261,25577,0.010101401037231984,111,10964,0.010022573363431151,120,12167,0.009766419793277447,0,0,0,fb3a685a61155ab74a421ec5001328a136ba48db20239209148e2a5d4049861b,6de1897484696fb31d1a08500495ee8c42a7688f454e7f540af29e1e8bcf834f,49124f90a1f3960419634511191a0bc0ebeb555be0138e90513a19525ff1539a
cc10,creditcard(1%),10,52,exact_feature_label_grouped_stratified,49200,48631,569,25868,11038,12294,25531,10942,12158,263,25605,0.01016700170094325,110,10928,0.009965573473455336,119,12175,0.009679518464291525,0,0,0,18c249459c69ede70e824e08a40f596749d8afb6aa5dbab970c7a81c98ecce79,652ffd81c925bfaec2b2e9678a008b5df007cfa2561e0da780baedcd0a2c6e3c,81678f03136072bf3567c4cf754cd9ffc4525c12b181e556afc882ad1546d3b0
cc10,creditcard(1%),11,53,exact_feature_label_grouped_stratified,49200,48631,569,25852,11072,12276,25531,10942,12158,258,25594,0.009979885502088814,115,10957,0.010386560693641618,119,12157,0.009693711306614533,0,0,0,55e7143f56a114d4fb368278d8ab59452781b47d870999136c1c766673d80df9,b7e5da303f9c4f6ff329368343e00d1925c3c68e6e64f07164542720aaa631e3,e2f6da9736ddf698510698f7c99f1b2c51016e922c2ef3c4aded00e020be3d5b
cc5,creditcard(0.5%),0,42,exact_feature_label_grouped_stratified,98400,96700,1700,51611,22165,24624,50767,21758,24175,262,51349,0.005076437193621515,110,22055,0.004962779156327543,120,24504,0.004873294346978557,0,0,0,7564a703cbcfb3ae7bc9641e4deb15f2b134c04f067c0e24d63390478efb0d98,05a68c0c9840941379394dc8e753e5cd25454b23e8703ceeb187cccd1549d1c9,9e4c57fc4c74fdfd05416754d70b3814c4377e70267cd9ca23d5b27a083b3fcb
cc5,creditcard(0.5%),1,43,exact_feature_label_grouped_stratified,98400,96700,1700,51606,22218,24576,50767,21758,24175,256,51350,0.004960663488741619,114,22104,0.005130974885228194,122,24454,0.004964192708333333,0,0,0,7c24313c8a5b0637681fa577b3c03c0d6f9f75954c1a63fa38dc18b1c0e4a44e,e145e9b3831a01822964e37220c06ffc3d8826fcebf801f866ad2f43f3a55db2,574a41971c5f89a7a4018a7327a72a2305c32bbdf30a3da8d90e00305d604834
cc5,creditcard(0.5%),2,44,exact_feature_label_grouped_stratified,98400,96700,1700,51567,22173,24660,50767,21758,24175,250,51317,0.0048480617449143835,120,22053,0.00541198755242863,122,24538,0.004947283049472831,0,0,0,fbb2269e6b405090f8dbce6ca3befbddccaee39241a61ce3e9ef92bdbe4cd6a2,aef6268426dc8d878a96cca9e4f1e64b0587955784d0a34c891bda87527943bc,26aaa660baa7e55f595a5daa1cbd3b4ff36c4c8e7a0766025c5fb8efef7d0761
cc5,creditcard(0.5%),3,45,exact_feature_label_grouped_stratified,98400,96700,1700,51608,22174,24618,50767,21758,24175,259,51349,0.005018601767167881,112,22062,0.005050960584468296,121,24497,0.004915102770330653,0,0,0,ccf9ba05b3fb5369e2726fbad6d06a9c463c5796b86d2f1f761e0b65cf8faa23,69d6824860fa75f22547d82e5470cfa47225d1d4f93cb12dd55b20d3a01cf37b,3a2526727ecc3f3a50d3408cb6f684f7ce1a7c51ec0d15eaaf3f227abad46f34
cc5,creditcard(0.5%),4,46,exact_feature_label_grouped_stratified,98400,96700,1700,51661,22135,24604,50767,21758,24175,254,51407,0.004916668279746811,113,22022,0.005105037271289812,125,24479,0.005080474719557796,0,0,0,dba040e5a94b8e78c7907e08c92e6d16461064f56eb06e479483b267f38aebff,be34686e55692bba3bff94bc726d5bf3059775fc965ae44056b1ac572a8d125f,a99562549ea9e169738c8c4cfc9e0b20896c16d44ee39961595aec468b86c4bc
cc5,creditcard(0.5%),5,47,exact_feature_label_grouped_stratified,98400,96700,1700,51708,22122,24570,50767,21758,24175,253,51455,0.004892859905623888,109,22013,0.004927221770183528,130,24440,0.005291005291005291,0,0,0,655ca07f5ac5d4a3725debfde944b35e1c8819ea8ff888add63171661452250a,6966b578820600458114022d16d07b0ea20343871def82cb7a52c397f31bd240,4520dce947ae9d9aad7dcc6c5ff76af13df92dc209aa68c94b243c976bbd92e4
cc5,creditcard(0.5%),6,48,exact_feature_label_grouped_stratified,98400,96700,1700,51639,22155,24606,50767,21758,24175,260,51379,0.005034954201281977,110,22045,0.004965019183028662,122,24484,0.004958140290985938,0,0,0,cb2994a3d4c3f6979e207b375aba0785efccfd9ed0a5cc97a9767c8ee234acae,66d5326936bd2d6ef0afa7af3518a831d8d5679ba252dc09230b990e07e4f6e1,1875ae1cd3534846342b7a8059027d4346969fca004009d0d9c20d8c20740d21
cc5,creditcard(0.5%),7,49,exact_feature_label_grouped_stratified,98400,96700,1700,51643,22113,24644,50767,21758,24175,260,51383,0.005034564219739365,110,22003,0.004974449418893864,122,24522,0.0049504950495049506,0,0,0,26d788e8fc687f03545e1758b44799f4ab8adf471312639ed71574749cf304c9,c1a05d2c462068d4fdf9053e489d5a2f18c553148d802ee37717141ff846615d,33eb9ce4c59360ed9b933ad7e3cea502146c4c274255b53da9ee7afe5c60c013
cc5,creditcard(0.5%),8,50,exact_feature_label_grouped_stratified,98400,96700,1700,51680,22117,24603,50767,21758,24175,260,51420,0.005030959752321981,111,22006,0.005018763846814668,121,24482,0.0049180994187700685,0,0,0,518cefaa63c7f64c4906cac0b5ebaa16e4c99a2efdd8a119de7fa6ec5ccea662,e2c1bdae44a96a9e164e8750825db191cc56c99a6a34003187f8fd73ae7a7577,46f033559f7b303ef8887419373e64b83ddf58f3faa186ccba30fcea493eb2e6
cc5,creditcard(0.5%),9,51,exact_feature_label_grouped_stratified,98400,96700,1700,51629,22158,24613,50767,21758,24175,260,51369,0.005035929419512289,110,22048,0.004964346962722267,122,24491,0.004956730183236501,0,0,0,f7b3a88d5cedea918cb0b2b2eae5abeeb3f15ab5194d760dbc95c8d66873d072,4c6d1fc9b4339f75947c5893f83b73eb80334c2a79d91e83d61e4e20d22457b4,ad2e4d7b8f91d0eeb28d910b1e2e5325839a3092c098f5232fc879b53bf3cbbf
cc5,creditcard(0.5%),10,52,exact_feature_label_grouped_stratified,98400,96700,1700,51673,22103,24624,50767,21758,24175,261,51412,0.00505099374915333,111,21992,0.005021942722707325,120,24504,0.004873294346978557,0,0,0,88299ce423b6a0bf90bbd6462d189faf2b9bf2268af76cf747ccf05403737982,0e4417ffed1a58c9a03260b7a52c2bb2210c2c1877bd36df18fa3750dc9742f2,4b1517a472b4fa8430cc2bb317dfd9f30f394900c383e3f80790a6255e39185f
cc5,creditcard(0.5%),11,53,exact_feature_label_grouped_stratified,98400,96700,1700,51678,22063,24659,50767,21758,24175,252,51426,0.004876349703935911,114,21949,0.005167021710556135,126,24533,0.005109696256944726,0,0,0,f857429d85a49a1459da0c353d03acbbb0d489122c7a026386b9c2353f6cfad2,fea450ea3519b118e2ab0990ce5195027c5609f23f62408e00926225d3f0c2d7,e22072cdb2929a025526450e9d2d2bd9e1ec4146762efba1d07fa588e27a0dcd
iot,iotid20(6.4%),0,42,exact_feature_label_grouped_stratified,40000,28285,11715,21150,9219,9631,14849,6364,7072,1358,19792,0.0642080378250591,565,8654,0.061286473587156956,638,8993,0.06624441906344097,0,0,0,1deee7bf4a6d639da96d3863e329472e33aed097dab41526868ce8f5e65cd66c,17cc4e28e18905961980d9e6a4fff1d0d8d16607e8c35fd020eda5efddf52ae1,bee5ca69b987f10c8952dea098ab27c3a7310676d25335756ff6475368e03d0c
iot,iotid20(6.4%),1,43,exact_feature_label_grouped_stratified,40000,28285,11715,21414,8702,9884,14849,6364,7072,1345,20069,0.06280937704305595,574,8128,0.06596184785106872,642,9242,0.06495346013759612,0,0,0,6b4327c8754ac75d8aa1940cbc44db63354bd08120825f4cbe88b880535f1093,1ba323b0ca68b1435ea95848bbf6d8c7cf8ff793c9edad4a13d5701f3dabd916,4bd64723639e2f2d67bd0813923d833f9cba86cb264ae00a7eedcb3b7c8d0d89
iot,iotid20(6.4%),2,44,exact_feature_label_grouped_stratified,40000,28285,11715,20804,9045,10151,14849,6364,7072,1351,19453,0.06493943472409153,560,8485,0.0619126589275843,650,9501,0.06403310018717367,0,0,0,3bebe4d98b00d68671e314440641a54a16dd06833868096957aee7fa33d85d55,cffbc4e52de11267ef796eda16bc7c4303e70c4da791ac3977acdc5d6ec75e52,463197e8c501fcc4c54006ace9081e9378a4cfc0414100140be526f7637c14b2
iot,iotid20(6.4%),3,45,exact_feature_label_grouped_stratified,40000,28285,11715,21124,8928,9948,14849,6364,7072,1353,19771,0.06405036924824843,568,8360,0.06362007168458782,640,9308,0.06433453960595094,0,0,0,8782a564d0c2dc14d62403376396ae8100b82321d554f01b006f9c0c172ae1e3,ffe5ca8cf29bea69449e8d66b268c428ed278683e68f692ade6590a938024cca,f98dec788a6ba30fc4ecbca0e9ad654207e4f16157785453e41b16e1c0f948ec
iot,iotid20(6.4%),4,46,exact_feature_label_grouped_stratified,40000,28285,11715,20953,8980,10067,14849,6364,7072,1345,19608,0.06419128525748102,560,8420,0.062360801781737196,656,9411,0.06516340518525876,0,0,0,c24a1d0f6472713f82c45225247e8b829e525aa6b724123679431340cc00641d,7ccf38ab5b759f4cfaa131a8e6e9d980c2e111faf8b5f84a336b01a03b419a90,fe9703c4b90d7f61ed0d8fdd839c00ec2c24d80ef6c88da2708c17ee3de72230
iot,iotid20(6.4%),5,47,exact_feature_label_grouped_stratified,40000,28285,11715,20907,8986,10107,14849,6364,7072,1359,19548,0.06500215238915195,562,8424,0.06254173158246161,640,9467,0.06332244978727615,0,0,0,064f31315a5b5b641eafe7751630d4c43c4102239816739247815a7037c04374,71e735de943c37f920c8934c48638a3f290dde44fa1a91da0106ab8d1dedad0a,3d8042602835ec84126d8add4f68c2617e9a871c544890f310c6794aaf3afe64
iot,iotid20(6.4%),6,48,exact_feature_label_grouped_stratified,40000,28285,11715,20566,8942,10492,14849,6364,7072,1334,19232,0.06486433920062239,577,8365,0.06452695146499665,650,9842,0.06195196340068624,0,0,0,0b106e5e74c8350d4af49791ff6534d820d31274a75d9c52304b684fe3747ab9,59ec80bcfc4da1f5831dbc95ee59dca24b071e6fd3cac37530b6f26db2522b02,41702b688fffc7048f458dd37476368311a43560edb93d1cfbe1517507d32904
iot,iotid20(6.4%),7,49,exact_feature_label_grouped_stratified,40000,28285,11715,20864,9123,10013,14849,6364,7072,1337,19527,0.0640816717791411,567,8556,0.06215060835251562,657,9356,0.0656147008888445,0,0,0,fd0ebdcf9398a527493abafc32d28c43ddba072f09172415383806892f72e8fa,e504065b790c43080f702368b79526794c92b09d1eb7a3f452caafcfe1c9f559,292c1f267ae196301d4ec12ae23de3678dd98d74bb09846872eb95f1cb620429
iot,iotid20(6.4%),8,50,exact_feature_label_grouped_stratified,40000,28285,11715,21061,8691,10248,14849,6364,7072,1355,19706,0.06433692607188643,562,8129,0.06466459555862386,644,9604,0.06284153005464481,0,0,0,23570db690d90ea85c79fda7a68ea3d1fb4ff075d93dd5533d7209be5edda820,e5d660d64106e7b4b0d83087583a48cdf4f79154bfcbb431d74ed74cfc41acc1,af8f9e1c562809748a6f55b881ba07b180f3c30fd8fe2f102309d8b4d584a1c5
iot,iotid20(6.4%),9,51,exact_feature_label_grouped_stratified,40000,28285,11715,20881,9075,10044,14849,6364,7072,1360,19521,0.06513098031703463,571,8504,0.06292011019283747,630,9414,0.06272401433691756,0,0,0,9543cde8cb4e55fad75e84039451445a0cb5e2ee9179a147da829accfe5ae469,00a15a81c6ba055d8cd420120a601b01e6313e83273e97f5055a674b69ee3b2b,fe87b6288e4798403a417823c0a62fe327ba4c68d885c9d68a4f53451004dfba
iot,iotid20(6.4%),10,52,exact_feature_label_grouped_stratified,40000,28285,11715,20862,8951,10187,14849,6364,7072,1345,19517,0.06447128750838846,582,8369,0.06502066808177857,634,9553,0.06223618337096299,0,0,0,c73d4a15fe835cc048d2e55f7c041bf272b49fe062259ad8b030d1f3be58a213,ddf4874f50ba86cb2c546892b7c5a6c9d9547dd9b3dad468ccc917f0e3bf07da,49d0714c9ad5ef8de49ed2f103170f58a18bb30702d9e030f0480b52520d8a83
iot,iotid20(6.4%),11,53,exact_feature_label_grouped_stratified,40000,28285,11715,21182,8796,10022,14849,6364,7072,1358,19824,0.06411103767349637,571,8225,0.06491587085038654,632,9390,0.06306126521652365,0,0,0,40b1b9679515272474e24b2c840ea85481c3704a6a216a9180d7429d2ed69be0,26de1453c6542b533ade2be5206c85754d8ed7ac90e8c3dfa811c72948999acd,ead8127c3fcbeb1da6486289c709705cec5d1d6dbcbe49d9dd79148baad8c8ed
abalone,abalone(9.4%),0,42,exact_feature_label_grouped_stratified,4177,4177,0,2192,940,1045,2192,940,1045,205,1987,0.09352189781021898,88,852,0.09361702127659574,98,947,0.0937799043062201,0,0,0,a343fe2c49255f4d827175a37a53611e82b62c981f1c569132a10f34b823e4df,1a7a30580a73018ada4bec3f4b5b66a6fd808b329eab0d90b53b1e58f58c9990,697543a6582f8a74984e920c8a9f00b5939d2393b280b582bfd8f349998b5b61
abalone,abalone(9.4%),1,43,exact_feature_label_grouped_stratified,4177,4177,0,2192,940,1045,2192,940,1045,205,1987,0.09352189781021898,88,852,0.09361702127659574,98,947,0.0937799043062201,0,0,0,3af5d89932c3b5a3315f584573ae2848d3de7ac55512cec350cdb88847bb5ba6,830e595624151a3100d19abd6c3aa781149e7d6914a0aec961fa5a248fbe2340,1fbab9ecc55c101c06bf707a8eecb35e13e96c63258024e7fb3a6bdebbdea980
abalone,abalone(9.4%),2,44,exact_feature_label_grouped_stratified,4177,4177,0,2192,940,1045,2192,940,1045,205,1987,0.09352189781021898,88,852,0.09361702127659574,98,947,0.0937799043062201,0,0,0,72f23c7c0f16089074dc43c83163d8122ac744550a00f53bfd2209187003bbda,a25c2f67d2480c1cc8506f2c98a8ee1badc46f0f827894d55d2d90531868b4d2,013255cf28910a1c7629a381395087d5d1c60ab70214ebadbdf5eb762c269836
abalone,abalone(9.4%),3,45,exact_feature_label_grouped_stratified,4177,4177,0,2192,940,1045,2192,940,1045,205,1987,0.09352189781021898,88,852,0.09361702127659574,98,947,0.0937799043062201,0,0,0,5699ce3e0db921ec62270c11c29827aef8e49187b078efcdfa8baa542f2d7522,856ac9e0cbaa38c4b4d5ae8724155f39037e9254286f3c60bf7e2684089883df,f3b37f1937516c8bcd3e9b782a54a38fe5a475696aadb065e3e4d940c1fb24df
abalone,abalone(9.4%),4,46,exact_feature_label_grouped_stratified,4177,4177,0,2192,940,1045,2192,940,1045,205,1987,0.09352189781021898,88,852,0.09361702127659574,98,947,0.0937799043062201,0,0,0,094372ff7142cde1c2edb6018f793c23b464300b3dbe0c839f33a1fe11e15eef,16b942b5e327ff99e095583d19496d217455fa6c0e4df0598c559bf650168a58,4a776f50c5455618034a0dbc7879085c473b512d383032f5343a22d2516c69a5
abalone,abalone(9.4%),5,47,exact_feature_label_grouped_stratified,4177,4177,0,2192,940,1045,2192,940,1045,205,1987,0.09352189781021898,88,852,0.09361702127659574,98,947,0.0937799043062201,0,0,0,c3f0434d2516d1da270ab875bc809a5e27ee0cafd31752ae707c4dbabf702918,e912966026224689e74ed069dbbe082d724fdac6202747a7f0486151934c7c64,23c361281a9599f407e6c717f4fe434903f510ef6112eada85d41f93572c2e57
abalone,abalone(9.4%),6,48,exact_feature_label_grouped_stratified,4177,4177,0,2192,940,1045,2192,940,1045,205,1987,0.09352189781021898,88,852,0.09361702127659574,98,947,0.0937799043062201,0,0,0,675ed8960da258a91472ccdc3dc4a5579890ef6a07e60853aa9a18704217df4d,6ad919dcab07e8e65f3c19d506774b49e14c30d544dae4e3e062c6e8397c9770,500168b0686a8215e95cb03e66f95fca60fa74c52e12204ece9232b32649d95f
abalone,abalone(9.4%),7,49,exact_feature_label_grouped_stratified,4177,4177,0,2192,940,1045,2192,940,1045,205,1987,0.09352189781021898,88,852,0.09361702127659574,98,947,0.0937799043062201,0,0,0,81bce221e44bc48e70315e28af3d199ad68856c3362b466d5deb67b3ef29b2e2,66623df2f866e0ebae776bfeecee6516ebf935e0ff832c2fa4ca358ae58a1b06,7053c438dabb489e0ff05d0b631dc68164cd2dabbc0740b55a1162f8c9f36f4c
abalone,abalone(9.4%),8,50,exact_feature_label_grouped_stratified,4177,4177,0,2192,940,1045,2192,940,1045,205,1987,0.09352189781021898,88,852,0.09361702127659574,98,947,0.0937799043062201,0,0,0,04ff3fb8b71a7073f1b14a9eefd30ad8e9064f0a743a14d6056f9329deb9e403,dccfe935dbbd4af04fc91777216ba51bc62a698958bcab9931689aa79d48cdd3,c5636e4a743263c1a622e1d2dfcfccc4cf854da03ad371c39a649a1bec07054a
abalone,abalone(9.4%),9,51,exact_feature_label_grouped_stratified,4177,4177,0,2192,940,1045,2192,940,1045,205,1987,0.09352189781021898,88,852,0.09361702127659574,98,947,0.0937799043062201,0,0,0,d0320e653fb1873fa5bc2ad95155a11fd5409d4ad7d221da5f81bc65916aee23,e17716369b654c19064a34363eb2cf6bf2969baf3877a5c950383106c36f52ad,424be4c4270ec75100f9aa772d2d706a554487f800d1fd7bf1e723b009013f03
abalone,abalone(9.4%),10,52,exact_feature_label_grouped_stratified,4177,4177,0,2192,940,1045,2192,940,1045,205,1987,0.09352189781021898,88,852,0.09361702127659574,98,947,0.0937799043062201,0,0,0,6b76900bb58fe01db7e9dca7c8be176e01787df37ae16b8fde5fa791fb412cff,9ebaef65751a70c8755dcef32ade9b6208f02b5d340ebe823f1c310edb33e0c7,c33438bee3b1c207ad116e26b449ba3aebdc6b0b168d6fe5d7609ab38f77456e
abalone,abalone(9.4%),11,53,exact_feature_label_grouped_stratified,4177,4177,0,2192,940,1045,2192,940,1045,205,1987,0.09352189781021898,88,852,0.09361702127659574,98,947,0.0937799043062201,0,0,0,343ea921df318d32e3c2663f32733d0752ddc3946d40683437fb0555a0912084,2beb41fdc3df69dbd27c28cc850ea42219ef141324a4e6ab34c0f3d492416b5c,2965cdeef54e7c49011001d1f8a74d86a3e82b0411e859e731654372affe6c77
car_eval_34,car_eval_34(7.8%),0,42,exact_feature_label_grouped_stratified,1728,1728,0,907,389,432,907,389,432,71,836,0.0782800441014333,30,359,0.07712082262210797,33,399,0.0763888888888889,0,0,0,dd361516f74dcd230ef564731d1a5d70f8072d265c7b7060b3c4c93d6a5101d5,d1659a6196138c62094d583928fd8a4a474ad9a1b6a79247f21d2af6c6bfb6cb,1c9c33e6b383f477015965a558ba744b7fd073a768886c3976808bcf138a00be
car_eval_34,car_eval_34(7.8%),1,43,exact_feature_label_grouped_stratified,1728,1728,0,907,389,432,907,389,432,71,836,0.0782800441014333,30,359,0.07712082262210797,33,399,0.0763888888888889,0,0,0,d28f0e5b5cd0b35600b5ddb6666a226592f14de3425258990807896d12c5cd95,73c9f554129b00f44da945d3d68cd85b432e89b503b805ff4e9ab5096bb015d9,6f272c2f1e91882bd0dd95a8b8191c49ebb592b59c122c75b8493c22a984723d
car_eval_34,car_eval_34(7.8%),2,44,exact_feature_label_grouped_stratified,1728,1728,0,907,389,432,907,389,432,71,836,0.0782800441014333,30,359,0.07712082262210797,33,399,0.0763888888888889,0,0,0,91589400891d01b93e7852be78fdef39e0a60f64ea5f5fbe3fb69172ce4b8eac,2a6296b5c1ea5cc09ec5a9b197f77b938d734a08023e912688d3bb68154f6701,a3a66bf8a9ff0ac4f10e6bbb637591f91ac4a94d2c25e9a29f635ae5294e843e
car_eval_34,car_eval_34(7.8%),3,45,exact_feature_label_grouped_stratified,1728,1728,0,907,389,432,907,389,432,70,837,0.07717750826901874,30,359,0.07712082262210797,34,398,0.0787037037037037,0,0,0,848bec5abcef44edd18b1d332c2d76af4f5fc9403ec8bd7938f6fabd45fa5cbf,81061d2572e809780e2958d54cc40fd0c3a6ccdace45b25644d79c15a58e1ea7,a4986f30c6ad7ccda19bee76e6504ee7e0eb20a62099f9f0cdd663affc84232e
car_eval_34,car_eval_34(7.8%),4,46,exact_feature_label_grouped_stratified,1728,1728,0,907,389,432,907,389,432,70,837,0.07717750826901874,30,359,0.07712082262210797,34,398,0.0787037037037037,0,0,0,4a2228b32a38d458376fc8b4ff88fe53b5e00cabd2d7384f44285faadf19776b,a232ebc19c010c157e9b6a4c5b94514cabda80e4c250bd85d35c17ee6fae35cd,a87b090302936dd9efae223bb95fb73df80b1297a2daf6d17b3352686952db91
car_eval_34,car_eval_34(7.8%),5,47,exact_feature_label_grouped_stratified,1728,1728,0,907,389,432,907,389,432,70,837,0.07717750826901874,30,359,0.07712082262210797,34,398,0.0787037037037037,0,0,0,4b18f53304295dd98f88a228d585baf0a9714025a181a819d2596ac1f3793c5e,84e42ac786161fe10c3cf872f0f57dfe2017621b6a981bbe28622ec7fef7ff2c,28022ca878f4252e566d75ce439b9fcaed77a6c31449ac069f5d7e0eab92eab1
car_eval_34,car_eval_34(7.8%),6,48,exact_feature_label_grouped_stratified,1728,1728,0,907,389,432,907,389,432,71,836,0.0782800441014333,30,359,0.07712082262210797,33,399,0.0763888888888889,0,0,0,21780e43e10a78920c147b5c4da1a7d38683829a924004780cc90fda10f419a0,0c6d2a7b338cb3aebd5c6ee5725c2250f68f0a2785d06c290355e0f817037268,716d98d56e94a0766eb1bfef8cb6efd09a2a40e6ba1383493ff008fa679d4480
car_eval_34,car_eval_34(7.8%),7,49,exact_feature_label_grouped_stratified,1728,1728,0,907,389,432,907,389,432,71,836,0.0782800441014333,30,359,0.07712082262210797,33,399,0.0763888888888889,0,0,0,02ea52af8f15643de4cbf859205a14a0b712e2c42eba34157805ece2de975e48,f62dd1708018ef115d44ba43bc1c86cf951a98dc19eaa86121297b1a1e803406,7874cb5f0e10fab9e94dcb4bf78f507510c3ce4855893c7add0af0cb2c783eb7
car_eval_34,car_eval_34(7.8%),8,50,exact_feature_label_grouped_stratified,1728,1728,0,907,389,432,907,389,432,71,836,0.0782800441014333,30,359,0.07712082262210797,33,399,0.0763888888888889,0,0,0,bfe2b9bd0ca0bd4cea9dcaa02e903ab6f4a8866080023ed383f5e3f01718423d,5b0f375ddda29a99932b9c6164164801d929cf8e08e44ff8510969c2a13de2b7,120391941c767f3275d5be96d1fa388e7b682a0cb83a121cd6a5be678cfea2f5
car_eval_34,car_eval_34(7.8%),9,51,exact_feature_label_grouped_stratified,1728,1728,0,907,389,432,907,389,432,71,836,0.0782800441014333,30,359,0.07712082262210797,33,399,0.0763888888888889,0,0,0,fc51dc93fe94d9333da975b7e4927e915574e521ea38e7e57f240c688562d7e2,7f7852e16e4c92a91bbad20851b7fc0b9c01e3e2140820dac215bc2c692eae13,379bb404a58004603f47e3777cd0b4311e182f25fdd9f7db31ec4f4c13b8fd45
car_eval_34,car_eval_34(7.8%),10,52,exact_feature_label_grouped_stratified,1728,1728,0,907,389,432,907,389,432,70,837,0.07717750826901874,30,359,0.07712082262210797,34,398,0.0787037037037037,0,0,0,018615e93ab80a914340ad258ad1e882b33ad6cb27b690aa45b82e433dda31ae,9b8706a599709c4e26f13abc6df6a09c60c1053df43b5c286426afa25a3feaf5,6f6126291fcd2843a0f2236e48d9d4bfc868ef4d61a3b55168de0808c3602a16
car_eval_34,car_eval_34(7.8%),11,53,exact_feature_label_grouped_stratified,1728,1728,0,907,389,432,907,389,432,70,837,0.07717750826901874,30,359,0.07712082262210797,34,398,0.0787037037037037,0,0,0,b3eb658cd94dd31d3c19f3c6497cd264e483423152a81c2c2b14a88961c3995e,61953d2774571d402ee40f07e58bf9151a96a9321bad5ebfa0768c0cfdb71e87,be66945785fc08320238001903fd2ef5f6434f20c515117e4d6c4fb17e075eb8
car_eval_4,car_eval_4(3.8%),0,42,exact_feature_label_grouped_stratified,1728,1728,0,907,389,432,907,389,432,34,873,0.037486218302094816,15,374,0.038560411311053984,16,416,0.037037037037037035,0,0,0,bb168ec06b274dcf3dc6eab7e69c86692178ad3ea01a7fdfecd0ea9e7188dfd5,67b653ed35209760c802ac3ce433b053ee0f0e08cd9644cfd5e571c04af55212,096144ea9c41ce1b1d6aeb4d91720bcc14498b68612fa7a9b02732120f86e51a
car_eval_4,car_eval_4(3.8%),1,43,exact_feature_label_grouped_stratified,1728,1728,0,907,389,432,907,389,432,34,873,0.037486218302094816,15,374,0.038560411311053984,16,416,0.037037037037037035,0,0,0,b1c2e438aa40800e643c14eb33bb68a9492775dd5dbb85bc58fa4c6eeafdb08f,4753de00b3a53890e5f614fbe9016c1b8933d6293fcb0866af03ac922f8b1508,68b29dc236e89898d96fb035c0737e33f21fde931f974d716819cd0ab586f14a
car_eval_4,car_eval_4(3.8%),2,44,exact_feature_label_grouped_stratified,1728,1728,0,907,389,432,907,389,432,34,873,0.037486218302094816,15,374,0.038560411311053984,16,416,0.037037037037037035,0,0,0,c6ca73361a9ad02bb4502f3a5aba3d69ab4d7f75fdcdb2d436f9fc7d8f56f00b,454618d7e08d1dd736d56eaacd3e6e5ca078053714e84ebc0edc69c4c3e5f41a,38cb7e46f2eb5b32de8ecd1ad2c19b8008531c4e1dcbde2d2bcfa363ed6dd590
car_eval_4,car_eval_4(3.8%),3,45,exact_feature_label_grouped_stratified,1728,1728,0,907,389,432,907,389,432,34,873,0.037486218302094816,15,374,0.038560411311053984,16,416,0.037037037037037035,0,0,0,71eb869ff19ff4b4e6cdbe7c2349ac12be25409a2d9c5489132442663e2a05ad,2633014702404e46f13dbe686926d1174f89a4d93e4d1695d75f69c5587e100f,e97debc65c5e6067b1160a48b248accd33a1069deb196d7d0539f16f92762dde
car_eval_4,car_eval_4(3.8%),4,46,exact_feature_label_grouped_stratified,1728,1728,0,907,389,432,907,389,432,34,873,0.037486218302094816,15,374,0.038560411311053984,16,416,0.037037037037037035,0,0,0,ecc89f51034f25aebbbde1711a3663ef475cc4fe4fe7e746f3f5fb29d8d04fe7,6999fa5e04e2cfae037bcd730c80a31adb4e87cb325b4489fc4795818ddc05dc,7625b284f3cf13d53d25ed818ce9e3b2f37f8b030ca34b7202dc25dfdce63995
car_eval_4,car_eval_4(3.8%),5,47,exact_feature_label_grouped_stratified,1728,1728,0,907,389,432,907,389,432,34,873,0.037486218302094816,15,374,0.038560411311053984,16,416,0.037037037037037035,0,0,0,6a43a8cb5f4feca16eb8c974a61ae50f9d9a5702d53b38c87aa3285dc7d643f3,6cc9599632357fbcb1f3f454a28fa0b88f04681c05fb6d1325db93ff14575a5a,bc34dc9c41ba3c7d05f6efaf5729e1f209a073ed60419bd07902d3192243856b
car_eval_4,car_eval_4(3.8%),6,48,exact_feature_label_grouped_stratified,1728,1728,0,907,389,432,907,389,432,34,873,0.037486218302094816,15,374,0.038560411311053984,16,416,0.037037037037037035,0,0,0,fc3db2837855054d32381f2dede9eb18f72b04657a662b8ae654b93fa646651f,459048fb423db5fdd3d1a706787a096cf2ba43f9d069e2d94dcab4c86ceca92c,785c1e93dd71694fc18b90701bb98b8d2054f173ea654bb6f5bd0a89f9b46274
car_eval_4,car_eval_4(3.8%),7,49,exact_feature_label_grouped_stratified,1728,1728,0,907,389,432,907,389,432,34,873,0.037486218302094816,15,374,0.038560411311053984,16,416,0.037037037037037035,0,0,0,75222acb6bbcbcc25acdf3db174f9a3c317a4f1bf23038d95b80bab24c983aab,c5cf806aa4529732fa248a3e81ac50c9f7c864fb5570b329a5bdcff535039d78,2c5613810c0ee0bf7f715f4870adf876cb9ed9b02831f06a638eff0b3588f6a3
car_eval_4,car_eval_4(3.8%),8,50,exact_feature_label_grouped_stratified,1728,1728,0,907,389,432,907,389,432,34,873,0.037486218302094816,15,374,0.038560411311053984,16,416,0.037037037037037035,0,0,0,10b47b1de5f01852c851708dac60d82b2c7173e74ef52e1d770e02f7a1893cd0,e8186ebf7072c7fdade4f2bd8ddfc32e11b8928e8de108573541d2396b7c6211,62da2a4f38528c7a58be852c5a6995c0b571054485bea7929e1df74153eb92f5
car_eval_4,car_eval_4(3.8%),9,51,exact_feature_label_grouped_stratified,1728,1728,0,907,389,432,907,389,432,34,873,0.037486218302094816,15,374,0.038560411311053984,16,416,0.037037037037037035,0,0,0,c06d64bd8bd59f483921988b84729904c2850586f0a2f4ea7ba88d778d1d7478,c5e21b6b855a7505f0ce4d98428f27997eee4a321475fba9f946d65ae104545a,8c1be717d318d584c3a56fbb7d53fb77bf5c4c5fe3ea1ed3f049656085b66fc0
car_eval_4,car_eval_4(3.8%),10,52,exact_feature_label_grouped_stratified,1728,1728,0,907,389,432,907,389,432,34,873,0.037486218302094816,15,374,0.038560411311053984,16,416,0.037037037037037035,0,0,0,4cffd1755755d44e265e78bd67c5df46a26786c1ab6f0fd687f801f4f5fbd7ed,1cae57781517096f0fc1e2b09f7170c2492237d391fa36e0d0157843692d70a2,9b2ce43953162fe8a2275ff2c82bf7943e5eab58a678a9fd0653bb7f7fc3565f
car_eval_4,car_eval_4(3.8%),11,53,exact_feature_label_grouped_stratified,1728,1728,0,907,389,432,907,389,432,34,873,0.037486218302094816,15,374,0.038560411311053984,16,416,0.037037037037037035,0,0,0,5030fd73492e7263e210ea61d30b837135067efe490edb8dc6a2db53d7e224a8,789a40dfc76ae3c03194cf3316ded54f16dcd188b2119d03264f273ea6b89382,29e13eeaa88f5ea597f8b5e2870db472d3da2b9b1a25b09bc3b7323a67264e2b
coil_2000,coil_2000(6.0%),0,42,exact_feature_label_grouped_stratified,9822,8380,1442,5173,2213,2436,4399,1886,2095,307,4866,0.05934660738449642,134,2079,0.0605512878445549,145,2291,0.05952380952380952,0,0,0,1528aeed8387900918d7d28c16f800caa0f516997e9e2118b09a892e8a733e59,6a1f0b7b9d688d777fc42bd4e14f9d88c82a8e10f292f4b0fe21110267f0ea10,d9e2f3e52488f1a98984b11de6230973df48414426a486c7cc6f60a5814bc455
coil_2000,coil_2000(6.0%),1,43,exact_feature_label_grouped_stratified,9822,8380,1442,5148,2212,2462,4399,1886,2095,308,4840,0.05982905982905983,132,2080,0.059674502712477394,146,2316,0.059301380991064176,0,0,0,3ba2a3d3083ae0aec2412c2c192de5c21045a7a17d61fd4303c2b8a5531b095b,6b54fe912fa2ed29e4c8cf1a3a36bfb0c23bff7eeda474b4adfdd6a914e742ad,c83a45c085445894fe3a633c4e7630c031af1328f6c4b3b46c754bcc0d450acb
coil_2000,coil_2000(6.0%),2,44,exact_feature_label_grouped_stratified,9822,8380,1442,5127,2227,2468,4399,1886,2095,310,4817,0.06046420908913595,131,2096,0.058823529411764705,145,2323,0.058752025931928686,0,0,0,48db9073434e547b47f6001cb428628c7c1cd98e61d3263b8e4763f6d02e4945,4946bce3a88848ffee1faf2216adf9be605ba6180a95176321485b633e5ca193,8da9da2e045162a0a89561ecce09fa7577d65ea26a0d255753b0169f4f3a8f1b
coil_2000,coil_2000(6.0%),3,45,exact_feature_label_grouped_stratified,9822,8380,1442,5183,2223,2416,4399,1886,2095,306,4877,0.05903916650588462,131,2092,0.058929374718848404,149,2267,0.06167218543046358,0,0,0,c36be6fb45c1a7aaaafb115fcc2c5963f2faa34248112e013db7930ee1fdd9ac,0b4c990dee6f2c95b2b71fa439749d84883fa36283637e1dd8fc10bc99d702ae,ec30db33fec95c1b88da18cf6532dc0b6d466977f0f4e17bb5dc29942da616b6
coil_2000,coil_2000(6.0%),4,46,exact_feature_label_grouped_stratified,9822,8380,1442,5138,2239,2445,4399,1886,2095,305,4833,0.059361619307123394,133,2106,0.059401518535060295,148,2297,0.06053169734151329,0,0,0,ce1dab1d894f901aa08d9fdadca926c713ea63397e07a01ecc657cd61a8add5f,c0a65214a158e8ab30005d35a78edd10df228d2bd9de509e5cb4795fe6646b64,e86bca9799512a108688b988b6fb6f2769a0690a5ee4793f93c13ad7ca404fc3
coil_2000,coil_2000(6.0%),5,47,exact_feature_label_grouped_stratified,9822,8380,1442,5154,2225,2443,4399,1886,2095,308,4846,0.05975941016686069,134,2091,0.0602247191011236,144,2299,0.05894392140810479,0,0,0,669c7df19c7cc592630487ea21505cb6945d0d3bb529b2a1e51ef69e1199aa78,1fcde5efb4c9ba71d23b916b588e56a58ff11fdc5717c8ec4c9fd1c01c3718db,7ffcba7bbcc8857a8866f2fc4e10d3556391a8024610b40d7859bec0f631747b
coil_2000,coil_2000(6.0%),6,48,exact_feature_label_grouped_stratified,9822,8380,1442,5160,2212,2450,4399,1886,2095,310,4850,0.060077519379844964,131,2081,0.05922242314647378,145,2305,0.05918367346938776,0,0,0,c233fa775767fedcce2a29e9bb008d75b189af54520874b4e6bc2e1c540a8d93,69a6abe36cf9e56de669fca3fef4cecb5b18cf8ad74b0b75bb96dc2f5718affa,2691ddd6a13a1e18b2197f69b4a788a5564c1aa60b6e1e527c93400c4d7137f6
coil_2000,coil_2000(6.0%),7,49,exact_feature_label_grouped_stratified,9822,8380,1442,5168,2189,2465,4399,1886,2095,305,4863,0.05901702786377709,132,2057,0.06030150753768844,149,2316,0.06044624746450304,0,0,0,3fe28239c07991bcef5000320b46db13f9174d533fb92bd0ecc9dd9527102258,4c65b2a87d48c4bb0e5fe6dd3d15d898e4daeba16ac210f162291fa4acc10ac4,7ee0fd8ffc908578c3c6dd9870d59841271ea114fa75ab59dda02981078d1fa6
coil_2000,coil_2000(6.0%),8,50,exact_feature_label_grouped_stratified,9822,8380,1442,5150,2200,2472,4399,1886,2095,307,4843,0.059611650485436894,133,2067,0.060454545454545455,146,2326,0.05906148867313916,0,0,0,09743c30b706f0787dfd134506a747b938223e72bb6c7692b0dd8aa0b2b8f356,2b04586744a3819b98f2c9e9983eb536f8b7595c097c63a20f2f44c5aebaa500,90a25cfa5bf7db42fb2d489dcce8652a56dc7386cf8ef32be05035c51209723f
coil_2000,coil_2000(6.0%),9,51,exact_feature_label_grouped_stratified,9822,8380,1442,5175,2190,2457,4399,1886,2095,308,4867,0.059516908212560386,131,2059,0.059817351598173515,147,2310,0.05982905982905983,0,0,0,14881e9d8802f74ae74ae427edff06c3f14a8a244865957620c37f580fae5604,d702976886d3b17db6c54e12e34c62604e2f74e24f19f1565393bcf15e7612bf,86a5461ba3ce2ae50189717f298eb08760717b26c574767cd211523f3f94add4
coil_2000,coil_2000(6.0%),10,52,exact_feature_label_grouped_stratified,9822,8380,1442,5129,2210,2483,4399,1886,2095,312,4817,0.060830571261454476,130,2080,0.058823529411764705,144,2339,0.05799436165928312,0,0,0,cced7329738303e2d8d901d60a838d72d360b132ee86089957f67ca8f51ef0a4,7354cadcea3ec0a4a264d6edab8ffa9360db22d96d4e05094b6e9c30bd8dbff8,3715c176f7bce16f6dffb65167ac4a2863aa2e042bdeb6abfe491ea385edf457
coil_2000,coil_2000(6.0%),11,53,exact_feature_label_grouped_stratified,9822,8380,1442,5167,2234,2421,4399,1886,2095,311,4856,0.06018966518289143,130,2104,0.05819158460161146,145,2276,0.05989260636100785,0,0,0,caa2b45ec4dd0244c589d7d954c4d73add6ae6bb2ebb439c00f5bc4d45ddcc6a,da33c02e6f74cdf1a5dd91e9c7c3839739f06fb15abbe3d3d85a71ad0f546b2a,44b0dbe0852704bcb9c03089a7d98fce4d8e70028c7be0344dfc0b292ce832c6
mammography,mammography(2.3%),0,42,exact_feature_label_grouped_stratified,11183,7849,3334,4127,5087,1969,4120,1766,1963,133,3994,0.03222679912769566,57,5030,0.011205032435620208,70,1899,0.03555104113763331,0,0,0,7509586998fcee89931f6907d8f94170eac7776ba738a27eeaa4c2a870eec903,b2c00ce4680b89a433b2db6894c10e8e66daaa47e566b283818b51f2cf310205,d3d03893151baadd3c0a66e09f1d9cbceb30fc215482953d72f86080ea38e9e6
mammography,mammography(2.3%),1,43,exact_feature_label_grouped_stratified,11183,7849,3334,4133,1766,5284,4120,1766,1963,139,3994,0.033631744495523835,57,1709,0.03227633069082673,64,5220,0.012112036336109008,0,0,0,1af2bf3079bc200f50e4362107b91a93bafa07567da3dab1683797dcf092dc84,773b7451933fe011918707366f6e73684ca00b58de7b0672d256e73aaee4fe6b,e4b5e0e442f80e696d74a6bcd69a1f5afefbfef84793cec761fa28e9c9fadc0e
mammography,mammography(2.3%),2,44,exact_feature_label_grouped_stratified,11183,7849,3334,4124,1766,5293,4120,1766,1963,133,3991,0.03225024248302619,57,1709,0.03227633069082673,70,5223,0.01322501416965804,0,0,0,2ff3438260eb5d146d1fa862ee3c3a9dedbd96af4b3ecc352d117a2c77c283a7,2a8ab9edb70b4720be30f7f0be00937c0744dc63bbfb94c22b779ba5af535e85,9a3e57c2a2f1db1c7b90453c07c6ba794f0c236ee5ade21808aefeb9fed9e915
mammography,mammography(2.3%),3,45,exact_feature_label_grouped_stratified,11183,7849,3334,4129,1766,5288,4120,1766,1963,139,3990,0.03366432550254299,57,1709,0.03227633069082673,64,5224,0.012102874432677761,0,0,0,7a5f52fe907d446f771c28c1731420ced83498bde09a459f7ef0ddf6e59f185c,24f0b41fcaeef61cacc0b266bf8acc31ef23f2474609dbe5fab992774e281297,626dcc17f7d3dc0a363951136d8fb17cbac395cdcf32fab8c01ce3e3d3555970
mammography,mammography(2.3%),4,46,exact_feature_label_grouped_stratified,11183,7849,3334,7448,1772,1963,4120,1766,1963,133,7315,0.017857142857142856,63,1709,0.035553047404063204,64,1899,0.032603158430973,0,0,0,040cd59978c4ea5ab9576c411b480d1543472aadb17ce5bb19a89fa7eb45932a,4f28f91f7ec52e059127c32a9fd9a43072f7d74ab06ca9404ec664d7774656dd,b49bfc104114443edca1e4cdc5d7961b6d14574927007e8c5703ac0c13aa6c83
mammography,mammography(2.3%),5,47,exact_feature_label_grouped_stratified,11183,7849,3334,7451,1766,1966,4120,1766,1963,139,7312,0.018655214065226144,57,1709,0.03227633069082673,64,1902,0.03255340793489318,0,0,0,ee7b34c655d2b82fae82a96d6d0c7aa9ba6b3d077f611f902f9aa94258ad5d6b,e38a61eaaba2f60ca83953c4e5795c2d2ceb1296e72442d77f97406872a3dd47,94e4780908201627bb55ee6099e69c19b53d856f0886ce46fa22ec8702fd0d3b
mammography,mammography(2.3%),6,48,exact_feature_label_grouped_stratified,11183,7849,3334,7447,1773,1963,4120,1766,1963,139,7308,0.018665234322545993,57,1716,0.032148900169204735,64,1899,0.032603158430973,0,0,0,b58a5a8d06dde16d72c093e83066238906165264e97f5804c76ba287594858f5,9d29cd5fc37d9c8d67599194d7d9850f3a7938086428567ec2759622899dc05d,d08bc2cf8400ff24b4f709c9948c2f5aaab5d1e251c58f2380848671052739a5
mammography,mammography(2.3%),7,49,exact_feature_label_grouped_stratified,11183,7849,3334,7450,1766,1967,4120,1766,1963,139,7311,0.01865771812080537,57,1709,0.03227633069082673,64,1903,0.03253685815963396,0,0,0,e2432b753288ced4d365b29129a333c7dc08978aa7b7b958f7ac99215b146863,4177228d8e6f76080ebefc8734a93174310433dc4476d86241767097ca3fb75e,b7b7fe1719731bf2f78ea37b83b37611d9979f6ff28abcf1444b398a11ef9691
mammography,mammography(2.3%),8,50,exact_feature_label_grouped_stratified,11183,7849,3334,4126,5091,1966,4120,1766,1963,139,3987,0.033688802714493454,57,5034,0.011196228638774307,64,1902,0.03255340793489318,0,0,0,ad19fae80f18b1da9b989714bcd37d55e2ad881b4efb744d734152e7f4213f84,718b36eeac0f9a3dbfaa40c3e702967a95f348bb449815f62cdaaa357debb92a,3ec4e8ac637da0fedcc0cc16abf994301831ad0a3f69ecf1857e1b1f5c02e12c
mammography,mammography(2.3%),9,51,exact_feature_label_grouped_stratified,11183,7849,3334,4126,1770,5287,4120,1766,1963,139,3987,0.033688802714493454,57,1713,0.03220338983050847,64,5223,0.012105163608851902,0,0,0,55d9542209fd7bca9a0588cef80ae9cc9d5871fd276c2b2eef8341ff87a99159,e68a9694a2358a378dfc18c8fc7a7bcb1147c9a05c5a3df111aaf6fa9b4145b6,88a6b84bfea46aff0f5f5fda6ac684b52e34b4b0efa75462820d3276249fc0b1
mammography,mammography(2.3%),10,52,exact_feature_label_grouped_stratified,11183,7849,3334,7441,1766,1976,4120,1766,1963,133,7308,0.017873941674506115,57,1709,0.03227633069082673,70,1906,0.0354251012145749,0,0,0,80b09d5b98f31b3a5312f94d2e0a2d88e6708ef9b2aefdd329051991074fcf8c,83350e11587bc3045674e7620480595a5751452c42d9b7a05ec423354892a247,05187be70a3fddd4fb58cb6f4275ccc26121c36d21c6e8ada0e2feed8ecdbc5b
mammography,mammography(2.3%),11,53,exact_feature_label_grouped_stratified,11183,7849,3334,4124,5096,1963,4120,1766,1963,133,3991,0.03225024248302619,63,5033,0.012362637362637362,64,1899,0.032603158430973,0,0,0,8b6e3782a793c8d375ca601f9805c15018af8e44cae593154b3d44c52128f06b,16f9cef5c49a9723b527164c53180786825b68ee10c3e20bf7e40ce7c5ff0ee6,a7f600c8d73ce33880f01dcf0371e4d6a1f6bc004111ba02da52293fbbaf7ce4
ozone_level,ozone_level(2.9%),0,42,exact_feature_label_grouped_stratified,2536,2536,0,1331,571,634,1331,571,634,38,1293,0.028549962434259956,17,554,0.0297723292469352,18,616,0.028391167192429023,0,0,0,c0d9c7828ba6dd15f3afd6d2fa4d64b47f29c5fd95adfc1317e62ae3c8da883a,1153b27b4988e133c9f87ca2f9775ddba251a6c91edf84ef192ae45a099d01ac,ea4a4e59a228c5162483af71fdb3b1797eed9324903cfaef4bf825f9a101cd53
ozone_level,ozone_level(2.9%),1,43,exact_feature_label_grouped_stratified,2536,2536,0,1331,571,634,1331,571,634,38,1293,0.028549962434259956,17,554,0.0297723292469352,18,616,0.028391167192429023,0,0,0,a89235195da12cff50589b6d0dda70b94a18388949a8c8db20b247ff05cdfdd5,bd592b67d18436a3411f509007f5009311bf8b45c056d401aa6019a8b26b22ce,84d80a0500583b729fc01d43bfdd90fbf6fed613b71522b317120a0fb7d2583f
ozone_level,ozone_level(2.9%),2,44,exact_feature_label_grouped_stratified,2536,2536,0,1331,571,634,1331,571,634,38,1293,0.028549962434259956,17,554,0.0297723292469352,18,616,0.028391167192429023,0,0,0,50499db10aa72622824768017f1c50947ef166140c9287a194dbd3111bfcbebc,bb1aeb7a3dbe002bf68864c72e49ef78ab3bb1095a227f8e236e99acbfb67484,5a48f7385ed5946bf26088b8c6f359f089aa29feba7080eaca512efc0e57adf2
ozone_level,ozone_level(2.9%),3,45,exact_feature_label_grouped_stratified,2536,2536,0,1331,571,634,1331,571,634,38,1293,0.028549962434259956,17,554,0.0297723292469352,18,616,0.028391167192429023,0,0,0,f9a3ce940b24fdc6ea9823894a35d512d56b98e3c87dab6f687b1a7582eba276,375c5438426021e920a7eed7054ca53c55d0a01d526abf68a1fd00e3ea8afbdf,3bfce2baee61afea48e68e5e1097f7dae8339e40a8251a3b51a50970069725cc
ozone_level,ozone_level(2.9%),4,46,exact_feature_label_grouped_stratified,2536,2536,0,1331,571,634,1331,571,634,38,1293,0.028549962434259956,17,554,0.0297723292469352,18,616,0.028391167192429023,0,0,0,7145837c5a761203218e0ccd9a5249f65d31e8474bc9c755cd4c9f2b4efdf479,e42867d8f63c99e9fbfdbdd3a74332811a22c482a2208d9481d14972197e0220,e280f62c07d37f0f93a8c377f1f1a3650fec9836d3f634e485847759e6d68fa7
ozone_level,ozone_level(2.9%),5,47,exact_feature_label_grouped_stratified,2536,2536,0,1331,571,634,1331,571,634,38,1293,0.028549962434259956,17,554,0.0297723292469352,18,616,0.028391167192429023,0,0,0,31aa57603868741205e23d5202843fffec4ab7a8f051753e13a0db93bdc0be05,1b27c60387fe8e4aa40667c9828db3d1ce0b14136a7a8619d7c9cd7a90689ce6,949fb7044d6c8b6e1c1f00fcfded8dfe67d2a3154513922534be7aff4d0ed000
ozone_level,ozone_level(2.9%),6,48,exact_feature_label_grouped_stratified,2536,2536,0,1331,571,634,1331,571,634,38,1293,0.028549962434259956,17,554,0.0297723292469352,18,616,0.028391167192429023,0,0,0,4602628d1c4b4cf2f1db9698248cdda5189b89e4c92173183b43cee29c6a01ff,aa4bc0e214fdff19fdf68faa1327085d1261f4fcb8b0382df4eb74e08596b551,d3fc8edae7707e92d9340f7312569486678cdf70af12710677525c2ba0ae3b2c
ozone_level,ozone_level(2.9%),7,49,exact_feature_label_grouped_stratified,2536,2536,0,1331,571,634,1331,571,634,38,1293,0.028549962434259956,17,554,0.0297723292469352,18,616,0.028391167192429023,0,0,0,291d8ceef02b869a1f90ac551b32395cc6dbe986695a00ecb8def474e5c22c8b,d5909bc579ce615d99e4521cf89eaf08efdcf36c01900c008ff3a4488b52898f,94727500d833f1bbc3d338436a6e54a752f2461e75c489cc546b61b14ee81765
ozone_level,ozone_level(2.9%),8,50,exact_feature_label_grouped_stratified,2536,2536,0,1331,571,634,1331,571,634,38,1293,0.028549962434259956,17,554,0.0297723292469352,18,616,0.028391167192429023,0,0,0,6853e8b74712235dec56fa7c071f2a30dc6071962111de40db96e9f55d458483,24bd7d823c11b3fc702346e8500cd61c5453cb30c809cd84f6faa951393bd7d5,4ad255008b5fac39ad17769ba54f81cf91c4adde381f9c5c34caa4a069dba4dd
ozone_level,ozone_level(2.9%),9,51,exact_feature_label_grouped_stratified,2536,2536,0,1331,571,634,1331,571,634,38,1293,0.028549962434259956,17,554,0.0297723292469352,18,616,0.028391167192429023,0,0,0,1097922d7de406cfc423245cc4dda5db3cf84059017bf5249f82cd57224c02c6,2caa211db7db91071e11846b0b86eec40d1dff25dd9d9c23b9cc04b3e7d9bf78,6f9dc719f2281e4b43bbe90d2976d41bd6082e14665043eea6b95ba298f00c58
ozone_level,ozone_level(2.9%),10,52,exact_feature_label_grouped_stratified,2536,2536,0,1331,571,634,1331,571,634,38,1293,0.028549962434259956,17,554,0.0297723292469352,18,616,0.028391167192429023,0,0,0,7f4b3e37f463dd630dd6eefffaf422fd68b2473f47b0bfb17e4997069e5de062,0871be429bfb1caba1c7c2f34233c09837db0a3c2d6a03a6ae8efda6f289ef0f,facea905d0bcca9b5e0b2a6c2d48e3b7d74d89e3fab73da3adeea11f5c56246b
ozone_level,ozone_level(2.9%),11,53,exact_feature_label_grouped_stratified,2536,2536,0,1331,571,634,1331,571,634,38,1293,0.028549962434259956,17,554,0.0297723292469352,18,616,0.028391167192429023,0,0,0,f5685026bcce1599fff0b0199349ec6d91d42c95c0ff6ae178bd6ff14a01b1b8,3ceafac10a0d852969ef76c0f63686d9df737bebb48122726911d4c9c1dfedfd,1ad4ff90a4357a2d2546b4e1260bec8790950d54521708c19106c828bba39748
protein_homo,protein_homo(0.9%),0,42,exact_feature_label_grouped_stratified,145751,144968,783,76513,32788,36450,76108,32618,36242,682,75831,0.00891351796426751,291,32497,0.00887519824325973,323,36127,0.008861454046639232,0,0,0,8add7dbb71735a8c24aa22e17be974eea8663b9de3120ed0b12bb8f3fc69a4a5,ea356705a5e374f01f4ed8d82940c04e30f10d0df17f6dfe4bfefda902a48151,400fe56c1d33c9e275b2fd6b3b329e644ef066ba3a9cc10188580d7068c01e58
protein_homo,protein_homo(0.9%),1,43,exact_feature_label_grouped_stratified,145751,144968,783,76531,32785,36435,76108,32618,36242,680,75851,0.008885288314539207,292,32493,0.008906512124447156,324,36111,0.008892548373816386,0,0,0,515bfb5d3f6e2795718d3db0b0b456c21efc27859a7f9e6bafd02cb1f166f6d9,2cac13a3b809eee3845e5bc14dd5a758922e8a152a0f910ea61acf97a2a0e372,3204667b9131c4bb1d3662662f59dc63fe28ca2dc39393be7a73d113efdb30dc
protein_homo,protein_homo(0.9%),2,44,exact_feature_label_grouped_stratified,145751,144968,783,76511,32793,36447,76108,32618,36242,678,75833,0.008861470899609206,293,32500,0.008934833653523619,325,36122,0.00891705764534804,0,0,0,3cd2f6c6dd0509cbbd01849c336dad12ad3df13b6ede0872508ae980cbd5e150,a69f90b5a8e23acd9725b320b175b7d15e74342256d3c7c2db17908db5602310,8c4127690884116f5df97411a540535b4fa3b0ec8fb29aa7dc78a0157652dd9c
protein_homo,protein_homo(0.9%),3,45,exact_feature_label_grouped_stratified,145751,144968,783,76525,32785,36441,76108,32618,36242,682,75843,0.008912120222149624,286,32499,0.008723501601342077,328,36113,0.009000850690156692,0,0,0,ed3043587c73cd65a14b29e73e25658641052289381b9de2b17c887974d3f79c,4b8e54d6aed8efa80dbe9515e5eae177af0e4928e2d6bcaf564587530c1c9842,f6996976b2d2b3417ad23a19d3b835d1652195e440d53aae98144ee55b854c9a
protein_homo,protein_homo(0.9%),4,46,exact_feature_label_grouped_stratified,145751,144968,783,76515,32784,36452,76108,32618,36242,680,75835,0.008887146311180814,293,32491,0.008937286481210347,323,36129,0.008860967848129047,0,0,0,34b17d64458b3217f856f46830ee5ea37f5c1978defb27f1008364cc541fe6cd,20e91e09eb1438003b176b392b673368f18ebbb8c11d4796e1473ef04549ad73,9cde32b32063faf610a617ecd836a716742755208295cf971799ab37042477b9
protein_homo,protein_homo(0.9%),5,47,exact_feature_label_grouped_stratified,145751,144968,783,76528,32790,36433,76108,32618,36242,688,75840,0.008990173531256534,289,32501,0.008813662702043305,319,36114,0.008755798314714682,0,0,0,d2901505015f752169a7377a8d59109c3872925504816645151ce7d63ea29a29,df08233921de348ff3621dfc4f91faaadffe144d10d182978888dc26bc37159d,6b35c9c54ff36b2bb1b9a5fe6ffaba93edda626a2d3dc4be09b5f6ac1204a3eb
protein_homo,protein_homo(0.9%),6,48,exact_feature_label_grouped_stratified,145751,144968,783,76535,32770,36446,76108,32618,36242,685,75850,0.008950153524531261,289,32481,0.008819041806530363,322,36124,0.008834988750480163,0,0,0,8a2d9eeff69eed7d9ec867868bb0aa1ebe8b7a32b7d7e15966b93d8a355f58d7,5a64472396fe22fbff7c61f9b84915ed92fd48945961915e727f9f2ba40eee08,7d3a32e54f96b802b1e18560218cacf489be5945712347c3e79b802de09687b1
protein_homo,protein_homo(0.9%),7,49,exact_feature_label_grouped_stratified,145751,144968,783,76501,32798,36452,76108,32618,36242,680,75821,0.008888772695781755,294,32504,0.008963961217147386,322,36130,0.008833534511137935,0,0,0,e9258c141faef142a323807ea627e307332068fd55a8aea0a672d54888a4dbb9,a1b5d3568488f3d7760dd15a932dce2b6f8dc401d63a150e27bd9a154fb996cc,95c76c012a47a191e0d672390ad79e44139dcef48c9579aea030f091d96ff7ab
protein_homo,protein_homo(0.9%),8,50,exact_feature_label_grouped_stratified,145751,144968,783,76521,32794,36436,76108,32618,36242,680,75841,0.00888644947138694,290,32504,0.008843081051411844,326,36110,0.008947195081787243,0,0,0,8531945adafcdf42c517f13ad714aaf1737633a55804660d26510c95cc6edfd8,1217b6d7bee5a44cfccad14afe4fae46e9146d8607e76b12629f51b31a223501,361f063c8a4ea7598f3602e5d858aac66b2619ab6ce101fc1fd3131d20e0d50d
protein_homo,protein_homo(0.9%),9,51,exact_feature_label_grouped_stratified,145751,144968,783,76524,32780,36447,76108,32618,36242,682,75842,0.008912236683916157,285,32495,0.008694325808419768,329,36118,0.009026806047136939,0,0,0,b303f48e42769596d1bb4f55e6446a91bb0e73c5b0fc0c256cf12237c1cdf173,35240a283b85b43133f156fe978f4e10be3b6f8db90ddf13e6b3fe99fe102f62,62431b1d1f4c4eeddf75507a264f33eb973aade9e8aa31b862ab3baa5461cd45
protein_homo,protein_homo(0.9%),10,52,exact_feature_label_grouped_stratified,145751,144968,783,76533,32786,36432,76108,32618,36242,680,75853,0.008885056119582402,292,32494,0.008906240468492648,324,36108,0.008893280632411068,0,0,0,0214d3010a6e6e7d509af62f3605629424ea3236abadfd876f3b250b029643c3,7f28db81572ba7860b526442bd4ef878d6f9c6b2a48d464af31ae118ce714902,11ff1f7ee61b1d28312f3484ee51a21bb455a2775c32b3ed0b45c6694cfc384a
protein_homo,protein_homo(0.9%),11,53,exact_feature_label_grouped_stratified,145751,144968,783,76553,32790,36408,76108,32618,36242,686,75867,0.008961111909396104,291,32499,0.008874656907593778,319,36089,0.008761810591078884,0,0,0,8b610edc5475e89368a6740a08e59fb7a5ac25f5c0dfeaf1f545726cc8c963d9,1ba7914278b837f581514827295b5f89ba54f4162732de7633b0e82276293a0a,3ee3dbf11ab2db6b347516081ae65ac55e4547171207e0634651bf181245e575
sick_euthyroid,sick_euthyroid(9.3%),0,42,exact_feature_label_grouped_stratified,3163,3109,54,1659,711,793,1631,700,778,153,1506,0.0922242314647378,67,644,0.09423347398030943,73,720,0.09205548549810845,0,0,0,87f0eabb390e3e8b8951b6eb72be73e28676bd47aeeec65f3c58463ba575d71c,51aacd8e7bca4ee7bbc8d0a2175375551e39829bb6028650ac28a8178c071030,b6b6bd7aed89d1fc2218d4d1bf403093e89864bf525b54835ad352822d5db2e2
sick_euthyroid,sick_euthyroid(9.3%),1,43,exact_feature_label_grouped_stratified,3163,3109,54,1654,719,790,1631,700,778,153,1501,0.09250302297460701,68,651,0.09457579972183588,72,718,0.09113924050632911,0,0,0,d1938d7f65c9e55ac0ae40fd9e2999d008ba756c2c50536738b2fa5b0082e3ee,395c446145e7809d79edd8a7d5c9a800655afea921c6285846ef5a54d6b7b900,58655f28312dedce3f1d05003f4fffa09adf76cdcf10c242a03b4b76b5322682
sick_euthyroid,sick_euthyroid(9.3%),2,44,exact_feature_label_grouped_stratified,3163,3109,54,1657,717,789,1631,700,778,155,1502,0.09354254677127338,66,651,0.09205020920502092,72,717,0.09125475285171103,0,0,0,530bdaecd919645ecb211819d54f5ced92497fe44e0a9c815773a9cd3e1c589e,0dcbeb6119af6e3628c4d01b755aa55ac9a8a6b40e1d9f6b44f696893d80ec0e,64aef577f13db46c8928be1e4519fe44334758593dc0655464e7b9e884a45c15
sick_euthyroid,sick_euthyroid(9.3%),3,45,exact_feature_label_grouped_stratified,3163,3109,54,1659,710,794,1631,700,778,153,1506,0.0922242314647378,66,644,0.09295774647887324,74,720,0.09319899244332494,0,0,0,d2fc3c4acd7b0ca3ee1c3a763eb30f4795f4c8bc2b764ebdb3004049b689b110,57b5186db15bd65ba08fdcf2a7479afe1c906660f280e5610418520d47637739,a2cb893648c6c923d3e495d77c40070943ea903751964249cdc91a143eee68f6
sick_euthyroid,sick_euthyroid(9.3%),4,46,exact_feature_label_grouped_stratified,3163,3109,54,1661,711,791,1631,700,778,154,1507,0.09271523178807947,67,644,0.09423347398030943,72,719,0.09102402022756005,0,0,0,8ecc2d93f1c40f1f03525f412e1883f795a0b281292728a6cad12e6471a9418b,42ebd851e5dfe4ddd4ef44eab58fd071cf7d224d3668dc0fc7a341dca3c024af,8bb3e9011ec6a0232ddeb3cab9cfe99ed17a4163784768aac45fe883ec9196a5
sick_euthyroid,sick_euthyroid(9.3%),5,47,exact_feature_label_grouped_stratified,3163,3109,54,1660,714,789,1631,700,778,154,1506,0.0927710843373494,67,647,0.0938375350140056,72,717,0.09125475285171103,0,0,0,f6d85029d44b8d6990ce58725515c373d29b292d556c42041cd3de24f111b519,b494396ae96f0f2f7088b408a624631fdb3f4b910b689864a03c32d2aa849163,2d58872e57e12932a1422bac629b49a400c86805431918e20a93be817f98ebe9
sick_euthyroid,sick_euthyroid(9.3%),6,48,exact_feature_label_grouped_stratified,3163,3109,54,1662,712,789,1631,700,778,156,1506,0.09386281588447654,65,647,0.09129213483146068,72,717,0.09125475285171103,0,0,0,fe182a9f44a357419a72da7309f6296306b1329fa5654baabbcecc90e314f210,aebff6e802c4de0a2e3bfcc054733f34df279e58efb476d02d2bfb248b99f347,eecb93864686e39dba977adf50c93335c80a69655eb26e573996f8fce31fa050
sick_euthyroid,sick_euthyroid(9.3%),7,49,exact_feature_label_grouped_stratified,3163,3109,54,1661,709,793,1631,700,778,153,1508,0.09211318482841661,67,642,0.09449929478138223,73,720,0.09205548549810845,0,0,0,d2cf6611603ce6b3ea8b355ff89cbca29eba6c4668fcd57761cdcbe00d3905f8,baa5c8355e9a782c251b03194f2658ee1837646623f2b3431a87808cedd4e077,76f17a2bf0b4e7dbb6d49ebd478bd71e46864ad98516fd86db1927c7700ea319
sick_euthyroid,sick_euthyroid(9.3%),8,50,exact_feature_label_grouped_stratified,3163,3109,54,1663,715,785,1631,700,778,153,1510,0.09200240529164161,68,647,0.0951048951048951,72,713,0.09171974522292993,0,0,0,5b460b4c4e5a75d5b5d3375f7ce585df1628bcf2437a3e163a71f5126e3405f8,f5950f95533108188c86589a16fe8cacd1afd5be373015e9ea7827749043006a,79f9fe3f6a026af3f30163ec1302993facf4a932e5d6a48480c19a3cb5751b26
sick_euthyroid,sick_euthyroid(9.3%),9,51,exact_feature_label_grouped_stratified,3163,3109,54,1657,714,792,1631,700,778,156,1501,0.09414604707302354,65,649,0.09103641456582633,72,720,0.09090909090909091,0,0,0,3c66632ec588ec7be3d3a3e58b9fbe6a1eaa35136d35374e684ae9a6dbf871e3,76fb5aca49718d5593c3d436b79e2573733fba4e6cde9e9019bb703e91425cde,f1eeb8f7e918ffecd6a934584e588519d749201c9d22d4cac7fef26f20bdc82d
sick_euthyroid,sick_euthyroid(9.3%),10,52,exact_feature_label_grouped_stratified,3163,3109,54,1651,719,793,1631,700,778,155,1496,0.09388249545729861,64,655,0.0890125173852573,74,719,0.09331651954602774,0,0,0,3f9775ca6e36bf8ce2e64dc18047d9c926c0d779a14bcaac021fd4c61c9df815,2128ca2526fc161ded30507cfc912e5068ea86e40774daae522f683118424c53,472a1730ddd4ae94dbb5c35bed76cb0230c8473088a5bd499e52c0dcf80c0138
sick_euthyroid,sick_euthyroid(9.3%),11,53,exact_feature_label_grouped_stratified,3163,3109,54,1661,715,787,1631,700,778,152,1509,0.09151113786875377,69,646,0.0965034965034965,72,715,0.09148665819567979,0,0,0,fb9b3dff0f9bc54544acd5bca57fcf5dcf6c395952bdb19ce82a5a6e9b05d323,e3cb6aa82216717d3b226dc8a634a4cf56eb19c02137b0ca61544457dd2452d6,df90db8ae62fd9b4fe10f60c3029fb47fe2ae6c39701711eaa90aa44b85be5d1
thyroid_sick,thyroid_sick(6.1%),0,42,exact_feature_label_grouped_stratified,3772,3771,1,1980,849,943,1979,849,943,121,1859,0.06111111111111111,52,797,0.061248527679623084,58,885,0.061505832449628844,0,0,0,09fd9c237e43e4a02d0dfec165e9f367328c542f22f6b45104d4683c2a776f12,aaa19274dcc4b529b60449987cd0ddba4c748273707610d105a988ec4a32dd11,2f69e7a352a3e8c02f250fbd60b38547c77d28f6625c8e3b54cb4c85c0c20f46
thyroid_sick,thyroid_sick(6.1%),1,43,exact_feature_label_grouped_stratified,3772,3771,1,1980,849,943,1979,849,943,121,1859,0.06111111111111111,52,797,0.061248527679623084,58,885,0.061505832449628844,0,0,0,900be3fde8e3a1f07ee13805fd83c344af20355b89dd56f1ec8ff304c168826b,557e4fce9a8ec0f3164e2d8463ba82c0b7ce321f3be0e1f923595361769e600d,8b7cb0032eaa94b2397b9707e77950da78fbfdf1850a4a58b080ab53caa19927
thyroid_sick,thyroid_sick(6.1%),2,44,exact_feature_label_grouped_stratified,3772,3771,1,1979,850,943,1979,849,943,121,1858,0.06114199090449722,52,798,0.0611764705882353,58,885,0.061505832449628844,0,0,0,5740e75898763214c89cfb0fddd988b5ee5809dbb93f82043c3a7509dec49317,774203e853b1130a7d154b6749074c71ff93babbcf1843aa12f3de35a6c1c2af,1e6fb3490f094ca4411c830acdc59f127a69a4bf8cb7ce4918514707634a1b44
thyroid_sick,thyroid_sick(6.1%),3,45,exact_feature_label_grouped_stratified,3772,3771,1,1979,850,943,1979,849,943,121,1858,0.06114199090449722,52,798,0.0611764705882353,58,885,0.061505832449628844,0,0,0,7b7120701c555b403037039d2e985d843844194811b88b56b2279254ed77242a,5ebfe6f989bfdb9940ec0d4d50cd56df43bc1e21f013fb7a69d7996a47907037,136ad55d9f630b87e58da65c629a2318ce812e35b9ac017592883dbbf460fe4d
thyroid_sick,thyroid_sick(6.1%),4,46,exact_feature_label_grouped_stratified,3772,3771,1,1980,849,943,1979,849,943,121,1859,0.06111111111111111,52,797,0.061248527679623084,58,885,0.061505832449628844,0,0,0,d9e5c524afcf945c9386f79e6337fc416a6580bd2ff6cec4cbb9897b1b75f602,d2e7a390af12f355cdeebd65b1c0cafc261f53df9a020ecbf7ef1a8e774b8a60,ca6e19c530b7c48d5ec121e44eee4bcf877e859efca4d6c7e5d9a1794e458834
thyroid_sick,thyroid_sick(6.1%),5,47,exact_feature_label_grouped_stratified,3772,3771,1,1980,849,943,1979,849,943,121,1859,0.06111111111111111,52,797,0.061248527679623084,58,885,0.061505832449628844,0,0,0,8dc799e35508ee481443f31da655bfa2b79dae2dbb62d27a480c3a8c2ea969c0,d8f7f709fc72951ae0eac9ddf3a07140564a5f58a3c29c4363a91a15ad30d8a8,bfa1dd148556a5b5a3e732424a6f6b422d02a5a7cff0fa5a01d17ccee6090b6b
thyroid_sick,thyroid_sick(6.1%),6,48,exact_feature_label_grouped_stratified,3772,3771,1,1979,850,943,1979,849,943,121,1858,0.06114199090449722,52,798,0.0611764705882353,58,885,0.061505832449628844,0,0,0,9f07a4f7b0d1bc86228451cfaf6e6bea5f8e8de654c825a78809586d361afae4,ae2a75173d0660b58088ce376777c62e4baf2b4ec20d5010285d143edc2c948b,0ca879138048520a005da291bd619168e6402328d9c0383da9d63c5aac229b1a
thyroid_sick,thyroid_sick(6.1%),7,49,exact_feature_label_grouped_stratified,3772,3771,1,1980,849,943,1979,849,943,121,1859,0.06111111111111111,52,797,0.061248527679623084,58,885,0.061505832449628844,0,0,0,8afe4d691a945bc47a78ce9a0ab72a6c184b4090ff64f432a125fdc62f455717,6d29d5a0f5e771991efd35b13d7ae42fc48cb6d745f4f283e0b2e0fb91ea3a4c,48b1dbec6bc928189ccc88ffac2ddd27f2993008ad52dd1d36d7f909741aa4f1
thyroid_sick,thyroid_sick(6.1%),8,50,exact_feature_label_grouped_stratified,3772,3771,1,1980,849,943,1979,849,943,121,1859,0.06111111111111111,52,797,0.061248527679623084,58,885,0.061505832449628844,0,0,0,672271f4cb6367638ce8eacf29fa0ccf14bdaa9f59f0c7360f701cb53c90ae20,5f391e74e52e36f421eb21537c0afd084ae2ea1740765db3a365e1460ecc25ce,fb9fe35ceeae421eaceba778f1892d4365d250fb7594a59a2fa159b922caf2b0
thyroid_sick,thyroid_sick(6.1%),9,51,exact_feature_label_grouped_stratified,3772,3771,1,1979,850,943,1979,849,943,121,1858,0.06114199090449722,52,798,0.0611764705882353,58,885,0.061505832449628844,0,0,0,2bff63187a2e8769978843f1da8eb2709ba9db896a2de37fdf13cc738212ee13,1b8f16714113c257309fc7e264ad91dc337f470d7c71a249f41ff906546d30ee,f36080aea604941778faa41049c8193c42f9585a7daabe9719a5b35ef2442edc
thyroid_sick,thyroid_sick(6.1%),10,52,exact_feature_label_grouped_stratified,3772,3771,1,1980,849,943,1979,849,943,121,1859,0.06111111111111111,52,797,0.061248527679623084,58,885,0.061505832449628844,0,0,0,9f9d24abba8b1e172cecb4178827eecb5aad1ae5ca68b9cc3a8cc7034dc9daa9,e02f08c721d96bfa73ddbecd4a72d99f5ed2c3bafc37123fc4411d8c9b3eef74,befacb03545024d2ab22ec9ccfb1b80e3ed1501cfcf9399952a027ef199f2779
thyroid_sick,thyroid_sick(6.1%),11,53,exact_feature_label_grouped_stratified,3772,3771,1,1980,849,943,1979,849,943,121,1859,0.06111111111111111,52,797,0.061248527679623084,58,885,0.061505832449628844,0,0,0,f5595b9c54431b2a547816b9f51be810161bb9dd091bae21ab62e48db59d3b29,f1fc8bc51925bd3c46cb34640cd77b1d51c91104b81b321c501a43bd63e406db,4b7a9dcb07d90ed9e69c3f6c2d0eb2ed90afa44b944e7f7563744f487b284109
us_crime,us_crime(7.5%),0,42,exact_feature_label_grouped_stratified,1994,1994,0,1046,449,499,1046,449,499,78,968,0.0745697896749522,34,415,0.0757238307349666,38,461,0.07615230460921844,0,0,0,3d4e7a4f84bacca744b58b93cf9f9f7731868c00572afa758497e56f7a88eee0,7864ac9a0850d8a66fec4b11c7b5fcf9cda5ae12b1053de95939f122fa92b810,028652955c0f20ebb100d29b475a179b82f9bc1ac9131293142e6dce2b057246
us_crime,us_crime(7.5%),1,43,exact_feature_label_grouped_stratified,1994,1994,0,1046,449,499,1046,449,499,78,968,0.0745697896749522,34,415,0.0757238307349666,38,461,0.07615230460921844,0,0,0,37b9449f264cff0ca18be9f92c290bebabee352d204c15f6217a38f9fb0cf923,b9f674055e611475b59d0472d99a945bff7e5d32a3eb864faf79dcf1f1120477,2c8c4118855d55a6f2c51b7fafb976278f3b62d824d01a1fab4b15a6093f907a
us_crime,us_crime(7.5%),2,44,exact_feature_label_grouped_stratified,1994,1994,0,1046,449,499,1046,449,499,78,968,0.0745697896749522,34,415,0.0757238307349666,38,461,0.07615230460921844,0,0,0,52e42ef51795aa6c222f0723d039971cd24fc8e8cb44553bab1c2ea39e7ed783,90ac4246282966e9e003060822cd3a5b9c35012e515cc8305426498cffe1472b,7ecc14d2217309ee06719d34e5d638d4f70819aa54200b229f9be85e77112efa
us_crime,us_crime(7.5%),3,45,exact_feature_label_grouped_stratified,1994,1994,0,1046,449,499,1046,449,499,78,968,0.0745697896749522,34,415,0.0757238307349666,38,461,0.07615230460921844,0,0,0,b66980bfd1e5e7fab8d2ee1012e906c5bf893425a8d65e0d40d4afb614075c08,407cd9b044c6a0ac0013c64fbe83e0f6841e1c10a19c6683fe41d6563071e3c3,07f2299370fd49928f6b0345cbc565c3be662687b9dcfb09c78c7191708dc6e5
us_crime,us_crime(7.5%),4,46,exact_feature_label_grouped_stratified,1994,1994,0,1046,449,499,1046,449,499,78,968,0.0745697896749522,34,415,0.0757238307349666,38,461,0.07615230460921844,0,0,0,10846e7593e9a8c22899af32a10ebb7867f483a906106d411815b47d56771a8d,ebe96b9340556d9cf53cef903578e807dbf3a13ebd129446700dde939ea316d2,fe37b66bf4bc57e23a3250b5c26f666fecee1a0879614e3d3227104253e06eeb
us_crime,us_crime(7.5%),5,47,exact_feature_label_grouped_stratified,1994,1994,0,1046,449,499,1046,449,499,78,968,0.0745697896749522,34,415,0.0757238307349666,38,461,0.07615230460921844,0,0,0,cc42d74c228151ea9539593c6dd0b6380e331140cae39e812d00a616ca13450f,74dea9c15efd9cd443394577d5e9b6829cf2704f2b28fd4727a93d0e8d92719f,28a89c6fbc65d326c3fc6fc8a173bd94fc0e3630b6c278147dc000e848719786
us_crime,us_crime(7.5%),6,48,exact_feature_label_grouped_stratified,1994,1994,0,1046,449,499,1046,449,499,78,968,0.0745697896749522,34,415,0.0757238307349666,38,461,0.07615230460921844,0,0,0,c1edf6152582cb576efdc5646905ce3dd02c9dbc073bdb1c3479592633e9b1cf,49a9acc179f17e9c67c9811bc6735ff7865f96fbd72b4f38d4e5d5ab2ffbb3b2,51be254d703b74d7355f5d16b6bce9927bfc69263cac7d2de929899c1b7ce2c7
us_crime,us_crime(7.5%),7,49,exact_feature_label_grouped_stratified,1994,1994,0,1046,449,499,1046,449,499,78,968,0.0745697896749522,34,415,0.0757238307349666,38,461,0.07615230460921844,0,0,0,261eb90dbe0b3c757a71108dd4fae284376e691a360aa2d277c3f85bdbef6c88,1b07a7b7d326b93b7b3ca5c35c63a3d2500c2c05b3fcba021e0304bc4c045a66,28fecef0bde8825e856f36cf839b436db2a1053c11904149049b14bcdb1d323c
us_crime,us_crime(7.5%),8,50,exact_feature_label_grouped_stratified,1994,1994,0,1046,449,499,1046,449,499,78,968,0.0745697896749522,34,415,0.0757238307349666,38,461,0.07615230460921844,0,0,0,6e823cada4a85dd69e43e2bc9c3df3c68d2527c21d8efda82275315c198165e9,57515541cc3db65cfd6a91783d628e04ac6042057b2d52b4e9c1064d7cf29d93,5cdc397f0030b8215cde95199333c9d59e1d48934fb4922d8496db37ba2ae4e4
us_crime,us_crime(7.5%),9,51,exact_feature_label_grouped_stratified,1994,1994,0,1046,449,499,1046,449,499,78,968,0.0745697896749522,34,415,0.0757238307349666,38,461,0.07615230460921844,0,0,0,db26448d2088590717cf4347e9146932630d588442b0231fa6971fc0a34cdae1,ef43cdec1a471fe81b8486ae2a03eb0c1cafd486c200fb16be762b77a283512f,551f7a63144310fa0471e5a35b8160c7d9f88d01d3a120dbcd7c5e8c70f5d9ff
us_crime,us_crime(7.5%),10,52,exact_feature_label_grouped_stratified,1994,1994,0,1046,449,499,1046,449,499,78,968,0.0745697896749522,34,415,0.0757238307349666,38,461,0.07615230460921844,0,0,0,be31e7d17a402c028fd264b537b62678bf47a1f290ec6c16c6b66f07600d88f9,4915162e94e3ae8a57317e72270211054089613c47640acbb28d1b149d500e6c,4d26015a80c5e638368ce86e17ea4e729e3ee1d6560694c50ef940e755bcec0f
us_crime,us_crime(7.5%),11,53,exact_feature_label_grouped_stratified,1994,1994,0,1046,449,499,1046,449,499,78,968,0.0745697896749522,34,415,0.0757238307349666,38,461,0.07615230460921844,0,0,0,c5f71dab720bf31550e8b7e382007557fcddb8866ceff30577250a07f6476355,b450b711e875662bc1407e23c98eddf78bdb8c6becc2bf76a354a589288ef41e,1059dadb5fcc8f56ee7859b5a1509878fecb28d2bd5beb15f0bd45550fb5462c
wine_quality,wine_quality(3.7%),0,42,exact_feature_label_grouped_stratified,4898,3961,937,2552,1088,1258,2079,891,991,96,2456,0.03761755485893417,40,1048,0.03676470588235294,47,1211,0.037360890302066775,0,0,0,6e0176e72d87b30a23f80fd7c2b0db95ac8f60cbcdd33a43dc8616c5601365bf,0dfdeb38fc2a64d3ceb18dfbca5edd966e919731195664c98b4a6d379b253fc5,3bf148a0320f5a397df1870b0c75410ccd1924c1210d5a25139e066cf5815379
wine_quality,wine_quality(3.7%),1,43,exact_feature_label_grouped_stratified,4898,3961,937,2572,1124,1202,2079,891,991,97,2475,0.03771384136858476,42,1082,0.037366548042704624,44,1158,0.036605657237936774,0,0,0,d6820a1e6abf40deb465b66df584364045cf531efa08b3d5dd6134f7c36f695c,36ee122724446f30f388134bb7542dee40bc791653826f6122e93f1730b83c32,b1d2c10364b55b4a161515d1392a98ea43706f875f786bdd28648899ac39748f
wine_quality,wine_quality(3.7%),2,44,exact_feature_label_grouped_stratified,4898,3961,937,2586,1114,1198,2079,891,991,98,2488,0.03789636504253674,41,1073,0.03680430879712747,44,1154,0.03672787979966611,0,0,0,8829318a07cfee37b4aed8743fc234c242b6622635e5bd57060605695f3ff461,1d9ba0aa7bcf06d98adf91c6081b4f86782afe55c869d5fa91a86bbc075f1116,34931090a1f50de1d36db549e7d72e8084c04346ac3d6e62d36b063a735172e5
wine_quality,wine_quality(3.7%),3,45,exact_feature_label_grouped_stratified,4898,3961,937,2595,1088,1215,2079,891,991,98,2497,0.037764932562620424,41,1047,0.03768382352941176,44,1171,0.03621399176954732,0,0,0,8eff5a7b867b4dceaabf03819e8e650c64292f4d3f693e446a3553d3b24f4d44,0b1332d164bfdb5203ec896d93d889aacc59d1b469399d9ba648f85a4b174e8b,b5c930e59d3a0a2af4a97ef89f2210fb147607c3469676716de3417a7e39af8e
wine_quality,wine_quality(3.7%),4,46,exact_feature_label_grouped_stratified,4898,3961,937,2572,1094,1232,2079,891,991,96,2476,0.03732503888024884,43,1051,0.03930530164533821,44,1188,0.03571428571428571,0,0,0,6813262cf0c0f6c99f2d02313cf5d3660b89bbfac6e3525c367d6991d941e343,46ba57339101233352c6ba0a41eebc97db07d680fec86e6c79d98467d665cbe0,98763b647e7347fcbad367fdf8213847ea73258a3766c1a3ede93936f3c7e731
wine_quality,wine_quality(3.7%),5,47,exact_feature_label_grouped_stratified,4898,3961,937,2570,1096,1232,2079,891,991,95,2475,0.03696498054474708,43,1053,0.03923357664233577,45,1187,0.036525974025974024,0,0,0,2d7199362ab074f99e86306f986b7628653700aebf6ab790f153e2ab1263a0a2,bd4aa03de82d9eef740c9b39e7167bcce2a4b4f9908740a28bd1b2d403700fe1,e0eb2fb18dc3404be5ddb14c1f5c427200cc38c2d0e269b61e29c421d3813abf
wine_quality,wine_quality(3.7%),6,48,exact_feature_label_grouped_stratified,4898,3961,937,2551,1094,1253,2079,891,991,96,2455,0.037632301058408466,42,1052,0.038391224862888484,45,1208,0.035913806863527534,0,0,0,d85a26842dfca660bcaed8e2bd01b8a6efbeab6b29d1e63b67eb294c66a3920d,3e1219f446ca2d822ec57decee9b95a1d7195ecf4b11b04398ef8f27f74bfc94,da08b3e3f3fe9866bfea28f601838b913c1c3b58aa49fd375154f4c026878c42
wine_quality,wine_quality(3.7%),7,49,exact_feature_label_grouped_stratified,4898,3961,937,2571,1089,1238,2079,891,991,96,2475,0.03733955659276546,42,1047,0.03856749311294766,45,1193,0.036348949919224556,0,0,0,d08757695be9c3cd831f5249519a145f695e711b54e887076f7f42034aec5163,cbfe3f1759bfcf15e2fb9c9cd9beeae83d900ef31f051ee9fdddf69de1cffe02,ddb3e4fe48da20893be3c563ee59ee1263bcc69d131a46bbf7ab7f581525f9c9
wine_quality,wine_quality(3.7%),8,50,exact_feature_label_grouped_stratified,4898,3961,937,2584,1086,1228,2079,891,991,100,2484,0.03869969040247678,40,1046,0.03683241252302026,43,1185,0.03501628664495114,0,0,0,70030ed0d98c3cebc0c4743bfb620bd9447d99a97de8996e6752b63df2c914e9,d7cd556a9ef9932094e88e32170380c95476ca80df0a6d20f2648e3a5ff346f0,e2dcee1f094a6c996ba432eb2c7e30f85907dc57bd50baf99e75b06109f43dcb
wine_quality,wine_quality(3.7%),9,51,exact_feature_label_grouped_stratified,4898,3961,937,2579,1088,1231,2079,891,991,97,2482,0.03761147731678945,39,1049,0.035845588235294115,47,1184,0.038180341186027617,0,0,0,9f98fb51222b9f4661f25903d15ea8442a437887d8fe22c8a73d58877620c749,93a63f581fda50499cf1e67f8fc39fe7131c266979ac95a0209d2829619e3df9,b3c50dce9efdd6f37b3e320ede6700260280fec51f8a6fd1b5655117e0cec4a7
wine_quality,wine_quality(3.7%),10,52,exact_feature_label_grouped_stratified,4898,3961,937,2600,1089,1209,2079,891,991,96,2504,0.036923076923076927,41,1048,0.03764921946740129,46,1163,0.0380479735318445,0,0,0,292074cccc947e8d19d12a3a40669d2d0a9864b6b86c9021d2c7c6b9f4f970d0,76a8d9d4dc2aa16ea40fa3f6db96dcfe6f4f194829abba8bcb38f808386efa2d,5367419597eb933b60f397b2b2b563fd280dbc5fc6f431ccc913d782b5807571
wine_quality,wine_quality(3.7%),11,53,exact_feature_label_grouped_stratified,4898,3961,937,2573,1098,1227,2079,891,991,96,2477,0.03731053245239021,42,1056,0.03825136612021858,45,1182,0.03667481662591687,0,0,0,46ea88670a871cfd0ad32e525d095c364579db531027c34ee34faa53ad4ceb17,0403345797982345120f59337731d2df9c5d8cf568ef909b21a866eb24296023,c538d45780bffd0cb7ad2eaa816095dbce6b433c6a566b6d9bc0f0aa8a1057ae
yeast_ml8,yeast_ml8(7.4%),0,42,exact_feature_label_grouped_stratified,2417,2417,0,1268,544,605,1268,544,605,93,1175,0.07334384858044164,40,504,0.07352941176470588,45,560,0.0743801652892562,0,0,0,2de46a93421125eb5cd36a9e4954bdba3cf4a7b555675ad10f7758c1b5f0c989,503a515b681a33ee07f6ba5313b34fd5d037d9f595b37aca58ac7fda852047b0,5325b395fc27f7b50edfea9c9ffd5e886ef63561f1f4d0d0858d2f6c4402bbd6
yeast_ml8,yeast_ml8(7.4%),1,43,exact_feature_label_grouped_stratified,2417,2417,0,1268,544,605,1268,544,605,93,1175,0.07334384858044164,40,504,0.07352941176470588,45,560,0.0743801652892562,0,0,0,23452389d4226e8a6d0514bb7b0e5e7c586beffc89252eab811fc5f1f457181b,82a3f133df792a919c2d53e8bad3aed016568ee7f04fdb539f14cb48c9b4b862,1cc275f4993c5f911340c7ebd2a774a4a411a46dfba8e0779326871b69600fd5
yeast_ml8,yeast_ml8(7.4%),2,44,exact_feature_label_grouped_stratified,2417,2417,0,1268,544,605,1268,544,605,93,1175,0.07334384858044164,40,504,0.07352941176470588,45,560,0.0743801652892562,0,0,0,a8ab2e4c5cc6420371f616fcb6c7d4f4a021f3681aaa68a1da48ba4b2dd8e50e,8a2c3a2ffe03432aaa96a19ce93efb0cce5438fab3e4c8d79f1a5724642ebea4,13ff615397c440cddd51d8885b7734d4c8fc357634859d06e35736b6fc3aa691
yeast_ml8,yeast_ml8(7.4%),3,45,exact_feature_label_grouped_stratified,2417,2417,0,1268,544,605,1268,544,605,93,1175,0.07334384858044164,40,504,0.07352941176470588,45,560,0.0743801652892562,0,0,0,77a9b352e871a8c44beadc36de24b60939c283074954c1beedf6a10547b85817,ba463bcfc1654a066a7a8303689f1dbc85f8cec2601e5c01b4ba63dfc5c66bf3,a97a9c3ecb461530fef91ede3c5d3bbea45f6c5307b28aed4137c5f65badf8c5
yeast_ml8,yeast_ml8(7.4%),4,46,exact_feature_label_grouped_stratified,2417,2417,0,1268,544,605,1268,544,605,93,1175,0.07334384858044164,40,504,0.07352941176470588,45,560,0.0743801652892562,0,0,0,a55b9518aed0a457a330fb149351d5e1dd428c0c4ea904aef1fa508d0ba50912,1791af63e54a0148f25d5948d09203d10762d3c546eeecc5de45a69b004858a7,256ab52d4bd9f08f3a5105c15cc002e018991c0b432a9230b64bdccd560f8022
yeast_ml8,yeast_ml8(7.4%),5,47,exact_feature_label_grouped_stratified,2417,2417,0,1268,544,605,1268,544,605,93,1175,0.07334384858044164,40,504,0.07352941176470588,45,560,0.0743801652892562,0,0,0,2e8d7a8b5f234fff3c8b27ef5d90842f439df794a7cf496ce7d4b9086b22464f,d26ccdf760039881cc8375cdcbdc0ff22ace22cc300feeb305abe9c83acf50d5,b2819904a458c8bfc003d8ea2a3976dca8d6a68a295818a238a0b00cd5a53cc2
yeast_ml8,yeast_ml8(7.4%),6,48,exact_feature_label_grouped_stratified,2417,2417,0,1268,544,605,1268,544,605,93,1175,0.07334384858044164,40,504,0.07352941176470588,45,560,0.0743801652892562,0,0,0,9b7e6afb7b46871c8d11d6acad1fc7c4c6de629436fe328bd2144c68ee4c7a18,9f3b61ba991889a6fda7545fb4c17c6ec9c67f36ce63981e2dd5544090a71621,30c27252545cac52135be538c001250f782ebb412bb6182a81ef9b849d14018e
yeast_ml8,yeast_ml8(7.4%),7,49,exact_feature_label_grouped_stratified,2417,2417,0,1268,544,605,1268,544,605,93,1175,0.07334384858044164,40,504,0.07352941176470588,45,560,0.0743801652892562,0,0,0,4074ab9bbc49761ff1f5378b51ab40afc86e081a1e76f3225481ba16ad4f8e30,bc81e208bcb96d9834fe4ac895a2e24db0b0f7b5fca80532aa914937828ba9b8,4e195d8a82196fe1356c91b024af40fac83c8413f5945b6529a5d1c6d1a8e21e
yeast_ml8,yeast_ml8(7.4%),8,50,exact_feature_label_grouped_stratified,2417,2417,0,1268,544,605,1268,544,605,93,1175,0.07334384858044164,40,504,0.07352941176470588,45,560,0.0743801652892562,0,0,0,b087b925a2268f29289e83b8274c7c1227753cbef7bc17c5b4b79d9101b7e2dc,c6ba508130b946599388c518ef38f6580f4efb4cb47c15f4a1a3bd2e366dfab1,ad4306d8d7be3867a48716ddeea6fbf51aaca6befd98cbdd8704c17d451603c3
yeast_ml8,yeast_ml8(7.4%),9,51,exact_feature_label_grouped_stratified,2417,2417,0,1268,544,605,1268,544,605,93,1175,0.07334384858044164,40,504,0.07352941176470588,45,560,0.0743801652892562,0,0,0,9fea7aa4e0e1edce26d71b38d2615ecf4fd813e1f14955f18418276b1c32cb79,1343a59751a4a41d82f4174a1ad5d9d1204e04e9a52e7a457402eb0b8f821af8,6dbf2ee1c920c71c72b29cd32f18f5da149974b97f6c179b6232dbe82b19a09e
yeast_ml8,yeast_ml8(7.4%),10,52,exact_feature_label_grouped_stratified,2417,2417,0,1268,544,605,1268,544,605,93,1175,0.07334384858044164,40,504,0.07352941176470588,45,560,0.0743801652892562,0,0,0,1ad795429987925c740a8287d204f4479cefb99f1eb6e36234dd156c5f109098,160e01c71cee8dde4ddaf9aae3fac3b39dabf2a55350ebedd53032b068aeba5f,325f4b97387ddb5859c815f367089c89e33c1e738424e9fb2922193cfb2af0a1
yeast_ml8,yeast_ml8(7.4%),11,53,exact_feature_label_grouped_stratified,2417,2417,0,1268,544,605,1268,544,605,93,1175,0.07334384858044164,40,504,0.07352941176470588,45,560,0.0743801652892562,0,0,0,c89443cd81702f770fd311b3947cf861536868a70b3bc4d420c905707c49f2d5,800a5aae5c720fc426e1845b5e825c64ec38ebe6773de0be34cc51f97e462caf,7bd6c360f065b1659e89a1208e84fad8cde679d60955751cb44480f21523edd2
