dataset_key,dataset,source,cache_path,cache_sha256,rows,features,positive_rows,negative_rows,prevalence,unique_exact_feature_label_groups,exact_duplicate_rows_with_label,X_sha256,y_sha256
bc,breast_cancer(37%),sklearn.load_breast_cancer,,,569,30,212,357,0.37258347978910367,569,0,6b202a2072f9a0385f405a8f8605b1b06f6f36ae6d23d9cd6cbbc0974a416bc7,cf3718c3daedd1aa2ed0e61287957d1861f3f3cdc31097111991a7a8b1df32e7
synth5,synth(5%),sklearn.make_classification seed=1,,,4000,25,221,3779,0.05525,4000,0,739805baf6d589826f12320f75a910ad763b21a6dde542f4f50ac69c61a3ea49,5fa8c378c5441905cbe368efdb799ebb07a1f30671bafe74dde7a87ddfb8b3ef
synth1,synth(1%),sklearn.make_classification seed=2,,,4000,25,52,3948,0.013,4000,0,98a7a8c1ebc8f8d0c47f80cda67343ee53d2f55efbd96c1ed6419d69dd68118a,cf9a37bf58f135679ac9e92fe2ab42a8f0b1e93172d964c17c4a269069f5792d
cc10,creditcard(1%),02_data/creditcard_pi10.npz,/home/ubuntu/experiments/softmcc_theory/2026-07-24_claude_vps_marsilya_dataset_expansion/staging/02_data/creditcard_pi10.npz,f25f9d529c04b43f96ffbfd3fd5345229b8bf710de05c04c70e0022f6d04263b,49200,29,492,48708,0.01,48631,569,d1308b1a05de75e70da5377643ed1d45e7927c4e61abb0f506273e61e4b49c1f,c52dc167879d20939ecc328913bb0bd316b11f7c8b07ec9767dab3cdee38136a
cc5,creditcard(0.5%),02_data/creditcard_pi5.npz,/home/ubuntu/experiments/softmcc_theory/2026-07-24_claude_vps_marsilya_dataset_expansion/staging/02_data/creditcard_pi5.npz,ae39d638ada84c6f13bb80a31c8959a3f98807454b7861df8c2bd13799a3ce41,98400,29,492,97908,0.005,96700,1700,77186deb0b916a4a2f39c499fe8638f4082df24091ad021bbb21c3da938a3db8,fe34db2fa0e3a0d735b4935f94f536a2938cc7ee9c7a23ce1d25b7b77cbe8c86
iot,iotid20(6.4%),02_data/iotid20_compact.npz,/home/ubuntu/experiments/softmcc_theory/2026-07-24_claude_vps_marsilya_dataset_expansion/staging/02_data/iotid20_compact.npz,c91bcf66509f88244b78fdea711f1fe3345e724d71c6cc3a7580e444cbf28623,40000,79,2561,37439,0.064025,28285,11715,3a166298abad51ab396c46b44c24eaa1349623422fe86ae0f2d2b98e56a0ba66,3ae8d008c14268468118ee9eba26e46b650003288f89ea6bf43a5b6c428bd0b5
abalone,abalone(9.4%),imblearn.fetch_datasets,/home/ubuntu/experiments/softmcc_theory/2026-07-24_claude_vps_marsilya_dataset_expansion/staging/02_data/expansion/abalone.npz,64bfdce64229a2698f31a2c0321fd1465f976c77f03a6b23609c703090dbc38b,4177,10,391,3786,0.09360785252573617,4177,0,88de713fe357591d3d28ec755b439318e1adb28f3d39814e0527218307a95761,4d0b5eefa89a9eec34d22ddfa8802b11d152a42e844d1afb451366afed20972a
car_eval_34,car_eval_34(7.8%),imblearn.fetch_datasets,/home/ubuntu/experiments/softmcc_theory/2026-07-24_claude_vps_marsilya_dataset_expansion/staging/02_data/expansion/car_eval_34.npz,e530c30916c440dead4f21c73a53eda2a6f2a365f484c5436e935dba413ab03e,1728,21,134,1594,0.0775462962962963,1728,0,ac6b30fac495aeb20374eec934d34a33d65f8601fe2f6d3b84e586ae8be7860b,b470b058c54e6e3d7a993a48de9a8d1f305bf7b616cdae487b92f6aae3d65e9c
car_eval_4,car_eval_4(3.8%),imblearn.fetch_datasets,/home/ubuntu/experiments/softmcc_theory/2026-07-24_claude_vps_marsilya_dataset_expansion/staging/02_data/expansion/car_eval_4.npz,311eba8c12b708b8088a6bef9f1b76216016fdfc50513acadcaaa56f6b80fb29,1728,21,65,1663,0.03761574074074074,1728,0,ac6b30fac495aeb20374eec934d34a33d65f8601fe2f6d3b84e586ae8be7860b,5afa52cc4f6e4bceff30673aef218e971f9919884f1fe5026a5e2c70004bac6a
coil_2000,coil_2000(6.0%),imblearn.fetch_datasets,/home/ubuntu/experiments/softmcc_theory/2026-07-24_claude_vps_marsilya_dataset_expansion/staging/02_data/expansion/coil_2000.npz,c6a83589a7d6efe41eaf3cee65bf8a2058c806cc51a97f94584c31e0f05c5581,9822,85,586,9236,0.059661983302789656,8380,1442,be9713fe83527281d0923f35089481facef8e9886735aa07ad287914647a8a46,31f6ffe2f991722de00f176d0668ca5ea4eea25044880722881b16c42a410e84
mammography,mammography(2.3%),imblearn.fetch_datasets,/home/ubuntu/experiments/softmcc_theory/2026-07-24_claude_vps_marsilya_dataset_expansion/staging/02_data/expansion/mammography.npz,b60b0c3d01a65ef9052056a9596f27f99632c265165cab341337e8fc791173ab,11183,6,260,10923,0.023249575248144506,7849,3334,c131dfc15701314dd7870e3b2919a2e1fc429a6fc5d0e9e9476caacb88242508,ffca665659c8020e06344a367f6593a708958f7b4db140732de1dd9bda796659
ozone_level,ozone_level(2.9%),imblearn.fetch_datasets,/home/ubuntu/experiments/softmcc_theory/2026-07-24_claude_vps_marsilya_dataset_expansion/staging/02_data/expansion/ozone_level.npz,e320fe2e797d9bc5cfefb1b6470ffb6b603159f59deef03674249eab1bd1afbd,2536,72,73,2463,0.028785488958990538,2536,0,9417f4921d557d0b85e3445ebe488242253509932c061b76bca7a44da59ae340,44e2040591be397aa4fa0fd501e5925de073bcb0998f29fdf0db4bccc14750ad
protein_homo,protein_homo(0.9%),imblearn.fetch_datasets,/home/ubuntu/experiments/softmcc_theory/2026-07-24_claude_vps_marsilya_dataset_expansion/staging/02_data/expansion/protein_homo.npz,6fb4e3672080a6ceae7eec96ec814385c04235cd294dbbdd7d6596d40b6eb952,145751,74,1296,144455,0.008891877242694734,144968,783,476a2ab1979c71948561107849c13197ee126b82d063503e0e7c193770c89e44,70ef33d97519bf7ade58af29c54d4ecebe96154ea53f4e80a8cb59e3741a703b
sick_euthyroid,sick_euthyroid(9.3%),imblearn.fetch_datasets,/home/ubuntu/experiments/softmcc_theory/2026-07-24_claude_vps_marsilya_dataset_expansion/staging/02_data/expansion/sick_euthyroid.npz,a4e93c9cd4ae93fca9446246a60ca1e3a5525db8c523c225078e0ed167bcb27d,3163,42,293,2870,0.09263357571925387,3109,54,ee82451272e763714188c4930c128900060c7575f4afbfe11ff5fbcab7ab3c0e,96e57f454da6454651bd81dd0fdcb3b0e39f2642112087f8069b0a2429f2d057
thyroid_sick,thyroid_sick(6.1%),imblearn.fetch_datasets,/home/ubuntu/experiments/softmcc_theory/2026-07-24_claude_vps_marsilya_dataset_expansion/staging/02_data/expansion/thyroid_sick.npz,326d79ec9b79932f6e8e945a1fab3c096ac0e50dc7d891740a79492b6e97f0e4,3772,52,231,3541,0.0612407211028632,3771,1,a25493043e21994260170d6dfe15db83e3914efad8ef44a3cf14e005ef3abc01,892524c4150efa800cb6b6c453e2f5d6d72de760f1cf7163e9ea0009bc887cd6
us_crime,us_crime(7.5%),imblearn.fetch_datasets,/home/ubuntu/experiments/softmcc_theory/2026-07-24_claude_vps_marsilya_dataset_expansion/staging/02_data/expansion/us_crime.npz,e771119de5da0c00e883f110b789274903ead698ffd4c71d8aab4685b2c0b288,1994,100,150,1844,0.07522567703109329,1994,0,a171ffb18fb63044f758ab424367a878255aebcecfbc01b96c173d2a2e244cbf,7f12940dcf8cc9d6d3febd8fb5df1e97747a7546ebdf58500a7fcab2f19e5f27
wine_quality,wine_quality(3.7%),imblearn.fetch_datasets,/home/ubuntu/experiments/softmcc_theory/2026-07-24_claude_vps_marsilya_dataset_expansion/staging/02_data/expansion/wine_quality.npz,ed696f7ade90702a766cd5265370447c10098e4c5f51fd5f665f22441c33743e,4898,11,183,4715,0.03736218864842793,3961,937,5393cba454473d4e293134f2d8c84069f9b23907830cc83c9f8c8363ddf3377f,c6c99904276efd1e0aedb393460b75b93d2aa7accf0774ef7cda2df9e281e4d8
yeast_ml8,yeast_ml8(7.4%),imblearn.fetch_datasets,/home/ubuntu/experiments/softmcc_theory/2026-07-24_claude_vps_marsilya_dataset_expansion/staging/02_data/expansion/yeast_ml8.npz,26cfb5a2823580bfca27fa0c8fa85fa58b30bd09dd5a4730ed65b1e6e6600d25,2417,103,178,2239,0.07364501448076127,2417,0,edeffaf55a8532fa1b441dcbf282e1ea1fb67c81aa64e3cd58c1c0fd520cd51d,adc10e9b967876fc7edc61d60f8bc7cfe1858c70d3dbf59f3d04e215302235ce
