dataset_key,dataset,repeat,seed,candidate,validation_brier,validation_log_loss,validation_ece_10,validation_prob_mean,validation_pos_rate
bc,breast_cancer(37%),0,42,logreg_C0.1,0.04159265774169704,0.1258431422493808,0.023063151321403443,0.3600822306301692,0.375
bc,breast_cancer(37%),0,42,logreg_C1.0,0.03420381871429226,0.303172760720661,0.042417266364807735,0.35879060703082,0.375
bc,breast_cancer(37%),0,42,logreg_C10.0,0.036683911491296656,0.11183948320596854,0.04144681973811715,0.3521637440538212,0.375
bc,breast_cancer(37%),0,42,hgb_d3,0.04041615735362418,0.3156011115068684,0.034293154852487684,0.39469208285462687,0.375
bc,breast_cancer(37%),0,42,hgb_d6,0.04230647113351321,0.3291463668113025,0.04209699846507168,0.39079491513173836,0.375
bc,breast_cancer(37%),1,43,logreg_C0.1,0.05803690069635951,0.17956557694674308,0.04790504255567017,0.40045955522277665,0.375
bc,breast_cancer(37%),1,43,logreg_C1.0,0.05308620551961713,0.15912529489510935,0.05462295613591796,0.39718924401470584,0.375
bc,breast_cancer(37%),1,43,logreg_C10.0,0.05036486993568832,0.1564869561992312,0.04579868112641766,0.40691211811691574,0.375
bc,breast_cancer(37%),1,43,hgb_d3,0.028942812520339468,0.09500142961513244,0.04755680397791481,0.4029868241583494,0.375
bc,breast_cancer(37%),1,43,hgb_d6,0.028932894021450117,0.09481997205964626,0.04010316665487868,0.40194278392676996,0.375
bc,breast_cancer(37%),2,44,logreg_C0.1,0.037400638677357184,0.11296888030599188,0.041749019195897186,0.36126478015954155,0.375
bc,breast_cancer(37%),2,44,logreg_C1.0,0.032885728270860934,0.2977427977949687,0.03112304528900389,0.3628677449650232,0.375
bc,breast_cancer(37%),2,44,logreg_C10.0,0.03412535425060788,0.30015746899661444,0.034978467850248884,0.35995084749689066,0.375
bc,breast_cancer(37%),2,44,hgb_d3,0.028198584087719844,0.2806092765488866,0.02325702980122204,0.3765413807064788,0.375
bc,breast_cancer(37%),2,44,hgb_d6,0.0278644465800148,0.28129954883849384,0.04274596077845108,0.3761900511263108,0.375
bc,breast_cancer(37%),3,45,logreg_C0.1,0.04129200521205026,0.31641485399627367,0.030455871586847604,0.350635980639873,0.375
bc,breast_cancer(37%),3,45,logreg_C1.0,0.032619579732147685,0.2953062321393963,0.03500214868305424,0.3549876327704774,0.375
bc,breast_cancer(37%),3,45,logreg_C10.0,0.026984235171057493,0.08709870339827767,0.027729716984931777,0.3540411163484015,0.375
bc,breast_cancer(37%),3,45,hgb_d3,0.007998272204957014,0.03089908625415083,0.017804192701825212,0.37025905530380987,0.375
bc,breast_cancer(37%),3,45,hgb_d6,0.0067475066620416,0.02735475819269507,0.015320171892929658,0.3720564641420078,0.375
bc,breast_cancer(37%),4,46,logreg_C0.1,0.053976009966059744,0.17676855349309686,0.0579200400974698,0.40224930138195264,0.375
bc,breast_cancer(37%),4,46,logreg_C1.0,0.04072746229587092,0.14195655151178588,0.04967463102950414,0.3892867971350865,0.375
bc,breast_cancer(37%),4,46,logreg_C10.0,0.03478276351001522,0.12297805910774534,0.06904011838022309,0.39327072944096453,0.375
bc,breast_cancer(37%),4,46,hgb_d3,0.03525987765010166,0.1286758305933337,0.0539002243899931,0.40939467503271776,0.375
bc,breast_cancer(37%),4,46,hgb_d6,0.0343649778896287,0.12260711563616945,0.05656529826861491,0.40791600342441425,0.375
bc,breast_cancer(37%),5,47,logreg_C0.1,0.049882391406805796,0.3397372287665146,0.052723505318443734,0.3590763116655814,0.375
bc,breast_cancer(37%),5,47,logreg_C1.0,0.04077551886784242,0.5071520274669138,0.046293976565982733,0.3517292241915931,0.375
bc,breast_cancer(37%),5,47,logreg_C10.0,0.024581132593062497,0.07690938393195715,0.02974662726287681,0.3590065599049188,0.375
bc,breast_cancer(37%),5,47,hgb_d3,0.025994681844556604,0.08298209225988543,0.03363346859871933,0.3664570029940736,0.375
bc,breast_cancer(37%),5,47,hgb_d6,0.027480533909643865,0.0875286136407022,0.03412512564950209,0.3641215753362014,0.375
bc,breast_cancer(37%),6,48,logreg_C0.1,0.04764356855372353,0.14415079675624995,0.042507470321571615,0.37658225190447425,0.375
bc,breast_cancer(37%),6,48,logreg_C1.0,0.0369799417120807,0.11364635344904882,0.042116348201372125,0.37880612847648054,0.375
bc,breast_cancer(37%),6,48,logreg_C10.0,0.034868886171249544,0.11170222884872075,0.03851551194235422,0.3848285545921659,0.375
bc,breast_cancer(37%),6,48,hgb_d3,0.040598408408861364,0.12275532610564288,0.04516699261037755,0.37536850108540565,0.375
bc,breast_cancer(37%),6,48,hgb_d6,0.040456771720129944,0.12180990798578525,0.02999160518859871,0.3745505966773889,0.375
bc,breast_cancer(37%),7,49,logreg_C0.1,0.06413929882167911,0.19339417607514206,0.04724349785226421,0.33927835500857706,0.375
bc,breast_cancer(37%),7,49,logreg_C1.0,0.06344914757473119,0.18379468172954172,0.06000180995066372,0.34234194004933627,0.375
bc,breast_cancer(37%),7,49,logreg_C10.0,0.04823559135616787,0.14998151823990236,0.03739308666504847,0.3544400237729092,0.375
bc,breast_cancer(37%),7,49,hgb_d3,0.035224012785584076,0.12413421581513417,0.04393130922190584,0.3426572324447609,0.375
bc,breast_cancer(37%),7,49,hgb_d6,0.035447562112545496,0.12616792056914727,0.04120192089068223,0.3414030006069023,0.375
bc,breast_cancer(37%),8,50,logreg_C0.1,0.04408780481403879,0.14730020626920054,0.03348877445806108,0.38670336081364537,0.375
bc,breast_cancer(37%),8,50,logreg_C1.0,0.040256925413699754,0.13811328059142536,0.0376409151141579,0.39395940183631434,0.375
bc,breast_cancer(37%),8,50,logreg_C10.0,0.0394310381749039,0.1305575847510458,0.04942864792555456,0.40248530929672155,0.375
bc,breast_cancer(37%),8,50,hgb_d3,0.024358965050484134,0.08200884132843939,0.035373876795452494,0.4067197634705855,0.375
bc,breast_cancer(37%),8,50,hgb_d6,0.02174196562226979,0.07519148925629171,0.03626702549870154,0.40770249892762017,0.375
bc,breast_cancer(37%),9,51,logreg_C0.1,0.04959769856434706,0.3555405789752395,0.046957552776947895,0.361338578175433,0.375
bc,breast_cancer(37%),9,51,logreg_C1.0,0.04611094072963147,0.3373226686120198,0.04342666116876053,0.3696685769264776,0.375
bc,breast_cancer(37%),9,51,logreg_C10.0,0.037065800062507544,0.11390433915140594,0.031633281451009264,0.3633105772106425,0.375
bc,breast_cancer(37%),9,51,hgb_d3,0.01666662326966663,0.07502372215213937,0.016365459075725508,0.37212582177194975,0.375
bc,breast_cancer(37%),9,51,hgb_d6,0.016743404564440064,0.2535577033447174,0.009898704964426358,0.3766431675887865,0.375
bc,breast_cancer(37%),10,52,logreg_C0.1,0.052027520741851685,0.35864463641065475,0.04520261160188148,0.3566576398614531,0.375
bc,breast_cancer(37%),10,52,logreg_C1.0,0.03930366093537306,0.3191835740588117,0.03454263272548136,0.3695653830258441,0.375
bc,breast_cancer(37%),10,52,logreg_C10.0,0.0393081844681853,0.13060444000602567,0.03793269651731368,0.35749710716335986,0.375
bc,breast_cancer(37%),10,52,hgb_d3,0.05248185189467902,0.17273398496167705,0.04506669614369595,0.33047442939742966,0.375
bc,breast_cancer(37%),10,52,hgb_d6,0.04770199030779002,0.15832611791640516,0.04285184591224822,0.3346646352002344,0.375
bc,breast_cancer(37%),11,53,logreg_C0.1,0.0561611522029136,0.16821563793450411,0.061235091408125254,0.3280100384620046,0.375
bc,breast_cancer(37%),11,53,logreg_C1.0,0.046157715851495286,0.1402141125223886,0.045017642699368164,0.3381203781339651,0.375
bc,breast_cancer(37%),11,53,logreg_C10.0,0.04373871751746668,0.1421546867617446,0.03744295228256648,0.34828025617965275,0.375
bc,breast_cancer(37%),11,53,hgb_d3,0.033081273315042486,0.3000463154811332,0.0362658960786167,0.35987058123737337,0.375
bc,breast_cancer(37%),11,53,hgb_d6,0.033189998797477055,0.29774508476867534,0.033382162733533324,0.36331922615535556,0.375
synth5,synth(5%),0,42,logreg_C0.1,0.046288880408543696,0.17980976005370725,0.009785167003461218,0.05409895654279643,0.05555555555555555
synth5,synth(5%),0,42,logreg_C1.0,0.045852320141212176,0.17815606343231577,0.00847504154196312,0.053769086055612626,0.05555555555555555
synth5,synth(5%),0,42,logreg_C10.0,0.04575625398938295,0.177893018321643,0.0094859318218227,0.05363802855596417,0.05555555555555555
synth5,synth(5%),0,42,hgb_d3,0.04233079768200651,0.17328495513769465,0.014332329321923413,0.05622942846681084,0.05555555555555555
synth5,synth(5%),0,42,hgb_d6,0.04149256383511778,0.16811105007675975,0.008944075559196804,0.057561960349812334,0.05555555555555555
synth5,synth(5%),1,43,logreg_C0.1,0.046644505968547696,0.251891474100621,0.011842727298407246,0.0504304759611333,0.05555555555555555
synth5,synth(5%),1,43,logreg_C1.0,0.04634152406534497,0.2516653151948886,0.008664930948944194,0.05042448235124872,0.05555555555555555
synth5,synth(5%),1,43,logreg_C10.0,0.046257465757061106,0.251515701296085,0.010222585897660393,0.05058979459181127,0.05555555555555555
synth5,synth(5%),1,43,hgb_d3,0.04053498227705736,0.2100347555052025,0.014387000612280551,0.05208831550551957,0.05555555555555555
synth5,synth(5%),1,43,hgb_d6,0.037916023918995456,0.176204687531592,0.008937890081396782,0.05214784613101772,0.05555555555555555
synth5,synth(5%),2,44,logreg_C0.1,0.04256811947354427,0.16020227773165624,0.015297937205366378,0.059947681557028426,0.05555555555555555
synth5,synth(5%),2,44,logreg_C1.0,0.042103137902791556,0.15927958258683886,0.018683050952290007,0.0600134139053384,0.05555555555555555
synth5,synth(5%),2,44,logreg_C10.0,0.04226501306636354,0.1598159858443771,0.017885962421310783,0.059852398818666046,0.05555555555555555
synth5,synth(5%),2,44,hgb_d3,0.03495279327686984,0.14057751128736926,0.013473190074162422,0.05968728539854731,0.05555555555555555
synth5,synth(5%),2,44,hgb_d6,0.034683014451811656,0.13737576626857861,0.015721127414722955,0.0581929687787149,0.05555555555555555
synth5,synth(5%),3,45,logreg_C0.1,0.04857126041382268,0.18417064478088596,0.01721768187451058,0.053628799636799916,0.05555555555555555
synth5,synth(5%),3,45,logreg_C1.0,0.0485813068457206,0.18519283263733416,0.01756632731043576,0.05343998366733124,0.05555555555555555
synth5,synth(5%),3,45,logreg_C10.0,0.048819392419997554,0.18566536373337453,0.01963801404507776,0.0535424749466693,0.05555555555555555
synth5,synth(5%),3,45,hgb_d3,0.03805700109626717,0.15108398213184343,0.007891707642478521,0.050968224551023615,0.05555555555555555
synth5,synth(5%),3,45,hgb_d6,0.0371029446178191,0.14476410708706225,0.007746415976217993,0.05196190317581693,0.05555555555555555
synth5,synth(5%),4,46,logreg_C0.1,0.046112249503096225,0.2300929418149519,0.013009159502472173,0.05497122561449866,0.05555555555555555
synth5,synth(5%),4,46,logreg_C1.0,0.046271520876250936,0.2308360572268359,0.011370380724891474,0.05425536561122799,0.05555555555555555
synth5,synth(5%),4,46,logreg_C10.0,0.04632561237785722,0.23129505632548178,0.011388952184071132,0.05423722549350304,0.05555555555555555
synth5,synth(5%),4,46,hgb_d3,0.04060909439892544,0.18350998492810114,0.010430293396712143,0.055727419113556255,0.05555555555555555
synth5,synth(5%),4,46,hgb_d6,0.0392430761095084,0.1543590532623637,0.004903395876189305,0.056833415205416495,0.05555555555555555
synth5,synth(5%),5,47,logreg_C0.1,0.0437634869036244,0.1844045499392254,0.01172042375286381,0.056397162858770146,0.05555555555555555
synth5,synth(5%),5,47,logreg_C1.0,0.04381003436684771,0.18576175348313093,0.011767756716479278,0.055800376484448765,0.05555555555555555
synth5,synth(5%),5,47,logreg_C10.0,0.04407016309367344,0.18655691743730318,0.010443070361892239,0.055121259402797045,0.05555555555555555
synth5,synth(5%),5,47,hgb_d3,0.03385571465164977,0.13307687062699303,0.015003666161233466,0.054901554828154925,0.05555555555555555
synth5,synth(5%),5,47,hgb_d6,0.033248676646345954,0.12755187417127295,0.01561293239543345,0.053732687405936744,0.05555555555555555
synth5,synth(5%),6,48,logreg_C0.1,0.04443050612423415,0.17280592437623177,0.010396096507899407,0.05058126785401482,0.05555555555555555
synth5,synth(5%),6,48,logreg_C1.0,0.04438304046407716,0.1721662618980966,0.008665036852823788,0.04996793141901299,0.05555555555555555
synth5,synth(5%),6,48,logreg_C10.0,0.044160422806855025,0.1710753363569078,0.008540848721536145,0.04988762223566222,0.05555555555555555
synth5,synth(5%),6,48,hgb_d3,0.03746001818409747,0.1477640833548865,0.01152650504680509,0.05311321375282714,0.05555555555555555
synth5,synth(5%),6,48,hgb_d6,0.034918146514955985,0.13665567285994296,0.019607802577002047,0.055801991482777535,0.05555555555555555
synth5,synth(5%),7,49,logreg_C0.1,0.045521055609697055,0.1680126835602273,0.006445687491932183,0.0586866162917105,0.05555555555555555
synth5,synth(5%),7,49,logreg_C1.0,0.04478099467149426,0.16608760209242177,0.007097650451445652,0.05888175935754721,0.05555555555555555
synth5,synth(5%),7,49,logreg_C10.0,0.04472402708795875,0.16594607958385457,0.006791846294401592,0.058628530022570347,0.05555555555555555
synth5,synth(5%),7,49,hgb_d3,0.03500502742741689,0.13710185328527294,0.024368774275989477,0.05318407767930042,0.05555555555555555
synth5,synth(5%),7,49,hgb_d6,0.033370648588601406,0.13576908955427847,0.018331796429747905,0.05638998397595849,0.05555555555555555
synth5,synth(5%),8,50,logreg_C0.1,0.0498221161789495,0.2135396876659162,0.01499709423201863,0.056593881802538167,0.05555555555555555
synth5,synth(5%),8,50,logreg_C1.0,0.04959192294154527,0.21268629196569747,0.014341316888213392,0.05703814822179202,0.05555555555555555
synth5,synth(5%),8,50,logreg_C10.0,0.04968199647743532,0.213050022315026,0.014608712435867612,0.056731100582654015,0.05555555555555555
synth5,synth(5%),8,50,hgb_d3,0.03770729478564607,0.14739229974168527,0.009307181914591182,0.05469656136062399,0.05555555555555555
synth5,synth(5%),8,50,hgb_d6,0.036500024196401866,0.1421101790453767,0.016197600898324557,0.05453573421530684,0.05555555555555555
synth5,synth(5%),9,51,logreg_C0.1,0.046367132554973635,0.18050492612646946,0.006137425461859839,0.050347776472226366,0.05555555555555555
synth5,synth(5%),9,51,logreg_C1.0,0.04611937069326737,0.17959409480613078,0.008546771429134282,0.050597993100334866,0.05555555555555555
synth5,synth(5%),9,51,logreg_C10.0,0.04615967518501324,0.17898421652543087,0.008539799531612616,0.05057771472924342,0.05555555555555555
synth5,synth(5%),9,51,hgb_d3,0.04123307821109639,0.16014334829163715,0.010105945441618863,0.05175680201009287,0.05555555555555555
synth5,synth(5%),9,51,hgb_d6,0.04124400422814639,0.15584893664418,0.015138388463262627,0.05489624851654066,0.05555555555555555
synth5,synth(5%),10,52,logreg_C0.1,0.04499213487613798,0.20028429341049617,0.006280906983689308,0.052162949858491334,0.05555555555555555
synth5,synth(5%),10,52,logreg_C1.0,0.04470633276055665,0.19804060501701085,0.007536958430484209,0.051191114969761094,0.05555555555555555
synth5,synth(5%),10,52,logreg_C10.0,0.04455946073421082,0.19787098249633422,0.0065908884920202835,0.05116867054349179,0.05555555555555555
synth5,synth(5%),10,52,hgb_d3,0.04002091833219799,0.1833930970552443,0.012018697898520577,0.049703894296662034,0.05555555555555555
synth5,synth(5%),10,52,hgb_d6,0.03965183448028133,0.17806418675668256,0.010967450364518488,0.04760449741786414,0.05555555555555555
synth5,synth(5%),11,53,logreg_C0.1,0.0435999984882854,0.1670410508871588,0.012604502658427021,0.05594638880837073,0.05555555555555555
synth5,synth(5%),11,53,logreg_C1.0,0.04322391548203274,0.1661925353696742,0.013122108230005371,0.05600047866923094,0.05555555555555555
synth5,synth(5%),11,53,logreg_C10.0,0.043217803594338036,0.16620842673662448,0.011517749218791421,0.056028828642098884,0.05555555555555555
synth5,synth(5%),11,53,hgb_d3,0.041139088937545566,0.1535440381501124,0.018628431369705944,0.05447244654199712,0.05555555555555555
synth5,synth(5%),11,53,hgb_d6,0.03680769121853523,0.137993174548915,0.0167126860747675,0.05346398428815026,0.05555555555555555
synth1,synth(1%),0,42,logreg_C0.1,0.013161438065728583,0.06889637393104223,0.0017966129792985133,0.012660237611303204,0.013333333333333334
synth1,synth(1%),0,42,logreg_C1.0,0.013183827255812632,0.07000507410667532,0.0015757786650642282,0.012552227657290421,0.013333333333333334
synth1,synth(1%),0,42,logreg_C10.0,0.013193784824610463,0.07020304082787565,0.0014548514889759108,0.012669988868623068,0.013333333333333334
synth1,synth(1%),0,42,hgb_d3,0.01351827211318345,0.06775187667604707,0.005266803377143379,0.013049215560799219,0.013333333333333334
synth1,synth(1%),0,42,hgb_d6,0.013093096373187313,0.06392559491458895,0.004433943182953173,0.012182604793383614,0.013333333333333334
synth1,synth(1%),1,43,logreg_C0.1,0.014170409792078625,0.07136576293454001,0.0050537221533357,0.013584781613011947,0.013333333333333334
synth1,synth(1%),1,43,logreg_C1.0,0.013387154113054151,0.0702143737688168,0.0031000472665457914,0.012877542192469919,0.013333333333333334
synth1,synth(1%),1,43,logreg_C10.0,0.01327551226335873,0.07034278386448845,0.003322935308291362,0.01268703424874668,0.013333333333333334
synth1,synth(1%),1,43,hgb_d3,0.012609656386706601,0.06768019126156134,0.002618891901389045,0.012512074739347841,0.013333333333333334
synth1,synth(1%),1,43,hgb_d6,0.012524719543734126,0.11422618999407294,0.0035056116727901275,0.012516027149050597,0.013333333333333334
synth1,synth(1%),2,44,logreg_C0.1,0.013292858808288285,0.07013989364873859,0.001678937691634249,0.01281227095012519,0.013333333333333334
synth1,synth(1%),2,44,logreg_C1.0,0.013217548409231726,0.06971574216759627,0.001572977899933354,0.012915493660793587,0.013333333333333334
synth1,synth(1%),2,44,logreg_C10.0,0.013207270586284679,0.06960201239295732,0.0015653684723097136,0.012910081717180218,0.013333333333333334
synth1,synth(1%),2,44,hgb_d3,0.013255663559039357,0.06519542076489762,0.0017036560643243757,0.01274834695910722,0.013333333333333334
synth1,synth(1%),2,44,hgb_d6,0.012848439416911807,0.06213359259142368,0.0021657410700799138,0.013107314690780724,0.013333333333333334
synth1,synth(1%),3,45,logreg_C0.1,0.013008292665426389,0.06659795338312476,0.0006562677411519648,0.01267706559218137,0.013333333333333334
synth1,synth(1%),3,45,logreg_C1.0,0.013008914012088278,0.06640249410471424,0.0005727515112372537,0.01276058182209608,0.013333333333333334
synth1,synth(1%),3,45,logreg_C10.0,0.013015561160455791,0.0665695898569688,0.0005471182136626996,0.012786215119670635,0.013333333333333334
synth1,synth(1%),3,45,hgb_d3,0.012565367660337837,0.0615668990606758,0.0016106954694948168,0.013218182280435564,0.013333333333333334
synth1,synth(1%),3,45,hgb_d6,0.012763223529054638,0.0614065767472492,0.00022858444320913301,0.013561917776542467,0.013333333333333334
synth1,synth(1%),4,46,logreg_C0.1,0.012973124182038845,0.06232688577519742,0.003425918809444844,0.014770937105471829,0.013333333333333334
synth1,synth(1%),4,46,logreg_C1.0,0.013019828693911367,0.06309965430569735,0.0007297957816516454,0.01406312911498498,0.013333333333333334
synth1,synth(1%),4,46,logreg_C10.0,0.013036920733993488,0.06348896113440923,0.0007305898335727533,0.014063923166906089,0.013333333333333334
synth1,synth(1%),4,46,hgb_d3,0.013514886422887572,0.06440792186250263,0.005560523794444841,0.015733399920251284,0.013333333333333334
synth1,synth(1%),4,46,hgb_d6,0.012568997718479831,0.05802546898290814,0.0007655435131395333,0.01313759038999437,0.013333333333333334
synth1,synth(1%),5,47,logreg_C0.1,0.013259307708984848,0.0705127154295761,0.0016434632228274348,0.01197192139255718,0.013333333333333334
synth1,synth(1%),5,47,logreg_C1.0,0.013329033028488407,0.07107959816658374,0.003834255701654101,0.012259216503009202,0.013333333333333334
synth1,synth(1%),5,47,logreg_C10.0,0.013332433665681731,0.07123259862253192,0.0039338243841359885,0.012185564989663854,0.013333333333333334
synth1,synth(1%),5,47,hgb_d3,0.013313016993852511,0.06903080012173204,0.00506977070600206,0.012823848548844996,0.013333333333333334
synth1,synth(1%),5,47,hgb_d6,0.013563682869388229,0.06361042928405158,0.002887013425283757,0.013850295312024983,0.013333333333333334
synth1,synth(1%),6,48,logreg_C0.1,0.0129344106950809,0.06490557934133566,0.0008920507360810521,0.012441282597252282,0.013333333333333334
synth1,synth(1%),6,48,logreg_C1.0,0.012972470531960363,0.06582365545384318,0.0009723587240817698,0.012360974609251564,0.013333333333333334
synth1,synth(1%),6,48,logreg_C10.0,0.012975264538694874,0.06585021512545802,0.001014397972150135,0.0123189353611832,0.013333333333333334
synth1,synth(1%),6,48,hgb_d3,0.012715260538941876,0.0653642751436849,0.0010762588647141918,0.012707929169473846,0.013333333333333334
synth1,synth(1%),6,48,hgb_d6,0.012529262299554896,0.06199523064608494,0.0009877194465826222,0.012407271186270458,0.013333333333333334
synth1,synth(1%),7,49,logreg_C0.1,0.01321802497848301,0.07024542460261551,0.002721664568083396,0.012963707667198095,0.013333333333333334
synth1,synth(1%),7,49,logreg_C1.0,0.013192935826979384,0.07045291905118534,0.0005465015200249515,0.012786831813308383,0.013333333333333334
synth1,synth(1%),7,49,logreg_C10.0,0.013176669459206558,0.07035420739738715,0.0005992808438525354,0.012734052489480799,0.013333333333333334
synth1,synth(1%),7,49,hgb_d3,0.013197110049665497,0.06828639179037604,0.0027412393282559675,0.012374598447621062,0.013333333333333334
synth1,synth(1%),7,49,hgb_d6,0.013169817102344529,0.0663335436275873,0.002002790396584518,0.013016724294853427,0.013333333333333334
synth1,synth(1%),8,50,logreg_C0.1,0.012889944859764624,0.06582865812331275,0.0005299960122085825,0.012803337321124751,0.013333333333333334
synth1,synth(1%),8,50,logreg_C1.0,0.012907338924566915,0.0667659712405848,0.0009816810690361632,0.012807051355257929,0.013333333333333334
synth1,synth(1%),8,50,logreg_C10.0,0.012928816703202688,0.06666026718900617,0.0009753085329482737,0.012798908373577679,0.013333333333333334
synth1,synth(1%),8,50,hgb_d3,0.01310608340527877,0.06745386745335323,0.0021949252686862663,0.01379942238018965,0.013333333333333334
synth1,synth(1%),8,50,hgb_d6,0.012901972639448114,0.06648553768560174,0.0018531703310978203,0.013191683551643666,0.013333333333333334
synth1,synth(1%),9,51,logreg_C0.1,0.013147854441929362,0.06563203633081573,0.0030022444518648756,0.013356865678186346,0.013333333333333334
synth1,synth(1%),9,51,logreg_C1.0,0.013114648965184971,0.06704862112952756,0.0023404763604195867,0.013060130553228941,0.013333333333333334
synth1,synth(1%),9,51,logreg_C10.0,0.013110607506817074,0.06696166361647543,0.0021509654135249074,0.013011243632895962,0.013333333333333334
synth1,synth(1%),9,51,hgb_d3,0.012728851050760456,0.06666486136657042,0.008451650091974983,0.012088511875730698,0.013333333333333334
synth1,synth(1%),9,51,hgb_d6,0.012684258533488615,0.06718372432617485,0.0046573604409922064,0.013476153095035536,0.013333333333333334
synth1,synth(1%),10,52,logreg_C0.1,0.012094581835670653,0.05785890526744442,0.003305281252038415,0.01453348961162674,0.013333333333333334
synth1,synth(1%),10,52,logreg_C1.0,0.012287651217272166,0.05974873019350655,0.0028770535178578305,0.014677057115208841,0.013333333333333334
synth1,synth(1%),10,52,logreg_C10.0,0.01234147236810603,0.06000921825379665,0.002330081779106785,0.014690388758295328,0.013333333333333334
synth1,synth(1%),10,52,hgb_d3,0.013035539828081994,0.06363041229909268,0.0019407655825938296,0.01251675075727545,0.013333333333333334
synth1,synth(1%),10,52,hgb_d6,0.012295741889931277,0.060768064018924935,0.0034215615167595237,0.012323011728200634,0.013333333333333334
synth1,synth(1%),11,53,logreg_C0.1,0.013465283197153977,0.12309989704052038,0.0026555637693624415,0.012363360857018325,0.013333333333333334
synth1,synth(1%),11,53,logreg_C1.0,0.013468279172164054,0.09952669576885242,0.0033732702476772687,0.012871720057073538,0.013333333333333334
synth1,synth(1%),11,53,logreg_C10.0,0.013473480823871974,0.09918937395359523,0.0033789824665600514,0.012933513043245266,0.013333333333333334
synth1,synth(1%),11,53,hgb_d3,0.013120471673286581,0.06806563191442222,0.0016195024408050926,0.012484933622980315,0.013333333333333334
synth1,synth(1%),11,53,hgb_d6,0.013452305726972504,0.06832195924188064,0.0037015975887505145,0.011957889968801743,0.013333333333333334
cc10,creditcard(1%),0,42,logreg_C0.1,0.0016181622291123125,0.01126180943365323,0.0014499854958050912,0.01054787073311216,0.009939459654829674
cc10,creditcard(1%),0,42,logreg_C1.0,0.001477615464486706,0.01090148260667699,0.0012395631038336205,0.010637442244936969,0.009939459654829674
cc10,creditcard(1%),0,42,logreg_C10.0,0.0014845150283846835,0.010866492105786654,0.0012906045745838082,0.010664933532873067,0.009939459654829674
cc10,creditcard(1%),0,42,hgb_d3,0.0013696720848399998,0.0082109156653162,0.0017982286729674422,0.010576063667955122,0.009939459654829674
cc10,creditcard(1%),0,42,hgb_d6,0.001331955793598477,0.00828138124695972,0.0012200173364678231,0.010407509612307488,0.009939459654829674
cc10,creditcard(1%),1,43,logreg_C0.1,0.002769814988009556,0.014708683528618248,0.0011645708005803043,0.010515486123840888,0.00995204921740704
cc10,creditcard(1%),1,43,logreg_C1.0,0.002619331179425818,0.014761259065102086,0.0012288829376283735,0.01055675421134076,0.00995204921740704
cc10,creditcard(1%),1,43,logreg_C10.0,0.002503802371143827,0.01627592324344404,0.0008855683142632579,0.010483128678098617,0.00995204921740704
cc10,creditcard(1%),1,43,hgb_d3,0.002505218328637903,0.01494538058886165,0.0009652033696002724,0.010416628137574989,0.00995204921740704
cc10,creditcard(1%),1,43,hgb_d6,0.0023938137318545395,0.0177307912917677,0.0009412857822854062,0.010261563665493129,0.00995204921740704
cc10,creditcard(1%),2,44,logreg_C0.1,0.0018162823036670332,0.009604819147147878,0.0019942743278149938,0.010228133966493918,0.010397830018083183
cc10,creditcard(1%),2,44,logreg_C1.0,0.0016081526675366137,0.008988452863228236,0.001853814015277191,0.010709948316970409,0.010397830018083183
cc10,creditcard(1%),2,44,logreg_C10.0,0.0015756420755904344,0.008851892859408178,0.001750220581222072,0.01074502896355102,0.010397830018083183
cc10,creditcard(1%),2,44,hgb_d3,0.0014984027739662615,0.008988291120829968,0.0017159601273372884,0.010606301550893682,0.010397830018083183
cc10,creditcard(1%),2,44,hgb_d6,0.0015506341595539221,0.010570574176922228,0.0016551008853121741,0.01026317210215954,0.010397830018083183
cc10,creditcard(1%),3,45,logreg_C0.1,0.002339901408122417,0.016451584888352196,0.0007977204428993896,0.010623285568361906,0.010009017132551848
cc10,creditcard(1%),3,45,logreg_C1.0,0.0024068822729308025,0.01868968248797037,0.000859730453602663,0.010603401310194433,0.010009017132551848
cc10,creditcard(1%),3,45,logreg_C10.0,0.0023901826868307444,0.018451122261105207,0.0009417590676090945,0.010483822102958248,0.010009017132551848
cc10,creditcard(1%),3,45,hgb_d3,0.002191195319944532,0.023764460650804595,0.0012788595862331792,0.010693385578592882,0.010009017132551848
cc10,creditcard(1%),3,45,hgb_d6,0.002103162742107769,0.01816797866946925,0.001265787662011505,0.010609085298854124,0.010009017132551848
cc10,creditcard(1%),4,46,logreg_C0.1,0.002868683171912846,0.015158372910716004,0.0013983453600526633,0.009533772385608562,0.01055670847243526
cc10,creditcard(1%),4,46,logreg_C1.0,0.002882456614994043,0.015491498376850885,0.0012661936008761467,0.009423640237326884,0.01055670847243526
cc10,creditcard(1%),4,46,logreg_C10.0,0.0029848894716554605,0.015716759098009975,0.0011732703151327015,0.009406116312255372,0.01055670847243526
cc10,creditcard(1%),4,46,hgb_d3,0.0024034209962223527,0.013595824695701959,0.0011170529056114182,0.009574122747303637,0.01055670847243526
cc10,creditcard(1%),4,46,hgb_d6,0.002321095960421156,0.01367718517193907,0.001362487914239166,0.00941217758862003,0.01055670847243526
cc10,creditcard(1%),5,47,logreg_C0.1,0.0022443034002070806,0.012897938187082432,0.0008544880115850738,0.010393145889944553,0.010315808524115464
cc10,creditcard(1%),5,47,logreg_C1.0,0.0022161677649678918,0.012897686585333022,0.0005767612485190948,0.010539284112568045,0.010315808524115464
cc10,creditcard(1%),5,47,logreg_C10.0,0.0022270036487879214,0.012932069925049295,0.000587893788613136,0.010448255576678974,0.010315808524115464
cc10,creditcard(1%),5,47,hgb_d3,0.001892868956703448,0.01122355575614052,0.0005552505458255543,0.010003993496682073,0.010315808524115464
cc10,creditcard(1%),5,47,hgb_d6,0.002015628756813438,0.011419348132426758,0.0007950097382772862,0.009987867572670865,0.010315808524115464
cc10,creditcard(1%),6,48,logreg_C0.1,0.002319215698379521,0.015651558110630223,0.001213766363701538,0.010009134940326517,0.009943053421314291
cc10,creditcard(1%),6,48,logreg_C1.0,0.0020428352544152235,0.014739118391261791,0.0010939623490245076,0.010039929569676368,0.009943053421314291
cc10,creditcard(1%),6,48,logreg_C10.0,0.0019142410883104853,0.014318045662259514,0.0011257650087041294,0.010155222907280988,0.009943053421314291
cc10,creditcard(1%),6,48,hgb_d3,0.001689101258963773,0.0100406410136773,0.001380382363090477,0.01030830431860386,0.009943053421314291
cc10,creditcard(1%),6,48,hgb_d6,0.0016920274550670583,0.009413043291420835,0.0012425415534214103,0.010402540221102943,0.009943053421314291
cc10,creditcard(1%),7,49,logreg_C0.1,0.002071888941216902,0.014192839864961292,0.00131894014205826,0.01040555613853871,0.009926901904160275
cc10,creditcard(1%),7,49,logreg_C1.0,0.002109337446677529,0.014219146846325262,0.0012045984155291717,0.010263621485877542,0.009926901904160275
cc10,creditcard(1%),7,49,logreg_C10.0,0.0020802625276890815,0.01395394279346163,0.0013523098012466863,0.010313794117476542,0.009926901904160275
cc10,creditcard(1%),7,49,hgb_d3,0.0017802247214391204,0.010785101846973176,0.0012703032869948179,0.010343504779569312,0.009926901904160275
cc10,creditcard(1%),7,49,hgb_d6,0.0016323854864360083,0.010536150799559567,0.0011382162310671702,0.01024124478439804,0.009926901904160275
cc10,creditcard(1%),8,50,logreg_C0.1,0.002413358818633381,0.012478152146186042,0.0008087435153575829,0.009519931953208617,0.010103743797925124
cc10,creditcard(1%),8,50,logreg_C1.0,0.002438249727395179,0.012645339063600563,0.0006195295112364943,0.009564188195553464,0.010103743797925124
cc10,creditcard(1%),8,50,logreg_C10.0,0.002387648593075855,0.012410922662108336,0.0008208261886407607,0.009659332163797534,0.010103743797925124
cc10,creditcard(1%),8,50,hgb_d3,0.0020019404183003295,0.011326317982901605,0.0005936807703940944,0.010025955982949105,0.010103743797925124
cc10,creditcard(1%),8,50,hgb_d6,0.0020613061936775407,0.011924207083320232,0.0005928144710578466,0.010072695050077763,0.010103743797925124
cc10,creditcard(1%),9,51,logreg_C0.1,0.0024572429606010407,0.013609528106666437,0.0007361709192945297,0.009543267171575467,0.010022573363431151
cc10,creditcard(1%),9,51,logreg_C1.0,0.002502539539982685,0.013949462805376686,0.0007718045200028343,0.00954440856049886,0.010022573363431151
cc10,creditcard(1%),9,51,logreg_C10.0,0.0025117793253521263,0.014157837688000396,0.000635311941637692,0.00956226748905277,0.010022573363431151
cc10,creditcard(1%),9,51,hgb_d3,0.00223791910898243,0.014366626342251287,0.001110474087203146,0.009764276319856173,0.010022573363431151
cc10,creditcard(1%),9,51,hgb_d6,0.0021461907555746034,0.012823958740150477,0.0007242896897799934,0.009816471254689964,0.010022573363431151
cc10,creditcard(1%),10,52,logreg_C0.1,0.0025770135389150653,0.01604534622691383,0.000631597738177399,0.010134722418654742,0.009965573473455336
cc10,creditcard(1%),10,52,logreg_C1.0,0.0026071619891758647,0.016787595866732497,0.0008804731339562051,0.010100008936791699,0.009965573473455336
cc10,creditcard(1%),10,52,logreg_C10.0,0.0025340168676824624,0.016686177743789866,0.0007842539927091647,0.01001743815263371,0.009965573473455336
cc10,creditcard(1%),10,52,hgb_d3,0.0021279936184195164,0.012772300513915362,0.0009398191057266475,0.010257477636164181,0.009965573473455336
cc10,creditcard(1%),10,52,hgb_d6,0.0020282632110817673,0.012190714955164359,0.0006946406829129721,0.01012130580074264,0.009965573473455336
cc10,creditcard(1%),11,53,logreg_C0.1,0.0021516866199245963,0.013362155896604281,0.0014464482623783076,0.010819511710931946,0.010386560693641618
cc10,creditcard(1%),11,53,logreg_C1.0,0.002107165003354482,0.011274763377925363,0.0012264479137579424,0.010856008856898804,0.010386560693641618
cc10,creditcard(1%),11,53,logreg_C10.0,0.002037308098163934,0.013021390907363565,0.0011763987658554714,0.010679487430308672,0.010386560693641618
cc10,creditcard(1%),11,53,hgb_d3,0.001770880189523997,0.01068952354794112,0.0010939082801148313,0.010264154289059167,0.010386560693641618
cc10,creditcard(1%),11,53,hgb_d6,0.0017281481407814283,0.010592390388997609,0.0014156498459676715,0.010352776586302223,0.010386560693641618
cc5,creditcard(0.5%),0,42,logreg_C0.1,0.0011335081436290146,0.005972861725648639,0.001112106345602525,0.005452238029820024,0.004962779156327543
cc5,creditcard(0.5%),0,42,logreg_C1.0,0.0010362610902150129,0.0056552114857012295,0.0009891379485860077,0.005310738550916372,0.004962779156327543
cc5,creditcard(0.5%),0,42,logreg_C10.0,0.001037309362435517,0.00596659257845715,0.0008333203427379174,0.00533068542724403,0.004962779156327543
cc5,creditcard(0.5%),0,42,hgb_d3,0.0011500163804056556,0.0064576408723167385,0.001214096874546738,0.005216930929655828,0.004962779156327543
cc5,creditcard(0.5%),0,42,hgb_d6,0.0014665776089949141,0.007791735736545538,0.0008970406096738687,0.005461660581781805,0.004962779156327543
cc5,creditcard(0.5%),1,43,logreg_C0.1,0.0015692492977822155,0.010681470446673174,0.0006829523455116704,0.004844605471546043,0.005130974885228194
cc5,creditcard(0.5%),1,43,logreg_C1.0,0.001435369622544511,0.01018266864841969,0.00048042563200179355,0.004885083317582555,0.005130974885228194
cc5,creditcard(0.5%),1,43,logreg_C10.0,0.0012926705648313014,0.008703880806676076,0.0004293691486627768,0.005021498640977287,0.005130974885228194
cc5,creditcard(0.5%),1,43,hgb_d3,0.001503960562220593,0.008590091845191494,0.0006775596018656016,0.005142896460133646,0.005130974885228194
cc5,creditcard(0.5%),1,43,hgb_d6,0.0016749580949888612,0.009603576047514635,0.0005654014907328103,0.005170935203520293,0.005130974885228194
cc5,creditcard(0.5%),2,44,logreg_C0.1,0.001718286666824244,0.011438086737448618,0.0009109356982176956,0.005319996977281434,0.00541198755242863
cc5,creditcard(0.5%),2,44,logreg_C1.0,0.0016291839912749306,0.012361237514583425,0.000663366420203445,0.005426263403557217,0.00541198755242863
cc5,creditcard(0.5%),2,44,logreg_C10.0,0.0016142599951056646,0.012367411630944585,0.0007792918862299218,0.005442869591282959,0.00541198755242863
cc5,creditcard(0.5%),2,44,hgb_d3,0.0022769783211268103,0.01133642692215103,0.0013372425576894565,0.005538936294260828,0.00541198755242863
cc5,creditcard(0.5%),2,44,hgb_d6,0.0017310050639035709,0.009644689494431546,0.0008503868685799575,0.005588899419603094,0.00541198755242863
cc5,creditcard(0.5%),3,45,logreg_C0.1,0.0013053757615328924,0.006997485672553834,0.000388468582776225,0.0051369417033465155,0.005050960584468296
cc5,creditcard(0.5%),3,45,logreg_C1.0,0.0012756890920816689,0.007045915860266431,0.0002648211203536838,0.0051351091235210065,0.005050960584468296
cc5,creditcard(0.5%),3,45,logreg_C10.0,0.0013046401733996882,0.007082538212436006,0.00018194946860324935,0.005178702556752171,0.005050960584468296
cc5,creditcard(0.5%),3,45,hgb_d3,0.001728819303463473,0.010329899535583357,0.0009336450419610737,0.0052461308403882745,0.005050960584468296
cc5,creditcard(0.5%),3,45,hgb_d6,0.0017514185855393065,0.01023366246338386,0.0007041260516378845,0.005012628018272428,0.005050960584468296
cc5,creditcard(0.5%),4,46,logreg_C0.1,0.0018304369008655273,0.011412286245576104,0.000828213291786817,0.004807988311553924,0.005105037271289812
cc5,creditcard(0.5%),4,46,logreg_C1.0,0.0017902492339967333,0.01108229355027846,0.0007448241374565192,0.004756319921517925,0.005105037271289812
cc5,creditcard(0.5%),4,46,logreg_C10.0,0.0017483220928092538,0.010820524674660636,0.0006032896846533757,0.0047808793623248,0.005105037271289812
cc5,creditcard(0.5%),4,46,hgb_d3,0.002396587103714348,0.01326886644886061,0.0007707133271555367,0.004825556136608049,0.005105037271289812
cc5,creditcard(0.5%),4,46,hgb_d6,0.002228901594140768,0.012905463950343561,0.0006571388613385611,0.0047736390116682,0.005105037271289812
cc5,creditcard(0.5%),5,47,logreg_C0.1,0.001636602545637986,0.009220115541224939,0.0011418198687801805,0.005027425830490421,0.004927221770183528
cc5,creditcard(0.5%),5,47,logreg_C1.0,0.001590516948281143,0.009127216569919291,0.0006669066013298134,0.004991584138561056,0.004927221770183528
cc5,creditcard(0.5%),5,47,logreg_C10.0,0.0015842143116203018,0.009123390080268074,0.0004762536867773919,0.0049648892794454105,0.004927221770183528
cc5,creditcard(0.5%),5,47,hgb_d3,0.0015838723713071786,0.009383995350932971,0.001013317459874017,0.0048377527705674266,0.004927221770183528
cc5,creditcard(0.5%),5,47,hgb_d6,0.0019564945728056185,0.01105122565185102,0.0007937811389139015,0.004887503301647079,0.004927221770183528
cc5,creditcard(0.5%),6,48,logreg_C0.1,0.00099680778350216,0.00571743647941439,0.0008081035261015467,0.005213653086704399,0.004965019183028662
cc5,creditcard(0.5%),6,48,logreg_C1.0,0.0009819932674023481,0.005582911799205805,0.0008035722532800536,0.005221618163272948,0.004965019183028662
cc5,creditcard(0.5%),6,48,logreg_C10.0,0.0009428140751486752,0.005498364615255492,0.0007963454303095729,0.005192449332380756,0.004965019183028662
cc5,creditcard(0.5%),6,48,hgb_d3,0.0012202055492420896,0.006733345179006939,0.0012601474255814038,0.005302506968762399,0.004965019183028662
cc5,creditcard(0.5%),6,48,hgb_d6,0.0013117544516928464,0.006447769916083662,0.0014894976575859026,0.005228026884675558,0.004965019183028662
cc5,creditcard(0.5%),7,49,logreg_C0.1,0.0014152932955395338,0.007832083386392595,0.00045349692426800405,0.005152763489623224,0.004974449418893864
cc5,creditcard(0.5%),7,49,logreg_C1.0,0.0013808683551340805,0.007734870699175818,0.00038925621907708876,0.005129912781841469,0.004974449418893864
cc5,creditcard(0.5%),7,49,logreg_C10.0,0.0013575659424139893,0.007686971353238113,0.0003460007307539679,0.005124167058801589,0.004974449418893864
cc5,creditcard(0.5%),7,49,hgb_d3,0.0017747275952339043,0.009724488928503213,0.0012699623416650757,0.005029414259584103,0.004974449418893864
cc5,creditcard(0.5%),7,49,hgb_d6,0.001573380967436278,0.008595602122568822,0.0011142321954151317,0.005025018460333591,0.004974449418893864
cc5,creditcard(0.5%),8,50,logreg_C0.1,0.0012858893460735215,0.007781409120029061,0.0004582485043716335,0.00490404735663575,0.005018763846814668
cc5,creditcard(0.5%),8,50,logreg_C1.0,0.0013031653873641393,0.007815029077157271,0.0003485619250917395,0.0049067660486675,0.005018763846814668
cc5,creditcard(0.5%),8,50,logreg_C10.0,0.001297544026259015,0.007977671877321284,0.00026047138618418795,0.004916332484188491,0.005018763846814668
cc5,creditcard(0.5%),8,50,hgb_d3,0.0016007627314423075,0.00911434992372218,0.0006639187676300369,0.004869758872693805,0.005018763846814668
cc5,creditcard(0.5%),8,50,hgb_d6,0.0020195793438034827,0.010144243609851443,0.0013252628797263564,0.004539552432568049,0.005018763846814668
cc5,creditcard(0.5%),9,51,logreg_C0.1,0.0011045444229170474,0.005961935073319753,0.0009580943729790249,0.005384651439921413,0.004964346962722267
cc5,creditcard(0.5%),9,51,logreg_C1.0,0.0010513845194619752,0.005894879839853455,0.0008638493139940248,0.0053859930016259055,0.004964346962722267
cc5,creditcard(0.5%),9,51,logreg_C10.0,0.0010674000066599103,0.005923345185968004,0.0007588321055242278,0.005300108521423653,0.004964346962722267
cc5,creditcard(0.5%),9,51,hgb_d3,0.0013233316372981531,0.006841071567090891,0.0009309246313181827,0.0053626237962456505,0.004964346962722267
cc5,creditcard(0.5%),9,51,hgb_d6,0.001278442722302419,0.007045015873873182,0.0013456701573820826,0.005121046510256309,0.004964346962722267
cc5,creditcard(0.5%),10,52,logreg_C0.1,0.001463901986664151,0.007535148733170616,0.0005504986364247516,0.005010196789187914,0.005021942722707325
cc5,creditcard(0.5%),10,52,logreg_C1.0,0.0013956354936877358,0.007269699867864379,0.0004898442464289644,0.005046649424165718,0.005021942722707325
cc5,creditcard(0.5%),10,52,logreg_C10.0,0.0013926581933896122,0.008496770078748469,0.000499496188337711,0.005018141346169845,0.005021942722707325
cc5,creditcard(0.5%),10,52,hgb_d3,0.001859521430502633,0.010064115847721135,0.001153542076940788,0.004671193315192596,0.005021942722707325
cc5,creditcard(0.5%),10,52,hgb_d6,0.001555869127048155,0.008548828696361713,0.001276625673787115,0.00493356869592448,0.005021942722707325
cc5,creditcard(0.5%),11,53,logreg_C0.1,0.0013480487271971123,0.007839218484536364,0.00044483998913542324,0.005267375632306827,0.005167021710556135
cc5,creditcard(0.5%),11,53,logreg_C1.0,0.0013339932077210904,0.0077454910970008225,0.0004248524980287277,0.005381745945082518,0.005167021710556135
cc5,creditcard(0.5%),11,53,logreg_C10.0,0.0013796875877480268,0.007851839369982797,0.0003512392164651694,0.005398922655441381,0.005167021710556135
cc5,creditcard(0.5%),11,53,hgb_d3,0.0018926568440906341,0.010207159470572645,0.0010644782810624016,0.005037846549660573,0.005167021710556135
cc5,creditcard(0.5%),11,53,hgb_d6,0.001725662298024575,0.009470909651898698,0.0014266069767899367,0.005256162199560468,0.005167021710556135
iot,iotid20(6.4%),0,42,logreg_C0.1,0.023632203300686185,0.09291034316176805,0.004484725261774813,0.059005925706159715,0.061286473587156956
iot,iotid20(6.4%),0,42,logreg_C1.0,0.023793459755539603,0.09331879210241376,0.004323579762775403,0.05921174784363959,0.061286473587156956
iot,iotid20(6.4%),0,42,logreg_C10.0,0.02354598784576408,0.09266086886068785,0.003653382297672044,0.05887833651562376,0.061286473587156956
iot,iotid20(6.4%),0,42,hgb_d3,0.0016521101052827066,0.01266715704081309,0.0008465710566352193,0.06075541724564596,0.061286473587156956
iot,iotid20(6.4%),0,42,hgb_d6,0.0017768529908726955,0.009672452470984083,0.001282823323474846,0.06061326234204574,0.061286473587156956
iot,iotid20(6.4%),1,43,logreg_C0.1,0.027181463546397777,0.09784728403065313,0.006494393375409682,0.06650045747273248,0.06596184785106872
iot,iotid20(6.4%),1,43,logreg_C1.0,0.027200372591849726,0.09770871913503144,0.005084998736328032,0.06660734431246788,0.06596184785106872
iot,iotid20(6.4%),1,43,logreg_C10.0,0.02727023188772525,0.10078467069358597,0.005460698320015698,0.06644902944450715,0.06596184785106872
iot,iotid20(6.4%),1,43,hgb_d3,0.001640963970175389,0.008365344990198626,0.0006008883443396763,0.06613246338528711,0.06596184785106872
iot,iotid20(6.4%),1,43,hgb_d6,0.0015736562704211964,0.008471277451926162,0.0008806506648443691,0.06636584011479811,0.06596184785106872
iot,iotid20(6.4%),2,44,logreg_C0.1,0.02634622094632591,0.09286121834031041,0.007148745079438556,0.06700111891097345,0.0619126589275843
iot,iotid20(6.4%),2,44,logreg_C1.0,0.026547289022934278,0.09316665614451973,0.0066220088518972485,0.06668481037371657,0.0619126589275843
iot,iotid20(6.4%),2,44,logreg_C10.0,0.026417190906668653,0.09305711408008402,0.006742120978762801,0.06685122742362508,0.0619126589275843
iot,iotid20(6.4%),2,44,hgb_d3,0.0011075390225598856,0.006128669970937607,0.0012040322217464644,0.06255292246091938,0.0619126589275843
iot,iotid20(6.4%),2,44,hgb_d6,0.0011414364411398354,0.0057854959558938926,0.0011924721498488737,0.062342075860780784,0.0619126589275843
iot,iotid20(6.4%),3,45,logreg_C0.1,0.025855739364277822,0.09500930440914207,0.0036827253531402614,0.0647657375377912,0.06362007168458782
iot,iotid20(6.4%),3,45,logreg_C1.0,0.025680663805736536,0.09474451202156443,0.003777740771843269,0.06467459753741067,0.06362007168458782
iot,iotid20(6.4%),3,45,logreg_C10.0,0.025606595599970576,0.09441086180010022,0.002568824521992384,0.06454049533113915,0.06362007168458782
iot,iotid20(6.4%),3,45,hgb_d3,0.0017918678457122385,0.009537849561335732,0.0013317333607757134,0.06306706751271758,0.06362007168458782
iot,iotid20(6.4%),3,45,hgb_d6,0.00147207499179645,0.007846507884319297,0.0008661021450767807,0.06352360487762601,0.06362007168458782
iot,iotid20(6.4%),4,46,logreg_C0.1,0.02757905515898171,0.10500450093984191,0.004931040113435786,0.0663435048679292,0.062360801781737196
iot,iotid20(6.4%),4,46,logreg_C1.0,0.02753794823028515,0.10491156416080778,0.0046037913196235606,0.06640652411353896,0.062360801781737196
iot,iotid20(6.4%),4,46,logreg_C10.0,0.027268781590435862,0.10404975900981386,0.004743714189885333,0.06617126362539522,0.062360801781737196
iot,iotid20(6.4%),4,46,hgb_d3,0.0018546482135980023,0.011760458422544372,0.0010083136928679334,0.061553641066368424,0.062360801781737196
iot,iotid20(6.4%),4,46,hgb_d6,0.002032159924951256,0.011966199153280427,0.0010543274949629021,0.06154323841619833,0.062360801781737196
iot,iotid20(6.4%),5,47,logreg_C0.1,0.0259826231097381,0.09392542306115036,0.0049767598662512815,0.06399735204847914,0.06254173158246161
iot,iotid20(6.4%),5,47,logreg_C1.0,0.02667066964429037,0.09537129291373489,0.006062908666573983,0.06436186785473129,0.06254173158246161
iot,iotid20(6.4%),5,47,logreg_C10.0,0.02656463522785937,0.09497044032801687,0.005398421208600285,0.06433072067674461,0.06254173158246161
iot,iotid20(6.4%),5,47,hgb_d3,0.0016218397763528407,0.009709040087599033,0.0007475414063980054,0.062386308131400725,0.06254173158246161
iot,iotid20(6.4%),5,47,hgb_d6,0.0017551324947080173,0.009435976148977404,0.0014117908439461395,0.06221633033502235,0.06254173158246161
iot,iotid20(6.4%),6,48,logreg_C0.1,0.02651483288503669,0.09613893256616066,0.005069904608914284,0.0627161707380941,0.06452695146499665
iot,iotid20(6.4%),6,48,logreg_C1.0,0.02678923742387582,0.09687486259017435,0.006110292658058782,0.06278565659906171,0.06452695146499665
iot,iotid20(6.4%),6,48,logreg_C10.0,0.026712717827025906,0.09667065693600026,0.005395987586504156,0.06286015806463079,0.06452695146499665
iot,iotid20(6.4%),6,48,hgb_d3,0.002565504031540592,0.01692909917908966,0.0017160558175485013,0.06288545018409171,0.06452695146499665
iot,iotid20(6.4%),6,48,hgb_d6,0.0022939438767984486,0.012258183441830486,0.0011244771695680868,0.06343352827927659,0.06452695146499665
iot,iotid20(6.4%),7,49,logreg_C0.1,0.02493580137149477,0.09104503931666173,0.0033559926815691023,0.06237487988102919,0.06215060835251562
iot,iotid20(6.4%),7,49,logreg_C1.0,0.024995768065061374,0.09122369032978893,0.0036122076765823462,0.06242387428267365,0.06215060835251562
iot,iotid20(6.4%),7,49,logreg_C10.0,0.02496665012053949,0.09108026150413254,0.0037056679004059414,0.062380974736956994,0.06215060835251562
iot,iotid20(6.4%),7,49,hgb_d3,0.001583773992163099,0.008922205534066304,0.001070911488093968,0.06173538405601022,0.06215060835251562
iot,iotid20(6.4%),7,49,hgb_d6,0.0013657340105623487,0.007526794211548185,0.0008600755179485099,0.062131407658965083,0.06215060835251562
iot,iotid20(6.4%),8,50,logreg_C0.1,0.02605242940418165,0.09948014751859442,0.00397440919085819,0.06427186795769793,0.06466459555862386
iot,iotid20(6.4%),8,50,logreg_C1.0,0.02604635039018422,0.0994100670707467,0.003991149835058989,0.06425266815607335,0.06466459555862386
iot,iotid20(6.4%),8,50,logreg_C10.0,0.026086068519162904,0.09952878386755219,0.004226561440525112,0.0642924503583153,0.06466459555862386
iot,iotid20(6.4%),8,50,hgb_d3,0.0015476463398797202,0.00830424637759075,0.000652455966226092,0.06467761355831476,0.06466459555862386
iot,iotid20(6.4%),8,50,hgb_d6,0.0014196999837936212,0.008297594823168865,0.0010170753157360808,0.06476331280807672,0.06466459555862386
iot,iotid20(6.4%),9,51,logreg_C0.1,0.024796877652076395,0.09079471731156417,0.004099792554916919,0.06297835237804554,0.06292011019283747
iot,iotid20(6.4%),9,51,logreg_C1.0,0.02464352060691728,0.0903289163057317,0.0046020479845885354,0.06290275898020892,0.06292011019283747
iot,iotid20(6.4%),9,51,logreg_C10.0,0.024736868310652384,0.09059121336991488,0.004311045519402963,0.06306528490998037,0.06292011019283747
iot,iotid20(6.4%),9,51,hgb_d3,0.001662465036247914,0.00840607964997362,0.00136881725638023,0.06313696182370825,0.06292011019283747
iot,iotid20(6.4%),9,51,hgb_d6,0.0016339527633754828,0.008855616324319466,0.0013505247199154166,0.06291325058861144,0.06292011019283747
iot,iotid20(6.4%),10,52,logreg_C0.1,0.026784745280411488,0.0968896241135171,0.006237548202192112,0.0681288534210132,0.06502066808177857
iot,iotid20(6.4%),10,52,logreg_C1.0,0.026875787703954913,0.09701822126649247,0.00610290909526473,0.06821536356260537,0.06502066808177857
iot,iotid20(6.4%),10,52,logreg_C10.0,0.026820611877836437,0.09696601652327838,0.006970335712855879,0.0680766406883998,0.06502066808177857
iot,iotid20(6.4%),10,52,hgb_d3,0.0014942641560389482,0.00878632797460214,0.0014754432404237912,0.06512168197828258,0.06502066808177857
iot,iotid20(6.4%),10,52,hgb_d6,0.001328518588034634,0.008413884615270517,0.0013133675327924369,0.06550890484743055,0.06502066808177857
iot,iotid20(6.4%),11,53,logreg_C0.1,0.026850206514918488,0.09514868602739095,0.008429936343237673,0.06658421183463381,0.06491587085038654
iot,iotid20(6.4%),11,53,logreg_C1.0,0.027121688315262207,0.09553215826647117,0.007412974395148006,0.06739639259053835,0.06491587085038654
iot,iotid20(6.4%),11,53,logreg_C10.0,0.02678849970002764,0.09501670683146207,0.009159664599120501,0.06668261772684014,0.06491587085038654
iot,iotid20(6.4%),11,53,hgb_d3,0.0013875848226100817,0.007762974201136676,0.001891513118992361,0.06590308787706756,0.06491587085038654
iot,iotid20(6.4%),11,53,hgb_d6,0.0012244347011592493,0.006639123174316388,0.0016831779439725183,0.06562564687547741,0.06491587085038654
