dataset,metric,kendalls_w,bca_lo,bca_hi,ranking_policy,repeat_count
breast_cancer(37%),SoftMCC,0.5680555555555555,0.35138888888888886,0.7405354928081882,midranks_with_standard_tie_corrected_denominator,12
breast_cancer(37%),MCC@best,0.5377824858757062,0.3253138075313807,0.6912839573644869,midranks_with_standard_tie_corrected_denominator,12
breast_cancer(37%),F1@best,0.6235632183908046,0.46003885296495706,0.7919433424391851,midranks_with_standard_tie_corrected_denominator,12
breast_cancer(37%),AUPRC,0.2815126050420168,0.03624252917347528,0.5102728668597402,midranks_with_standard_tie_corrected_denominator,12
breast_cancer(37%),AUROC,0.25627615062761505,0.022597730586044123,0.5312129308935012,midranks_with_standard_tie_corrected_denominator,12
breast_cancer(37%),Brier,0.5208333333333334,0.3520055918312984,0.6847222222222222,midranks_with_standard_tie_corrected_denominator,12
breast_cancer(37%),MCC@0.5,0.329004329004329,0.09184288648157832,0.5559609710904145,midranks_with_standard_tie_corrected_denominator,12
synth(5%),SoftMCC,0.8597222222222223,0.8097222222222222,0.9055555555555556,midranks_with_standard_tie_corrected_denominator,12
synth(5%),MCC@best,0.7801724137931034,0.7549117020502119,0.7977239353891337,midranks_with_standard_tie_corrected_denominator,12
synth(5%),F1@best,0.7708333333333334,0.7535385601519563,0.7872714486638537,midranks_with_standard_tie_corrected_denominator,12
synth(5%),AUPRC,0.8569444444444444,0.7555555555555555,0.9263888888888889,midranks_with_standard_tie_corrected_denominator,12
synth(5%),AUROC,0.5472222222222223,0.04914202742965144,0.7902777777777777,midranks_with_standard_tie_corrected_denominator,12
synth(5%),Brier,0.8402777777777778,0.7819444444444444,0.8902777777777777,midranks_with_standard_tie_corrected_denominator,12
synth(5%),MCC@0.5,0.8483483483483484,0.7905956258707475,0.9028985507246376,midranks_with_standard_tie_corrected_denominator,12
synth(1%),SoftMCC,0.6388888888888888,0.2077171315010912,0.8936846848776102,midranks_with_standard_tie_corrected_denominator,12
synth(1%),MCC@best,0.4033052039381153,0.10884739600852873,0.6428948998398328,midranks_with_standard_tie_corrected_denominator,12
synth(1%),F1@best,0.3109929078014184,0.04808759825902108,0.5496862933086322,midranks_with_standard_tie_corrected_denominator,12
synth(1%),AUPRC,0.3819444444444444,0.07367207981754993,0.6631251611685027,midranks_with_standard_tie_corrected_denominator,12
synth(1%),AUROC,0.5180555555555556,0.22777777777777777,0.7555555555555555,midranks_with_standard_tie_corrected_denominator,12
synth(1%),Brier,0.15833333333333333,0.02733148165994634,0.3055555555555556,midranks_with_standard_tie_corrected_denominator,12
synth(1%),MCC@0.5,0.06944444444444445,0.0,0.15416666666666667,midranks_with_standard_tie_corrected_denominator,12
creditcard(1%),SoftMCC,0.6361111111111111,0.4368707798102618,0.7777777777777778,midranks_with_standard_tie_corrected_denominator,12
creditcard(1%),MCC@best,0.639894419306184,0.47605879077051316,0.7537707390648567,midranks_with_standard_tie_corrected_denominator,12
creditcard(1%),F1@best,0.639894419306184,0.4786009264281368,0.7633906942432134,midranks_with_standard_tie_corrected_denominator,12
creditcard(1%),AUPRC,0.4361111111111111,0.10366163360510044,0.7055555555555556,midranks_with_standard_tie_corrected_denominator,12
creditcard(1%),AUROC,0.2152777777777778,0.03705851738269383,0.39909121337378733,midranks_with_standard_tie_corrected_denominator,12
creditcard(1%),Brier,0.7402777777777778,0.6717454584216151,0.7777777777777778,midranks_with_standard_tie_corrected_denominator,12
creditcard(1%),MCC@0.5,0.6698581560283688,0.4536525373574351,0.7703151782634953,midranks_with_standard_tie_corrected_denominator,12
creditcard(0.5%),SoftMCC,0.8791666666666667,0.806569665420724,0.9138888888888889,midranks_with_standard_tie_corrected_denominator,12
creditcard(0.5%),MCC@best,0.23354341736694678,0.016285939424313656,0.40119762161390127,midranks_with_standard_tie_corrected_denominator,12
creditcard(0.5%),F1@best,0.2104341736694678,0.013248920640243756,0.37696931610077444,midranks_with_standard_tie_corrected_denominator,12
creditcard(0.5%),AUPRC,0.4888888888888889,0.22187849776616278,0.6527777777777778,midranks_with_standard_tie_corrected_denominator,12
creditcard(0.5%),AUROC,0.5916666666666667,0.2803742440646057,0.7666666666666667,midranks_with_standard_tie_corrected_denominator,12
creditcard(0.5%),Brier,0.6986111111111111,0.4652777777777778,0.8322484719443619,midranks_with_standard_tie_corrected_denominator,12
creditcard(0.5%),MCC@0.5,0.7771816881258942,0.7591562649486029,0.7913105413105413,midranks_with_standard_tie_corrected_denominator,12
iotid20(6.4%),SoftMCC,0.7680555555555556,0.75,0.7902777777777777,midranks_with_standard_tie_corrected_denominator,12
iotid20(6.4%),MCC@best,0.820268361581921,0.7723046761762464,0.8571937321937322,midranks_with_standard_tie_corrected_denominator,12
iotid20(6.4%),F1@best,0.8040254237288136,0.7610455220105945,0.845615798583849,midranks_with_standard_tie_corrected_denominator,12
iotid20(6.4%),AUPRC,0.7722222222222223,0.7502410194876149,0.7944444444444444,midranks_with_standard_tie_corrected_denominator,12
iotid20(6.4%),AUROC,0.7736111111111111,0.75,0.8041666666666667,midranks_with_standard_tie_corrected_denominator,12
iotid20(6.4%),Brier,0.7597222222222222,0.75,0.7680555555555556,midranks_with_standard_tie_corrected_denominator,12
iotid20(6.4%),MCC@0.5,0.7722222222222223,0.75,0.8138888888888889,midranks_with_standard_tie_corrected_denominator,12
abalone(9.4%),SoftMCC,0.7458333333333333,0.6115136298006799,0.8166666666666667,midranks_with_standard_tie_corrected_denominator,12
abalone(9.4%),MCC@best,0.6791666666666667,0.2556582041533409,0.8833333333333333,midranks_with_standard_tie_corrected_denominator,12
abalone(9.4%),F1@best,0.6791666666666667,0.4314630518676207,0.8484757496275992,midranks_with_standard_tie_corrected_denominator,12
abalone(9.4%),AUPRC,0.7694444444444445,0.6609114896349164,0.8513888888888889,midranks_with_standard_tie_corrected_denominator,12
abalone(9.4%),AUROC,0.8625,0.7394564453046264,0.9263888888888889,midranks_with_standard_tie_corrected_denominator,12
abalone(9.4%),Brier,0.6680555555555555,0.445521470810619,0.7986111111111112,midranks_with_standard_tie_corrected_denominator,12
abalone(9.4%),MCC@0.5,0.060897435897435896,0.0021722995621353746,0.15650632689127977,midranks_with_standard_tie_corrected_denominator,12
car_eval_34(7.8%),SoftMCC,0.22361111111111112,0.06111111111111111,0.5111111111111111,midranks_with_standard_tie_corrected_denominator,12
car_eval_34(7.8%),MCC@best,0.6307531380753139,0.35257726726122773,0.791842882034737,midranks_with_standard_tie_corrected_denominator,12
car_eval_34(7.8%),F1@best,0.6600418410041841,0.33276033141456435,0.8194444444444444,midranks_with_standard_tie_corrected_denominator,12
car_eval_34(7.8%),AUPRC,0.6069444444444444,0.20430487667949934,0.8305555555555556,midranks_with_standard_tie_corrected_denominator,12
car_eval_34(7.8%),AUROC,0.5902777777777778,0.2929947289633447,0.7777777777777778,midranks_with_standard_tie_corrected_denominator,12
car_eval_34(7.8%),Brier,0.2263888888888889,0.054616271220660394,0.5263888888888889,midranks_with_standard_tie_corrected_denominator,12
car_eval_34(7.8%),MCC@0.5,0.20592592592592593,0.016684089708958412,0.47523508704034806,midranks_with_standard_tie_corrected_denominator,12
car_eval_4(3.8%),SoftMCC,0.8902777777777777,0.8147895151914776,0.9347222222222222,midranks_with_standard_tie_corrected_denominator,12
car_eval_4(3.8%),MCC@best,0.11827956989247312,0.005042787308834071,0.2326840781716384,midranks_with_standard_tie_corrected_denominator,12
car_eval_4(3.8%),F1@best,0.11827956989247312,0.006448958046695945,0.23471293605436636,midranks_with_standard_tie_corrected_denominator,12
car_eval_4(3.8%),AUPRC,0.07916666666666666,0.015392568427605797,0.1375,midranks_with_standard_tie_corrected_denominator,12
car_eval_4(3.8%),AUROC,0.06659693165969316,0.006962689170631961,0.11471300991558736,midranks_with_standard_tie_corrected_denominator,12
car_eval_4(3.8%),Brier,0.8416666666666667,0.7069444444444445,0.9166666666666666,midranks_with_standard_tie_corrected_denominator,12
car_eval_4(3.8%),MCC@0.5,0.774132730015083,0.528733795986945,0.9042594812303967,midranks_with_standard_tie_corrected_denominator,12
coil_2000(6.0%),SoftMCC,0.7319444444444444,0.6625,0.8277777777777777,midranks_with_standard_tie_corrected_denominator,12
coil_2000(6.0%),MCC@best,0.5125,0.352661491821595,0.6472222222222223,midranks_with_standard_tie_corrected_denominator,12
coil_2000(6.0%),F1@best,0.48333333333333334,0.1911234633598712,0.6680555555555555,midranks_with_standard_tie_corrected_denominator,12
coil_2000(6.0%),AUPRC,0.3236111111111111,0.1338962748600908,0.5252247745136622,midranks_with_standard_tie_corrected_denominator,12
coil_2000(6.0%),AUROC,0.5402777777777777,0.4010079371130423,0.6375,midranks_with_standard_tie_corrected_denominator,12
coil_2000(6.0%),Brier,0.4625,0.26285724839053165,0.6013888888888889,midranks_with_standard_tie_corrected_denominator,12
coil_2000(6.0%),MCC@0.5,0.2570806100217865,0.04662560881747897,0.4297822146668854,midranks_with_standard_tie_corrected_denominator,12
mammography(2.3%),SoftMCC,0.5944444444444444,0.12222222222222222,0.8597222222222223,midranks_with_standard_tie_corrected_denominator,12
mammography(2.3%),MCC@best,0.536723163841808,0.037378139593317504,0.7763532763532763,midranks_with_standard_tie_corrected_denominator,12
mammography(2.3%),F1@best,0.551994301994302,0.09628219804175865,0.8007422532268592,midranks_with_standard_tie_corrected_denominator,12
mammography(2.3%),AUPRC,0.5222222222222223,0.0375099982442586,0.7555555555555555,midranks_with_standard_tie_corrected_denominator,12
mammography(2.3%),AUROC,0.5027777777777778,0.05247040039705231,0.8069444444444445,midranks_with_standard_tie_corrected_denominator,12
mammography(2.3%),Brier,0.5388888888888889,0.05148420916390441,0.7811349352944442,midranks_with_standard_tie_corrected_denominator,12
mammography(2.3%),MCC@0.5,0.38573508005822416,0.0368230253976631,0.8218570035640793,midranks_with_standard_tie_corrected_denominator,12
ozone_level(2.9%),SoftMCC,0.8152777777777778,0.7555555555555555,0.8763888888888889,midranks_with_standard_tie_corrected_denominator,12
ozone_level(2.9%),MCC@best,0.24302649930264994,0.043761227610405885,0.41944444444444445,midranks_with_standard_tie_corrected_denominator,12
ozone_level(2.9%),F1@best,0.14985994397759103,0.016743166916963013,0.32492997198879553,midranks_with_standard_tie_corrected_denominator,12
ozone_level(2.9%),AUPRC,0.3611111111111111,0.11787370576892346,0.5597222222222222,midranks_with_standard_tie_corrected_denominator,12
ozone_level(2.9%),AUROC,0.48194444444444445,0.20657200985284643,0.6444444444444445,midranks_with_standard_tie_corrected_denominator,12
ozone_level(2.9%),Brier,0.5236111111111111,0.27397831149035223,0.7175250305244703,midranks_with_standard_tie_corrected_denominator,12
ozone_level(2.9%),MCC@0.5,0.3095959595959596,0.028130874312621294,0.6007126571816538,midranks_with_standard_tie_corrected_denominator,12
protein_homo(0.9%),SoftMCC,0.7930555555555555,0.6310885949717528,0.8817618107735335,midranks_with_standard_tie_corrected_denominator,12
protein_homo(0.9%),MCC@best,0.044655414908579466,0.001872042781546151,0.11382142599909868,midranks_with_standard_tie_corrected_denominator,12
protein_homo(0.9%),F1@best,0.044655414908579466,0.0017433751743375174,0.11211094043652871,midranks_with_standard_tie_corrected_denominator,12
protein_homo(0.9%),AUPRC,0.1736111111111111,0.011355212150593512,0.4236111111111111,midranks_with_standard_tie_corrected_denominator,12
protein_homo(0.9%),AUROC,0.4777777777777778,0.16954993629807147,0.714208398550015,midranks_with_standard_tie_corrected_denominator,12
protein_homo(0.9%),Brier,0.26805555555555555,0.18055555555555555,0.40555555555555556,midranks_with_standard_tie_corrected_denominator,12
protein_homo(0.9%),MCC@0.5,0.11099290780141843,0.010853976994174263,0.32652597072018646,midranks_with_standard_tie_corrected_denominator,12
sick_euthyroid(9.3%),SoftMCC,0.8305555555555556,0.767185585669777,0.8722222222222222,midranks_with_standard_tie_corrected_denominator,12
sick_euthyroid(9.3%),MCC@best,0.7911436541143654,0.7581171416822973,0.8347222222222223,midranks_with_standard_tie_corrected_denominator,12
sick_euthyroid(9.3%),F1@best,0.7911436541143654,0.7590655509065551,0.8305555555555556,midranks_with_standard_tie_corrected_denominator,12
sick_euthyroid(9.3%),AUPRC,0.7847222222222222,0.7515629265837176,0.8162316138272884,midranks_with_standard_tie_corrected_denominator,12
sick_euthyroid(9.3%),AUROC,0.7805555555555556,0.7527777777777778,0.8013888888888889,midranks_with_standard_tie_corrected_denominator,12
sick_euthyroid(9.3%),Brier,0.7888888888888889,0.7513888888888889,0.8222222222222222,midranks_with_standard_tie_corrected_denominator,12
sick_euthyroid(9.3%),MCC@0.5,0.7534867503486751,0.75,0.7534867503486751,midranks_with_standard_tie_corrected_denominator,12
thyroid_sick(6.1%),SoftMCC,0.8444444444444444,0.8080334172733433,0.8791666666666667,midranks_with_standard_tie_corrected_denominator,12
thyroid_sick(6.1%),MCC@best,0.7744072524407253,0.7513888888888889,0.8149514658427826,midranks_with_standard_tie_corrected_denominator,12
thyroid_sick(6.1%),F1@best,0.7785913528591353,0.7513390894943104,0.8152777777777778,midranks_with_standard_tie_corrected_denominator,12
thyroid_sick(6.1%),AUPRC,0.7694444444444445,0.75,0.7944444444444444,midranks_with_standard_tie_corrected_denominator,12
thyroid_sick(6.1%),AUROC,0.7680555555555556,0.7506277369642957,0.7972222222222223,midranks_with_standard_tie_corrected_denominator,12
thyroid_sick(6.1%),Brier,0.7805555555555556,0.7527777777777778,0.8236111111111111,midranks_with_standard_tie_corrected_denominator,12
thyroid_sick(6.1%),MCC@0.5,0.7702231520223152,0.75,0.8113668061366807,midranks_with_standard_tie_corrected_denominator,12
us_crime(7.5%),SoftMCC,0.7125,0.5846803928265456,0.7791666666666667,midranks_with_standard_tie_corrected_denominator,12
us_crime(7.5%),MCC@best,0.1986111111111111,0.008983634519520056,0.49027777777777776,midranks_with_standard_tie_corrected_denominator,12
us_crime(7.5%),F1@best,0.11673699015471167,0.0038834636574059484,0.31773379812904207,midranks_with_standard_tie_corrected_denominator,12
us_crime(7.5%),AUPRC,0.21388888888888888,0.012048757027566512,0.46111111111111114,midranks_with_standard_tie_corrected_denominator,12
us_crime(7.5%),AUROC,0.3236111111111111,0.09167530124609533,0.4861111111111111,midranks_with_standard_tie_corrected_denominator,12
us_crime(7.5%),Brier,0.2263888888888889,0.05697129028835707,0.40694444444444444,midranks_with_standard_tie_corrected_denominator,12
us_crime(7.5%),MCC@0.5,0.15546218487394958,0.012468028861929721,0.3382157678808748,midranks_with_standard_tie_corrected_denominator,12
wine_quality(3.7%),SoftMCC,0.03194444444444444,0.001388888888888889,0.06527777777777778,midranks_with_standard_tie_corrected_denominator,12
wine_quality(3.7%),MCC@best,0.1105299860529986,0.005399740406089993,0.30974137161728665,midranks_with_standard_tie_corrected_denominator,12
wine_quality(3.7%),F1@best,0.07282913165266107,0.002456083293369808,0.23451300315581783,midranks_with_standard_tie_corrected_denominator,12
wine_quality(3.7%),AUPRC,0.24305555555555555,0.03843831354177984,0.5090130893226349,midranks_with_standard_tie_corrected_denominator,12
wine_quality(3.7%),AUROC,0.75,0.6127519588936304,0.8291666666666667,midranks_with_standard_tie_corrected_denominator,12
wine_quality(3.7%),Brier,0.28194444444444444,0.09861111111111111,0.5437318126946066,midranks_with_standard_tie_corrected_denominator,12
wine_quality(3.7%),MCC@0.5,0.08949275362318841,0.009445333967112148,0.1857682211370441,midranks_with_standard_tie_corrected_denominator,12
yeast_ml8(7.4%),SoftMCC,0.29444444444444445,0.1690404711778254,0.42916666666666664,midranks_with_standard_tie_corrected_denominator,12
yeast_ml8(7.4%),MCC@best,0.2833333333333333,0.10963243193910413,0.41388888888888886,midranks_with_standard_tie_corrected_denominator,12
yeast_ml8(7.4%),F1@best,0.16111111111111112,0.01258554650964126,0.30972222222222223,midranks_with_standard_tie_corrected_denominator,12
yeast_ml8(7.4%),AUPRC,0.04027777777777778,0.001388888888888889,0.06944444444444445,midranks_with_standard_tie_corrected_denominator,12
yeast_ml8(7.4%),AUROC,0.29444444444444445,0.10677230017519729,0.44027777777777777,midranks_with_standard_tie_corrected_denominator,12
yeast_ml8(7.4%),Brier,0.0375,0.0014009882385533341,0.06666666666666667,midranks_with_standard_tie_corrected_denominator,12
yeast_ml8(7.4%),MCC@0.5,0.04700854700854701,0.0,0.13149065661957754,midranks_with_standard_tie_corrected_denominator,12
