permutation_index,seed_base,scope,dataset,kendalls_w
0,20260718,dataset,breast_cancer(37%),0.027777777777777776
0,20260718,dataset,synth(5%),0.0375
0,20260718,dataset,synth(1%),0.0763888888888889
0,20260718,dataset,creditcard(1%),0.2652777777777778
0,20260718,dataset,creditcard(0.5%),0.24166666666666667
0,20260718,dataset,iotid20(6.4%),0.009722222222222222
0,20260718,all6,,0.10972222222222222
0,20260718,benchmark,,0.04722222222222222
0,20260718,real,,0.1722222222222222
1,20260718,dataset,breast_cancer(37%),0.12638888888888888
1,20260718,dataset,synth(5%),0.03888888888888889
1,20260718,dataset,synth(1%),0.2611111111111111
1,20260718,dataset,creditcard(1%),0.09027777777777778
1,20260718,dataset,creditcard(0.5%),0.1625
1,20260718,dataset,iotid20(6.4%),0.059722222222222225
1,20260718,all6,,0.12314814814814816
1,20260718,benchmark,,0.14212962962962963
1,20260718,real,,0.10416666666666667
2,20260718,dataset,breast_cancer(37%),0.03194444444444444
2,20260718,dataset,synth(5%),0.05694444444444444
2,20260718,dataset,synth(1%),0.05277777777777778
2,20260718,dataset,creditcard(1%),0.18888888888888888
2,20260718,dataset,creditcard(0.5%),0.05138888888888889
2,20260718,dataset,iotid20(6.4%),0.12222222222222222
2,20260718,all6,,0.08402777777777777
2,20260718,benchmark,,0.04722222222222222
2,20260718,real,,0.12083333333333333
3,20260718,dataset,breast_cancer(37%),0.06944444444444445
3,20260718,dataset,synth(5%),0.0875
3,20260718,dataset,synth(1%),0.2263888888888889
3,20260718,dataset,creditcard(1%),0.30277777777777776
3,20260718,dataset,creditcard(0.5%),0.21666666666666667
3,20260718,dataset,iotid20(6.4%),0.09861111111111111
3,20260718,all6,,0.16689814814814816
3,20260718,benchmark,,0.12777777777777777
3,20260718,real,,0.20601851851851852
4,20260718,dataset,breast_cancer(37%),0.044444444444444446
4,20260718,dataset,synth(5%),0.034722222222222224
4,20260718,dataset,synth(1%),0.0375
4,20260718,dataset,creditcard(1%),0.45416666666666666
4,20260718,dataset,creditcard(0.5%),0.10694444444444444
4,20260718,dataset,iotid20(6.4%),0.0625
4,20260718,all6,,0.12337962962962962
4,20260718,benchmark,,0.03888888888888889
4,20260718,real,,0.20787037037037037
5,20260718,dataset,breast_cancer(37%),0.0763888888888889
5,20260718,dataset,synth(5%),0.05694444444444444
5,20260718,dataset,synth(1%),0.015277777777777777
5,20260718,dataset,creditcard(1%),0.16944444444444445
5,20260718,dataset,creditcard(0.5%),0.05694444444444444
5,20260718,dataset,iotid20(6.4%),0.02361111111111111
5,20260718,all6,,0.0664351851851852
5,20260718,benchmark,,0.04953703703703704
5,20260718,real,,0.08333333333333333
6,20260718,dataset,breast_cancer(37%),0.06805555555555555
6,20260718,dataset,synth(5%),0.0375
6,20260718,dataset,synth(1%),0.07916666666666666
6,20260718,dataset,creditcard(1%),0.04861111111111111
6,20260718,dataset,creditcard(0.5%),0.03611111111111111
6,20260718,dataset,iotid20(6.4%),0.044444444444444446
6,20260718,all6,,0.052314814814814814
6,20260718,benchmark,,0.06157407407407408
6,20260718,real,,0.04305555555555555
7,20260718,dataset,breast_cancer(37%),0.02638888888888889
7,20260718,dataset,synth(5%),0.03611111111111111
7,20260718,dataset,synth(1%),0.0125
7,20260718,dataset,creditcard(1%),0.059722222222222225
7,20260718,dataset,creditcard(0.5%),0.14305555555555555
7,20260718,dataset,iotid20(6.4%),0.19027777777777777
7,20260718,all6,,0.07800925925925926
7,20260718,benchmark,,0.024999999999999998
7,20260718,real,,0.1310185185185185
8,20260718,dataset,breast_cancer(37%),0.1625
8,20260718,dataset,synth(5%),0.14722222222222223
8,20260718,dataset,synth(1%),0.0375
8,20260718,dataset,creditcard(1%),0.14305555555555555
8,20260718,dataset,creditcard(0.5%),0.0763888888888889
8,20260718,dataset,iotid20(6.4%),0.020833333333333332
8,20260718,all6,,0.09791666666666667
8,20260718,benchmark,,0.11574074074074074
8,20260718,real,,0.08009259259259259
9,20260718,dataset,breast_cancer(37%),0.04583333333333333
9,20260718,dataset,synth(5%),0.06111111111111111
9,20260718,dataset,synth(1%),0.22777777777777777
9,20260718,dataset,creditcard(1%),0.07916666666666666
9,20260718,dataset,creditcard(0.5%),0.09444444444444444
9,20260718,dataset,iotid20(6.4%),0.08888888888888889
9,20260718,all6,,0.09953703703703703
9,20260718,benchmark,,0.11157407407407406
9,20260718,real,,0.08750000000000001
10,20260718,dataset,breast_cancer(37%),0.043055555555555555
10,20260718,dataset,synth(5%),0.04027777777777778
10,20260718,dataset,synth(1%),0.07777777777777778
10,20260718,dataset,creditcard(1%),0.2513888888888889
10,20260718,dataset,creditcard(0.5%),0.28194444444444444
10,20260718,dataset,iotid20(6.4%),0.006944444444444444
10,20260718,all6,,0.11689814814814814
10,20260718,benchmark,,0.0537037037037037
10,20260718,real,,0.18009259259259258
11,20260718,dataset,breast_cancer(37%),0.029166666666666667
11,20260718,dataset,synth(5%),0.06666666666666667
11,20260718,dataset,synth(1%),0.03611111111111111
11,20260718,dataset,creditcard(1%),0.07916666666666666
11,20260718,dataset,creditcard(0.5%),0.07916666666666666
11,20260718,dataset,iotid20(6.4%),0.06805555555555555
11,20260718,all6,,0.05972222222222221
11,20260718,benchmark,,0.04398148148148148
11,20260718,real,,0.07546296296296295
12,20260718,dataset,breast_cancer(37%),0.08194444444444444
12,20260718,dataset,synth(5%),0.004166666666666667
12,20260718,dataset,synth(1%),0.006944444444444444
12,20260718,dataset,creditcard(1%),0.09861111111111111
12,20260718,dataset,creditcard(0.5%),0.1388888888888889
12,20260718,dataset,iotid20(6.4%),0.020833333333333332
12,20260718,all6,,0.05856481481481482
12,20260718,benchmark,,0.031018518518518518
12,20260718,real,,0.08611111111111112
13,20260718,dataset,breast_cancer(37%),0.10555555555555556
13,20260718,dataset,synth(5%),0.05694444444444444
13,20260718,dataset,synth(1%),0.020833333333333332
13,20260718,dataset,creditcard(1%),0.043055555555555555
13,20260718,dataset,creditcard(0.5%),0.19166666666666668
13,20260718,dataset,iotid20(6.4%),0.1625
13,20260718,all6,,0.09675925925925927
13,20260718,benchmark,,0.061111111111111116
13,20260718,real,,0.13240740740740742
14,20260718,dataset,breast_cancer(37%),0.019444444444444445
14,20260718,dataset,synth(5%),0.018055555555555554
14,20260718,dataset,synth(1%),0.17083333333333334
14,20260718,dataset,creditcard(1%),0.34444444444444444
14,20260718,dataset,creditcard(0.5%),0.06527777777777778
14,20260718,dataset,iotid20(6.4%),0.09305555555555556
14,20260718,all6,,0.11851851851851852
14,20260718,benchmark,,0.06944444444444443
14,20260718,real,,0.1675925925925926
15,20260718,dataset,breast_cancer(37%),0.04722222222222222
15,20260718,dataset,synth(5%),0.0763888888888889
15,20260718,dataset,synth(1%),0.09444444444444444
15,20260718,dataset,creditcard(1%),0.020833333333333332
15,20260718,dataset,creditcard(0.5%),0.18194444444444444
15,20260718,dataset,iotid20(6.4%),0.15694444444444444
15,20260718,all6,,0.09629629629629628
15,20260718,benchmark,,0.07268518518518519
15,20260718,real,,0.11990740740740741
16,20260718,dataset,breast_cancer(37%),0.015277777777777777
16,20260718,dataset,synth(5%),0.07083333333333333
16,20260718,dataset,synth(1%),0.04861111111111111
16,20260718,dataset,creditcard(1%),0.09027777777777778
16,20260718,dataset,creditcard(0.5%),0.2569444444444444
16,20260718,dataset,iotid20(6.4%),0.0375
16,20260718,all6,,0.08657407407407407
16,20260718,benchmark,,0.0449074074074074
16,20260718,real,,0.12824074074074074
17,20260718,dataset,breast_cancer(37%),0.20972222222222223
17,20260718,dataset,synth(5%),0.175
17,20260718,dataset,synth(1%),0.018055555555555554
17,20260718,dataset,creditcard(1%),0.05416666666666667
17,20260718,dataset,creditcard(0.5%),0.2361111111111111
17,20260718,dataset,iotid20(6.4%),0.0763888888888889
17,20260718,all6,,0.12824074074074074
17,20260718,benchmark,,0.13425925925925927
17,20260718,real,,0.12222222222222223
18,20260718,dataset,breast_cancer(37%),0.03888888888888889
18,20260718,dataset,synth(5%),0.08194444444444444
18,20260718,dataset,synth(1%),0.030555555555555555
18,20260718,dataset,creditcard(1%),0.0875
18,20260718,dataset,creditcard(0.5%),0.059722222222222225
18,20260718,dataset,iotid20(6.4%),0.03194444444444444
18,20260718,all6,,0.05509259259259259
18,20260718,benchmark,,0.050462962962962966
18,20260718,real,,0.059722222222222225
19,20260718,dataset,breast_cancer(37%),0.425
19,20260718,dataset,synth(5%),0.034722222222222224
19,20260718,dataset,synth(1%),0.16527777777777777
19,20260718,dataset,creditcard(1%),0.020833333333333332
19,20260718,dataset,creditcard(0.5%),0.12361111111111112
19,20260718,dataset,iotid20(6.4%),0.018055555555555554
19,20260718,all6,,0.13125
19,20260718,benchmark,,0.20833333333333334
19,20260718,real,,0.05416666666666667
20,20260718,dataset,breast_cancer(37%),0.0375
20,20260718,dataset,synth(5%),0.009722222222222222
20,20260718,dataset,synth(1%),0.001388888888888889
20,20260718,dataset,creditcard(1%),0.013888888888888888
20,20260718,dataset,creditcard(0.5%),0.07916666666666666
20,20260718,dataset,iotid20(6.4%),0.09444444444444444
20,20260718,all6,,0.03935185185185185
20,20260718,benchmark,,0.016203703703703703
20,20260718,real,,0.0625
21,20260718,dataset,breast_cancer(37%),0.09583333333333334
21,20260718,dataset,synth(5%),0.125
21,20260718,dataset,synth(1%),0.059722222222222225
21,20260718,dataset,creditcard(1%),0.03194444444444444
21,20260718,dataset,creditcard(0.5%),0.0375
21,20260718,dataset,iotid20(6.4%),0.07916666666666666
21,20260718,all6,,0.07152777777777777
21,20260718,benchmark,,0.09351851851851851
21,20260718,real,,0.04953703703703704
22,20260718,dataset,breast_cancer(37%),0.015277777777777777
22,20260718,dataset,synth(5%),0.020833333333333332
22,20260718,dataset,synth(1%),0.011111111111111112
22,20260718,dataset,creditcard(1%),0.05694444444444444
22,20260718,dataset,creditcard(0.5%),0.39444444444444443
22,20260718,dataset,iotid20(6.4%),0.0763888888888889
22,20260718,all6,,0.09583333333333333
22,20260718,benchmark,,0.01574074074074074
22,20260718,real,,0.17592592592592593
23,20260718,dataset,breast_cancer(37%),0.0763888888888889
23,20260718,dataset,synth(5%),0.018055555555555554
23,20260718,dataset,synth(1%),0.33611111111111114
23,20260718,dataset,creditcard(1%),0.022222222222222223
23,20260718,dataset,creditcard(0.5%),0.06527777777777778
23,20260718,dataset,iotid20(6.4%),0.18333333333333332
23,20260718,all6,,0.11689814814814815
23,20260718,benchmark,,0.14351851851851852
23,20260718,real,,0.09027777777777778
24,20260718,dataset,breast_cancer(37%),0.002777777777777778
24,20260718,dataset,synth(5%),0.018055555555555554
24,20260718,dataset,synth(1%),0.06944444444444445
24,20260718,dataset,creditcard(1%),0.11666666666666667
24,20260718,dataset,creditcard(0.5%),0.3236111111111111
24,20260718,dataset,iotid20(6.4%),0.002777777777777778
24,20260718,all6,,0.08888888888888889
24,20260718,benchmark,,0.03009259259259259
24,20260718,real,,0.14768518518518517
25,20260718,dataset,breast_cancer(37%),0.0763888888888889
25,20260718,dataset,synth(5%),0.0763888888888889
25,20260718,dataset,synth(1%),0.06527777777777778
25,20260718,dataset,creditcard(1%),0.13472222222222222
25,20260718,dataset,creditcard(0.5%),0.1625
25,20260718,dataset,iotid20(6.4%),0.016666666666666666
25,20260718,all6,,0.08865740740740742
25,20260718,benchmark,,0.07268518518518519
25,20260718,real,,0.10462962962962963
26,20260718,dataset,breast_cancer(37%),0.03888888888888889
26,20260718,dataset,synth(5%),0.018055555555555554
26,20260718,dataset,synth(1%),0.027777777777777776
26,20260718,dataset,creditcard(1%),0.3763888888888889
26,20260718,dataset,creditcard(0.5%),0.08194444444444444
26,20260718,dataset,iotid20(6.4%),0.04722222222222222
26,20260718,all6,,0.09837962962962961
26,20260718,benchmark,,0.028240740740740743
26,20260718,real,,0.1685185185185185
27,20260718,dataset,breast_cancer(37%),0.05
27,20260718,dataset,synth(5%),0.07222222222222222
27,20260718,dataset,synth(1%),0.12916666666666668
27,20260718,dataset,creditcard(1%),0.13055555555555556
27,20260718,dataset,creditcard(0.5%),0.04027777777777778
27,20260718,dataset,iotid20(6.4%),0.030555555555555555
27,20260718,all6,,0.07546296296296297
27,20260718,benchmark,,0.0837962962962963
27,20260718,real,,0.06712962962962964
28,20260718,dataset,breast_cancer(37%),0.14305555555555555
28,20260718,dataset,synth(5%),0.07361111111111111
28,20260718,dataset,synth(1%),0.1875
28,20260718,dataset,creditcard(1%),0.1986111111111111
28,20260718,dataset,creditcard(0.5%),0.018055555555555554
28,20260718,dataset,iotid20(6.4%),0.19722222222222222
28,20260718,all6,,0.1363425925925926
28,20260718,benchmark,,0.13472222222222222
28,20260718,real,,0.13796296296296295
29,20260718,dataset,breast_cancer(37%),0.04027777777777778
29,20260718,dataset,synth(5%),0.23333333333333334
29,20260718,dataset,synth(1%),0.02361111111111111
29,20260718,dataset,creditcard(1%),0.04027777777777778
29,20260718,dataset,creditcard(0.5%),0.05138888888888889
29,20260718,dataset,iotid20(6.4%),0.20972222222222223
29,20260718,all6,,0.09976851851851852
29,20260718,benchmark,,0.09907407407407408
29,20260718,real,,0.10046296296296298
30,20260718,dataset,breast_cancer(37%),0.08472222222222223
30,20260718,dataset,synth(5%),0.05555555555555555
30,20260718,dataset,synth(1%),0.10416666666666667
30,20260718,dataset,creditcard(1%),0.15
30,20260718,dataset,creditcard(0.5%),0.06666666666666667
30,20260718,dataset,iotid20(6.4%),0.11527777777777778
30,20260718,all6,,0.09606481481481483
30,20260718,benchmark,,0.08148148148148147
30,20260718,real,,0.11064814814814816
31,20260718,dataset,breast_cancer(37%),0.18333333333333332
31,20260718,dataset,synth(5%),0.06388888888888888
31,20260718,dataset,synth(1%),0.15
31,20260718,dataset,creditcard(1%),0.034722222222222224
31,20260718,dataset,creditcard(0.5%),0.022222222222222223
31,20260718,dataset,iotid20(6.4%),0.03888888888888889
31,20260718,all6,,0.08217592592592592
31,20260718,benchmark,,0.1324074074074074
31,20260718,real,,0.03194444444444445
32,20260718,dataset,breast_cancer(37%),0.2263888888888889
32,20260718,dataset,synth(5%),0.09861111111111111
32,20260718,dataset,synth(1%),0.06527777777777778
32,20260718,dataset,creditcard(1%),0.09305555555555556
32,20260718,dataset,creditcard(0.5%),0.08888888888888889
32,20260718,dataset,iotid20(6.4%),0.10972222222222222
32,20260718,all6,,0.11365740740740742
32,20260718,benchmark,,0.1300925925925926
32,20260718,real,,0.09722222222222222
33,20260718,dataset,breast_cancer(37%),0.059722222222222225
33,20260718,dataset,synth(5%),0.018055555555555554
33,20260718,dataset,synth(1%),0.12638888888888888
33,20260718,dataset,creditcard(1%),0.0875
33,20260718,dataset,creditcard(0.5%),0.05555555555555555
33,20260718,dataset,iotid20(6.4%),0.10694444444444444
33,20260718,all6,,0.07569444444444444
33,20260718,benchmark,,0.06805555555555555
33,20260718,real,,0.08333333333333333
34,20260718,dataset,breast_cancer(37%),0.013888888888888888
34,20260718,dataset,synth(5%),0.09722222222222222
34,20260718,dataset,synth(1%),0.04583333333333333
34,20260718,dataset,creditcard(1%),0.06527777777777778
34,20260718,dataset,creditcard(0.5%),0.02361111111111111
34,20260718,dataset,iotid20(6.4%),0.034722222222222224
34,20260718,all6,,0.04675925925925926
34,20260718,benchmark,,0.052314814814814814
34,20260718,real,,0.04120370370370371
35,20260718,dataset,breast_cancer(37%),0.07777777777777778
35,20260718,dataset,synth(5%),0.019444444444444445
35,20260718,dataset,synth(1%),0.13194444444444445
35,20260718,dataset,creditcard(1%),0.2611111111111111
35,20260718,dataset,creditcard(0.5%),0.025
35,20260718,dataset,iotid20(6.4%),0.03611111111111111
35,20260718,all6,,0.09189814814814813
35,20260718,benchmark,,0.0763888888888889
35,20260718,real,,0.10740740740740741
36,20260718,dataset,breast_cancer(37%),0.018055555555555554
36,20260718,dataset,synth(5%),0.001388888888888889
36,20260718,dataset,synth(1%),0.058333333333333334
36,20260718,dataset,creditcard(1%),0.37083333333333335
36,20260718,dataset,creditcard(0.5%),0.0875
36,20260718,dataset,iotid20(6.4%),0.12361111111111112
36,20260718,all6,,0.1099537037037037
36,20260718,benchmark,,0.025925925925925925
36,20260718,real,,0.1939814814814815
37,20260718,dataset,breast_cancer(37%),0.02361111111111111
37,20260718,dataset,synth(5%),0.09583333333333334
37,20260718,dataset,synth(1%),0.034722222222222224
37,20260718,dataset,creditcard(1%),0.044444444444444446
37,20260718,dataset,creditcard(0.5%),0.15694444444444444
37,20260718,dataset,iotid20(6.4%),0.03888888888888889
37,20260718,all6,,0.06574074074074075
37,20260718,benchmark,,0.051388888888888894
37,20260718,real,,0.08009259259259259
38,20260718,dataset,breast_cancer(37%),0.05277777777777778
38,20260718,dataset,synth(5%),0.001388888888888889
38,20260718,dataset,synth(1%),0.009722222222222222
38,20260718,dataset,creditcard(1%),0.10972222222222222
38,20260718,dataset,creditcard(0.5%),0.14583333333333334
38,20260718,dataset,iotid20(6.4%),0.29583333333333334
38,20260718,all6,,0.1025462962962963
38,20260718,benchmark,,0.021296296296296296
38,20260718,real,,0.18379629629629632
39,20260718,dataset,breast_cancer(37%),0.018055555555555554
39,20260718,dataset,synth(5%),0.05138888888888889
39,20260718,dataset,synth(1%),0.09444444444444444
39,20260718,dataset,creditcard(1%),0.10416666666666667
39,20260718,dataset,creditcard(0.5%),0.02361111111111111
39,20260718,dataset,iotid20(6.4%),0.09027777777777778
39,20260718,all6,,0.0636574074074074
39,20260718,benchmark,,0.05462962962962962
39,20260718,real,,0.07268518518518519
40,20260718,dataset,breast_cancer(37%),0.06527777777777778
40,20260718,dataset,synth(5%),0.1986111111111111
40,20260718,dataset,synth(1%),0.15694444444444444
40,20260718,dataset,creditcard(1%),0.22361111111111112
40,20260718,dataset,creditcard(0.5%),0.059722222222222225
40,20260718,dataset,iotid20(6.4%),0.09444444444444444
40,20260718,all6,,0.13310185185185183
40,20260718,benchmark,,0.14027777777777775
40,20260718,real,,0.1259259259259259
41,20260718,dataset,breast_cancer(37%),0.043055555555555555
41,20260718,dataset,synth(5%),0.022222222222222223
41,20260718,dataset,synth(1%),0.1763888888888889
41,20260718,dataset,creditcard(1%),0.05277777777777778
41,20260718,dataset,creditcard(0.5%),0.11527777777777778
41,20260718,dataset,iotid20(6.4%),0.08055555555555556
41,20260718,all6,,0.08171296296296296
41,20260718,benchmark,,0.08055555555555556
41,20260718,real,,0.08287037037037039
42,20260718,dataset,breast_cancer(37%),0.034722222222222224
42,20260718,dataset,synth(5%),0.0763888888888889
42,20260718,dataset,synth(1%),0.20416666666666666
42,20260718,dataset,creditcard(1%),0.08888888888888889
42,20260718,dataset,creditcard(0.5%),0.2763888888888889
42,20260718,dataset,iotid20(6.4%),0.12777777777777777
42,20260718,all6,,0.13472222222222222
42,20260718,benchmark,,0.10509259259259258
42,20260718,real,,0.16435185185185186
43,20260718,dataset,breast_cancer(37%),0.006944444444444444
43,20260718,dataset,synth(5%),0.12916666666666668
43,20260718,dataset,synth(1%),0.19722222222222222
43,20260718,dataset,creditcard(1%),0.16805555555555557
43,20260718,dataset,creditcard(0.5%),0.04027777777777778
43,20260718,dataset,iotid20(6.4%),0.02361111111111111
43,20260718,all6,,0.09421296296296296
43,20260718,benchmark,,0.1111111111111111
43,20260718,real,,0.07731481481481482
44,20260718,dataset,breast_cancer(37%),0.05138888888888889
44,20260718,dataset,synth(5%),0.14444444444444443
44,20260718,dataset,synth(1%),0.06527777777777778
44,20260718,dataset,creditcard(1%),0.15555555555555556
44,20260718,dataset,creditcard(0.5%),0.14583333333333334
44,20260718,dataset,iotid20(6.4%),0.044444444444444446
44,20260718,all6,,0.1011574074074074
44,20260718,benchmark,,0.08703703703703702
44,20260718,real,,0.11527777777777777
45,20260718,dataset,breast_cancer(37%),0.18333333333333332
45,20260718,dataset,synth(5%),0.05138888888888889
45,20260718,dataset,synth(1%),0.35138888888888886
45,20260718,dataset,creditcard(1%),0.034722222222222224
45,20260718,dataset,creditcard(0.5%),0.1361111111111111
45,20260718,dataset,iotid20(6.4%),0.07222222222222222
45,20260718,all6,,0.13819444444444443
45,20260718,benchmark,,0.19537037037037033
45,20260718,real,,0.0810185185185185
46,20260718,dataset,breast_cancer(37%),0.1375
46,20260718,dataset,synth(5%),0.04027777777777778
46,20260718,dataset,synth(1%),0.07083333333333333
46,20260718,dataset,creditcard(1%),0.02361111111111111
46,20260718,dataset,creditcard(0.5%),0.10138888888888889
46,20260718,dataset,iotid20(6.4%),0.2222222222222222
46,20260718,all6,,0.09930555555555555
46,20260718,benchmark,,0.08287037037037037
46,20260718,real,,0.11574074074074074
47,20260718,dataset,breast_cancer(37%),0.058333333333333334
47,20260718,dataset,synth(5%),0.06944444444444445
47,20260718,dataset,synth(1%),0.006944444444444444
47,20260718,dataset,creditcard(1%),0.02361111111111111
47,20260718,dataset,creditcard(0.5%),0.11527777777777778
47,20260718,dataset,iotid20(6.4%),0.08194444444444444
47,20260718,all6,,0.05925925925925926
47,20260718,benchmark,,0.04490740740740742
47,20260718,real,,0.07361111111111111
48,20260718,dataset,breast_cancer(37%),0.19305555555555556
48,20260718,dataset,synth(5%),0.04583333333333333
48,20260718,dataset,synth(1%),0.04861111111111111
48,20260718,dataset,creditcard(1%),0.027777777777777776
48,20260718,dataset,creditcard(0.5%),0.09027777777777778
48,20260718,dataset,iotid20(6.4%),0.34444444444444444
48,20260718,all6,,0.125
48,20260718,benchmark,,0.09583333333333333
48,20260718,real,,0.15416666666666667
49,20260718,dataset,breast_cancer(37%),0.03194444444444444
49,20260718,dataset,synth(5%),0.14027777777777778
49,20260718,dataset,synth(1%),0.022222222222222223
49,20260718,dataset,creditcard(1%),0.009722222222222222
49,20260718,dataset,creditcard(0.5%),0.030555555555555555
49,20260718,dataset,iotid20(6.4%),0.05138888888888889
49,20260718,all6,,0.047685185185185185
49,20260718,benchmark,,0.06481481481481481
49,20260718,real,,0.030555555555555558
50,20260718,dataset,breast_cancer(37%),0.16666666666666666
50,20260718,dataset,synth(5%),0.059722222222222225
50,20260718,dataset,synth(1%),0.24722222222222223
50,20260718,dataset,creditcard(1%),0.14305555555555555
50,20260718,dataset,creditcard(0.5%),0.11388888888888889
50,20260718,dataset,iotid20(6.4%),0.011111111111111112
50,20260718,all6,,0.12361111111111112
50,20260718,benchmark,,0.15787037037037036
50,20260718,real,,0.08935185185185185
51,20260718,dataset,breast_cancer(37%),0.18055555555555555
51,20260718,dataset,synth(5%),0.0375
51,20260718,dataset,synth(1%),0.06111111111111111
51,20260718,dataset,creditcard(1%),0.2916666666666667
51,20260718,dataset,creditcard(0.5%),0.06388888888888888
51,20260718,dataset,iotid20(6.4%),0.044444444444444446
51,20260718,all6,,0.11319444444444443
51,20260718,benchmark,,0.09305555555555556
51,20260718,real,,0.13333333333333333
52,20260718,dataset,breast_cancer(37%),0.04861111111111111
52,20260718,dataset,synth(5%),0.14027777777777778
52,20260718,dataset,synth(1%),0.10138888888888889
52,20260718,dataset,creditcard(1%),0.016666666666666666
52,20260718,dataset,creditcard(0.5%),0.3375
52,20260718,dataset,iotid20(6.4%),0.03194444444444444
52,20260718,all6,,0.11273148148148149
52,20260718,benchmark,,0.09675925925925927
52,20260718,real,,0.1287037037037037
53,20260718,dataset,breast_cancer(37%),0.011111111111111112
53,20260718,dataset,synth(5%),0.011111111111111112
53,20260718,dataset,synth(1%),0.2111111111111111
53,20260718,dataset,creditcard(1%),0.09305555555555556
53,20260718,dataset,creditcard(0.5%),0.0125
53,20260718,dataset,iotid20(6.4%),0.029166666666666667
53,20260718,all6,,0.061342592592592594
53,20260718,benchmark,,0.07777777777777777
53,20260718,real,,0.04490740740740742
54,20260718,dataset,breast_cancer(37%),0.044444444444444446
54,20260718,dataset,synth(5%),0.059722222222222225
54,20260718,dataset,synth(1%),0.0125
54,20260718,dataset,creditcard(1%),0.06944444444444445
54,20260718,dataset,creditcard(0.5%),0.06111111111111111
54,20260718,dataset,iotid20(6.4%),0.1875
54,20260718,all6,,0.0724537037037037
54,20260718,benchmark,,0.03888888888888889
54,20260718,real,,0.10601851851851851
55,20260718,dataset,breast_cancer(37%),0.005555555555555556
55,20260718,dataset,synth(5%),0.09583333333333334
55,20260718,dataset,synth(1%),0.2763888888888889
55,20260718,dataset,creditcard(1%),0.04027777777777778
55,20260718,dataset,creditcard(0.5%),0.08888888888888889
55,20260718,dataset,iotid20(6.4%),0.1375
55,20260718,all6,,0.1074074074074074
55,20260718,benchmark,,0.1259259259259259
55,20260718,real,,0.0888888888888889
56,20260718,dataset,breast_cancer(37%),0.08055555555555556
56,20260718,dataset,synth(5%),0.034722222222222224
56,20260718,dataset,synth(1%),0.07222222222222222
56,20260718,dataset,creditcard(1%),0.44027777777777777
56,20260718,dataset,creditcard(0.5%),0.1486111111111111
56,20260718,dataset,iotid20(6.4%),0.22777777777777777
56,20260718,all6,,0.1673611111111111
56,20260718,benchmark,,0.0625
56,20260718,real,,0.2722222222222222
57,20260718,dataset,breast_cancer(37%),0.3013888888888889
57,20260718,dataset,synth(5%),0.12638888888888888
57,20260718,dataset,synth(1%),0.06666666666666667
57,20260718,dataset,creditcard(1%),0.07361111111111111
57,20260718,dataset,creditcard(0.5%),0.08194444444444444
57,20260718,dataset,iotid20(6.4%),0.10972222222222222
57,20260718,all6,,0.12662037037037036
57,20260718,benchmark,,0.1648148148148148
57,20260718,real,,0.08842592592592592
58,20260718,dataset,breast_cancer(37%),0.07222222222222222
58,20260718,dataset,synth(5%),0.05138888888888889
58,20260718,dataset,synth(1%),0.04861111111111111
58,20260718,dataset,creditcard(1%),0.23055555555555557
58,20260718,dataset,creditcard(0.5%),0.016666666666666666
58,20260718,dataset,iotid20(6.4%),0.027777777777777776
58,20260718,all6,,0.07453703703703703
58,20260718,benchmark,,0.05740740740740741
58,20260718,real,,0.09166666666666667
59,20260718,dataset,breast_cancer(37%),0.03888888888888889
59,20260718,dataset,synth(5%),0.03194444444444444
59,20260718,dataset,synth(1%),0.03194444444444444
59,20260718,dataset,creditcard(1%),0.015277777777777777
59,20260718,dataset,creditcard(0.5%),0.09305555555555556
59,20260718,dataset,iotid20(6.4%),0.6152777777777778
59,20260718,all6,,0.13773148148148148
59,20260718,benchmark,,0.03425925925925926
59,20260718,real,,0.2412037037037037
60,20260718,dataset,breast_cancer(37%),0.030555555555555555
60,20260718,dataset,synth(5%),0.022222222222222223
60,20260718,dataset,synth(1%),0.10694444444444444
60,20260718,dataset,creditcard(1%),0.029166666666666667
60,20260718,dataset,creditcard(0.5%),0.11527777777777778
60,20260718,dataset,iotid20(6.4%),0.02361111111111111
60,20260718,all6,,0.05462962962962964
60,20260718,benchmark,,0.053240740740740734
60,20260718,real,,0.05601851851851852
61,20260718,dataset,breast_cancer(37%),0.18333333333333332
61,20260718,dataset,synth(5%),0.07222222222222222
61,20260718,dataset,synth(1%),0.016666666666666666
61,20260718,dataset,creditcard(1%),0.016666666666666666
61,20260718,dataset,creditcard(0.5%),0.10694444444444444
61,20260718,dataset,iotid20(6.4%),0.027777777777777776
61,20260718,all6,,0.07060185185185185
61,20260718,benchmark,,0.09074074074074073
61,20260718,real,,0.05046296296296296
62,20260718,dataset,breast_cancer(37%),0.027777777777777776
62,20260718,dataset,synth(5%),0.07361111111111111
62,20260718,dataset,synth(1%),0.03611111111111111
62,20260718,dataset,creditcard(1%),0.09583333333333334
62,20260718,dataset,creditcard(0.5%),0.19583333333333333
62,20260718,dataset,iotid20(6.4%),0.3402777777777778
62,20260718,all6,,0.12824074074074074
62,20260718,benchmark,,0.04583333333333334
62,20260718,real,,0.21064814814814814
63,20260718,dataset,breast_cancer(37%),0.03194444444444444
63,20260718,dataset,synth(5%),0.09305555555555556
63,20260718,dataset,synth(1%),0.29444444444444445
63,20260718,dataset,creditcard(1%),0.2722222222222222
63,20260718,dataset,creditcard(0.5%),0.06111111111111111
63,20260718,dataset,iotid20(6.4%),0.09305555555555556
63,20260718,all6,,0.14097222222222222
63,20260718,benchmark,,0.1398148148148148
63,20260718,real,,0.14212962962962963
64,20260718,dataset,breast_cancer(37%),0.06111111111111111
64,20260718,dataset,synth(5%),0.07361111111111111
64,20260718,dataset,synth(1%),0.11527777777777778
64,20260718,dataset,creditcard(1%),0.13194444444444445
64,20260718,dataset,creditcard(0.5%),0.1763888888888889
64,20260718,dataset,iotid20(6.4%),0.2375
64,20260718,all6,,0.1326388888888889
64,20260718,benchmark,,0.08333333333333333
64,20260718,real,,0.18194444444444444
65,20260718,dataset,breast_cancer(37%),0.10694444444444444
65,20260718,dataset,synth(5%),0.018055555555555554
65,20260718,dataset,synth(1%),0.12083333333333333
65,20260718,dataset,creditcard(1%),0.058333333333333334
65,20260718,dataset,creditcard(0.5%),0.05555555555555555
65,20260718,dataset,iotid20(6.4%),0.02638888888888889
65,20260718,all6,,0.06435185185185184
65,20260718,benchmark,,0.08194444444444444
65,20260718,real,,0.04675925925925926
66,20260718,dataset,breast_cancer(37%),0.25
66,20260718,dataset,synth(5%),0.011111111111111112
66,20260718,dataset,synth(1%),0.15555555555555556
66,20260718,dataset,creditcard(1%),0.09027777777777778
66,20260718,dataset,creditcard(0.5%),0.030555555555555555
66,20260718,dataset,iotid20(6.4%),0.025
66,20260718,all6,,0.09375
66,20260718,benchmark,,0.13888888888888887
66,20260718,real,,0.048611111111111105
67,20260718,dataset,breast_cancer(37%),0.027777777777777776
67,20260718,dataset,synth(5%),0.013888888888888888
67,20260718,dataset,synth(1%),0.004166666666666667
67,20260718,dataset,creditcard(1%),0.04583333333333333
67,20260718,dataset,creditcard(0.5%),0.1361111111111111
67,20260718,dataset,iotid20(6.4%),0.1763888888888889
67,20260718,all6,,0.06736111111111111
67,20260718,benchmark,,0.015277777777777777
67,20260718,real,,0.11944444444444445
68,20260718,dataset,breast_cancer(37%),0.022222222222222223
68,20260718,dataset,synth(5%),0.11666666666666667
68,20260718,dataset,synth(1%),0.09444444444444444
68,20260718,dataset,creditcard(1%),0.07222222222222222
68,20260718,dataset,creditcard(0.5%),0.11666666666666667
68,20260718,dataset,iotid20(6.4%),0.018055555555555554
68,20260718,all6,,0.07337962962962964
68,20260718,benchmark,,0.07777777777777778
68,20260718,real,,0.06898148148148148
69,20260718,dataset,breast_cancer(37%),0.027777777777777776
69,20260718,dataset,synth(5%),0.10277777777777777
69,20260718,dataset,synth(1%),0.14583333333333334
69,20260718,dataset,creditcard(1%),0.12222222222222222
69,20260718,dataset,creditcard(0.5%),0.018055555555555554
69,20260718,dataset,iotid20(6.4%),0.2902777777777778
69,20260718,all6,,0.11782407407407408
69,20260718,benchmark,,0.09212962962962963
69,20260718,real,,0.14351851851851852
70,20260718,dataset,breast_cancer(37%),0.018055555555555554
70,20260718,dataset,synth(5%),0.04722222222222222
70,20260718,dataset,synth(1%),0.03194444444444444
70,20260718,dataset,creditcard(1%),0.5652777777777778
70,20260718,dataset,creditcard(0.5%),0.29305555555555557
70,20260718,dataset,iotid20(6.4%),0.02361111111111111
70,20260718,all6,,0.16319444444444448
70,20260718,benchmark,,0.032407407407407406
70,20260718,real,,0.29398148148148145
71,20260718,dataset,breast_cancer(37%),0.06805555555555555
71,20260718,dataset,synth(5%),0.3972222222222222
71,20260718,dataset,synth(1%),0.029166666666666667
71,20260718,dataset,creditcard(1%),0.02638888888888889
71,20260718,dataset,creditcard(0.5%),0.030555555555555555
71,20260718,dataset,iotid20(6.4%),0.02638888888888889
71,20260718,all6,,0.09629629629629628
71,20260718,benchmark,,0.1648148148148148
71,20260718,real,,0.027777777777777776
72,20260718,dataset,breast_cancer(37%),0.02361111111111111
72,20260718,dataset,synth(5%),0.10416666666666667
72,20260718,dataset,synth(1%),0.16666666666666666
72,20260718,dataset,creditcard(1%),0.3013888888888889
72,20260718,dataset,creditcard(0.5%),0.06944444444444445
72,20260718,dataset,iotid20(6.4%),0.025
72,20260718,all6,,0.1150462962962963
72,20260718,benchmark,,0.09814814814814814
72,20260718,real,,0.13194444444444445
73,20260718,dataset,breast_cancer(37%),0.06805555555555555
73,20260718,dataset,synth(5%),0.02361111111111111
73,20260718,dataset,synth(1%),0.23194444444444445
73,20260718,dataset,creditcard(1%),0.020833333333333332
73,20260718,dataset,creditcard(0.5%),0.29444444444444445
73,20260718,dataset,iotid20(6.4%),0.019444444444444445
73,20260718,all6,,0.10972222222222222
73,20260718,benchmark,,0.10787037037037035
73,20260718,real,,0.11157407407407406
74,20260718,dataset,breast_cancer(37%),0.030555555555555555
74,20260718,dataset,synth(5%),0.006944444444444444
74,20260718,dataset,synth(1%),0.19305555555555556
74,20260718,dataset,creditcard(1%),0.05694444444444444
74,20260718,dataset,creditcard(0.5%),0.13472222222222222
74,20260718,dataset,iotid20(6.4%),0.10138888888888889
74,20260718,all6,,0.08726851851851851
74,20260718,benchmark,,0.07685185185185185
74,20260718,real,,0.0976851851851852
75,20260718,dataset,breast_cancer(37%),0.0625
75,20260718,dataset,synth(5%),0.018055555555555554
75,20260718,dataset,synth(1%),0.10416666666666667
75,20260718,dataset,creditcard(1%),0.027777777777777776
75,20260718,dataset,creditcard(0.5%),0.02361111111111111
75,20260718,dataset,iotid20(6.4%),0.05138888888888889
75,20260718,all6,,0.04791666666666667
75,20260718,benchmark,,0.06157407407407408
75,20260718,real,,0.03425925925925926
76,20260718,dataset,breast_cancer(37%),0.027777777777777776
76,20260718,dataset,synth(5%),0.0375
76,20260718,dataset,synth(1%),0.14444444444444443
76,20260718,dataset,creditcard(1%),0.04027777777777778
76,20260718,dataset,creditcard(0.5%),0.19166666666666668
76,20260718,dataset,iotid20(6.4%),0.09027777777777778
76,20260718,all6,,0.08865740740740741
76,20260718,benchmark,,0.0699074074074074
76,20260718,real,,0.10740740740740741
77,20260718,dataset,breast_cancer(37%),0.15416666666666667
77,20260718,dataset,synth(5%),0.20416666666666666
77,20260718,dataset,synth(1%),0.12638888888888888
77,20260718,dataset,creditcard(1%),0.10694444444444444
77,20260718,dataset,creditcard(0.5%),0.1763888888888889
77,20260718,dataset,iotid20(6.4%),0.018055555555555554
77,20260718,all6,,0.13101851851851853
77,20260718,benchmark,,0.16157407407407406
77,20260718,real,,0.10046296296296296
78,20260718,dataset,breast_cancer(37%),0.08611111111111111
78,20260718,dataset,synth(5%),0.13472222222222222
78,20260718,dataset,synth(1%),0.20972222222222223
78,20260718,dataset,creditcard(1%),0.3486111111111111
78,20260718,dataset,creditcard(0.5%),0.11388888888888889
78,20260718,dataset,iotid20(6.4%),0.002777777777777778
78,20260718,all6,,0.14930555555555555
78,20260718,benchmark,,0.14351851851851852
78,20260718,real,,0.1550925925925926
79,20260718,dataset,breast_cancer(37%),0.09861111111111111
79,20260718,dataset,synth(5%),0.08194444444444444
79,20260718,dataset,synth(1%),0.3458333333333333
79,20260718,dataset,creditcard(1%),0.041666666666666664
79,20260718,dataset,creditcard(0.5%),0.10555555555555556
79,20260718,dataset,iotid20(6.4%),0.03611111111111111
79,20260718,all6,,0.11828703703703702
79,20260718,benchmark,,0.17546296296296296
79,20260718,real,,0.06111111111111111
80,20260718,dataset,breast_cancer(37%),0.07083333333333333
80,20260718,dataset,synth(5%),0.05
80,20260718,dataset,synth(1%),0.07222222222222222
80,20260718,dataset,creditcard(1%),0.16527777777777777
80,20260718,dataset,creditcard(0.5%),0.02638888888888889
80,20260718,dataset,iotid20(6.4%),0.10138888888888889
80,20260718,all6,,0.08101851851851853
80,20260718,benchmark,,0.06435185185185184
80,20260718,real,,0.09768518518518517
81,20260718,dataset,breast_cancer(37%),0.17777777777777778
81,20260718,dataset,synth(5%),0.03611111111111111
81,20260718,dataset,synth(1%),0.23472222222222222
81,20260718,dataset,creditcard(1%),0.03611111111111111
81,20260718,dataset,creditcard(0.5%),0.125
81,20260718,dataset,iotid20(6.4%),0.09722222222222222
81,20260718,all6,,0.11782407407407407
81,20260718,benchmark,,0.14953703703703702
81,20260718,real,,0.0861111111111111
82,20260718,dataset,breast_cancer(37%),0.09444444444444444
82,20260718,dataset,synth(5%),0.0125
82,20260718,dataset,synth(1%),0.04027777777777778
82,20260718,dataset,creditcard(1%),0.02638888888888889
82,20260718,dataset,creditcard(0.5%),0.07916666666666666
82,20260718,dataset,iotid20(6.4%),0.07361111111111111
82,20260718,all6,,0.05439814814814815
82,20260718,benchmark,,0.049074074074074076
82,20260718,real,,0.059722222222222225
83,20260718,dataset,breast_cancer(37%),0.1638888888888889
83,20260718,dataset,synth(5%),0.15138888888888888
83,20260718,dataset,synth(1%),0.058333333333333334
83,20260718,dataset,creditcard(1%),0.25
83,20260718,dataset,creditcard(0.5%),0.09305555555555556
83,20260718,dataset,iotid20(6.4%),0.0
83,20260718,all6,,0.11944444444444445
83,20260718,benchmark,,0.12453703703703704
83,20260718,real,,0.11435185185185186
84,20260718,dataset,breast_cancer(37%),0.11527777777777778
84,20260718,dataset,synth(5%),0.08333333333333333
84,20260718,dataset,synth(1%),0.4222222222222222
84,20260718,dataset,creditcard(1%),0.001388888888888889
84,20260718,dataset,creditcard(0.5%),0.005555555555555556
84,20260718,dataset,iotid20(6.4%),0.15138888888888888
84,20260718,all6,,0.12986111111111112
84,20260718,benchmark,,0.20694444444444446
84,20260718,real,,0.05277777777777778
85,20260718,dataset,breast_cancer(37%),0.16666666666666666
85,20260718,dataset,synth(5%),0.009722222222222222
85,20260718,dataset,synth(1%),0.03611111111111111
85,20260718,dataset,creditcard(1%),0.10694444444444444
85,20260718,dataset,creditcard(0.5%),0.07916666666666666
85,20260718,dataset,iotid20(6.4%),0.21388888888888888
85,20260718,all6,,0.10208333333333335
85,20260718,benchmark,,0.07083333333333333
85,20260718,real,,0.13333333333333333
86,20260718,dataset,breast_cancer(37%),0.19305555555555556
86,20260718,dataset,synth(5%),0.08472222222222223
86,20260718,dataset,synth(1%),0.06388888888888888
86,20260718,dataset,creditcard(1%),0.04861111111111111
86,20260718,dataset,creditcard(0.5%),0.04027777777777778
86,20260718,dataset,iotid20(6.4%),0.3638888888888889
86,20260718,all6,,0.1324074074074074
86,20260718,benchmark,,0.11388888888888889
86,20260718,real,,0.15092592592592594
87,20260718,dataset,breast_cancer(37%),0.1875
87,20260718,dataset,synth(5%),0.17916666666666667
87,20260718,dataset,synth(1%),0.030555555555555555
87,20260718,dataset,creditcard(1%),0.13472222222222222
87,20260718,dataset,creditcard(0.5%),0.08472222222222223
87,20260718,dataset,iotid20(6.4%),0.04027777777777778
87,20260718,all6,,0.10949074074074074
87,20260718,benchmark,,0.13240740740740742
87,20260718,real,,0.08657407407407407
88,20260718,dataset,breast_cancer(37%),0.17083333333333334
88,20260718,dataset,synth(5%),0.1597222222222222
88,20260718,dataset,synth(1%),0.1125
88,20260718,dataset,creditcard(1%),0.04861111111111111
88,20260718,dataset,creditcard(0.5%),0.09444444444444444
88,20260718,dataset,iotid20(6.4%),0.1763888888888889
88,20260718,all6,,0.12708333333333333
88,20260718,benchmark,,0.14768518518518517
88,20260718,real,,0.1064814814814815
89,20260718,dataset,breast_cancer(37%),0.05416666666666667
89,20260718,dataset,synth(5%),0.0875
89,20260718,dataset,synth(1%),0.0875
89,20260718,dataset,creditcard(1%),0.1986111111111111
89,20260718,dataset,creditcard(0.5%),0.034722222222222224
89,20260718,dataset,iotid20(6.4%),0.009722222222222222
89,20260718,all6,,0.0787037037037037
89,20260718,benchmark,,0.07638888888888888
89,20260718,real,,0.08101851851851852
90,20260718,dataset,breast_cancer(37%),0.04027777777777778
90,20260718,dataset,synth(5%),0.06666666666666667
90,20260718,dataset,synth(1%),0.075
90,20260718,dataset,creditcard(1%),0.18055555555555555
90,20260718,dataset,creditcard(0.5%),0.12638888888888888
90,20260718,dataset,iotid20(6.4%),0.03611111111111111
90,20260718,all6,,0.08750000000000001
90,20260718,benchmark,,0.060648148148148145
90,20260718,real,,0.11435185185185186
91,20260718,dataset,breast_cancer(37%),0.06527777777777778
91,20260718,dataset,synth(5%),0.10972222222222222
91,20260718,dataset,synth(1%),0.06666666666666667
91,20260718,dataset,creditcard(1%),0.08472222222222223
91,20260718,dataset,creditcard(0.5%),0.03194444444444444
91,20260718,dataset,iotid20(6.4%),0.05138888888888889
91,20260718,all6,,0.06828703703703703
91,20260718,benchmark,,0.08055555555555555
91,20260718,real,,0.05601851851851852
92,20260718,dataset,breast_cancer(37%),0.02638888888888889
92,20260718,dataset,synth(5%),0.09722222222222222
92,20260718,dataset,synth(1%),0.09861111111111111
92,20260718,dataset,creditcard(1%),0.02638888888888889
92,20260718,dataset,creditcard(0.5%),0.05555555555555555
92,20260718,dataset,iotid20(6.4%),0.006944444444444444
92,20260718,all6,,0.05185185185185185
92,20260718,benchmark,,0.07407407407407407
92,20260718,real,,0.02962962962962963
93,20260718,dataset,breast_cancer(37%),0.14722222222222223
93,20260718,dataset,synth(5%),0.06944444444444445
93,20260718,dataset,synth(1%),0.02638888888888889
93,20260718,dataset,creditcard(1%),0.022222222222222223
93,20260718,dataset,creditcard(0.5%),0.1875
93,20260718,dataset,iotid20(6.4%),0.05555555555555555
93,20260718,all6,,0.08472222222222221
93,20260718,benchmark,,0.08101851851851853
93,20260718,real,,0.08842592592592592
94,20260718,dataset,breast_cancer(37%),0.14305555555555555
94,20260718,dataset,synth(5%),0.05
94,20260718,dataset,synth(1%),0.0625
94,20260718,dataset,creditcard(1%),0.05
94,20260718,dataset,creditcard(0.5%),0.1375
94,20260718,dataset,iotid20(6.4%),0.034722222222222224
94,20260718,all6,,0.07962962962962962
94,20260718,benchmark,,0.08518518518518518
94,20260718,real,,0.07407407407407407
95,20260718,dataset,breast_cancer(37%),0.07916666666666666
95,20260718,dataset,synth(5%),0.05277777777777778
95,20260718,dataset,synth(1%),0.06111111111111111
95,20260718,dataset,creditcard(1%),0.05277777777777778
95,20260718,dataset,creditcard(0.5%),0.2847222222222222
95,20260718,dataset,iotid20(6.4%),0.022222222222222223
95,20260718,all6,,0.09212962962962963
95,20260718,benchmark,,0.06435185185185184
95,20260718,real,,0.1199074074074074
96,20260718,dataset,breast_cancer(37%),0.1388888888888889
96,20260718,dataset,synth(5%),0.07916666666666666
96,20260718,dataset,synth(1%),0.02361111111111111
96,20260718,dataset,creditcard(1%),0.11527777777777778
96,20260718,dataset,creditcard(0.5%),0.18472222222222223
96,20260718,dataset,iotid20(6.4%),0.018055555555555554
96,20260718,all6,,0.09328703703703706
96,20260718,benchmark,,0.08055555555555556
96,20260718,real,,0.10601851851851851
97,20260718,dataset,breast_cancer(37%),0.20416666666666666
97,20260718,dataset,synth(5%),0.08611111111111111
97,20260718,dataset,synth(1%),0.07222222222222222
97,20260718,dataset,creditcard(1%),0.013888888888888888
97,20260718,dataset,creditcard(0.5%),0.2013888888888889
97,20260718,dataset,iotid20(6.4%),0.04583333333333333
97,20260718,all6,,0.10393518518518517
97,20260718,benchmark,,0.12083333333333333
97,20260718,real,,0.08703703703703704
98,20260718,dataset,breast_cancer(37%),0.0125
98,20260718,dataset,synth(5%),0.0763888888888889
98,20260718,dataset,synth(1%),0.05555555555555555
98,20260718,dataset,creditcard(1%),0.09722222222222222
98,20260718,dataset,creditcard(0.5%),0.1
98,20260718,dataset,iotid20(6.4%),0.03194444444444444
98,20260718,all6,,0.06226851851851852
98,20260718,benchmark,,0.048148148148148155
98,20260718,real,,0.0763888888888889
99,20260718,dataset,breast_cancer(37%),0.034722222222222224
99,20260718,dataset,synth(5%),0.10694444444444444
99,20260718,dataset,synth(1%),0.16944444444444445
99,20260718,dataset,creditcard(1%),0.2263888888888889
99,20260718,dataset,creditcard(0.5%),0.2375
99,20260718,dataset,iotid20(6.4%),0.04861111111111111
99,20260718,all6,,0.1372685185185185
99,20260718,benchmark,,0.1037037037037037
99,20260718,real,,0.1708333333333333
100,20260718,dataset,breast_cancer(37%),0.05694444444444444
100,20260718,dataset,synth(5%),0.011111111111111112
100,20260718,dataset,synth(1%),0.03888888888888889
100,20260718,dataset,creditcard(1%),0.12222222222222222
100,20260718,dataset,creditcard(0.5%),0.022222222222222223
100,20260718,dataset,iotid20(6.4%),0.04861111111111111
100,20260718,all6,,0.049999999999999996
100,20260718,benchmark,,0.03564814814814815
100,20260718,real,,0.06435185185185184
101,20260718,dataset,breast_cancer(37%),0.08472222222222223
101,20260718,dataset,synth(5%),0.18194444444444444
101,20260718,dataset,synth(1%),0.05555555555555555
101,20260718,dataset,creditcard(1%),0.35138888888888886
101,20260718,dataset,creditcard(0.5%),0.09722222222222222
101,20260718,dataset,iotid20(6.4%),0.03194444444444444
101,20260718,all6,,0.13379629629629627
101,20260718,benchmark,,0.1074074074074074
101,20260718,real,,0.16018518518518518
102,20260718,dataset,breast_cancer(37%),0.06527777777777778
102,20260718,dataset,synth(5%),0.059722222222222225
102,20260718,dataset,synth(1%),0.25555555555555554
102,20260718,dataset,creditcard(1%),0.034722222222222224
102,20260718,dataset,creditcard(0.5%),0.09027777777777778
102,20260718,dataset,iotid20(6.4%),0.07777777777777778
102,20260718,all6,,0.09722222222222221
102,20260718,benchmark,,0.12685185185185185
102,20260718,real,,0.06759259259259259
103,20260718,dataset,breast_cancer(37%),0.06805555555555555
103,20260718,dataset,synth(5%),0.0125
103,20260718,dataset,synth(1%),0.0763888888888889
103,20260718,dataset,creditcard(1%),0.33055555555555555
103,20260718,dataset,creditcard(0.5%),0.020833333333333332
103,20260718,dataset,iotid20(6.4%),0.001388888888888889
103,20260718,all6,,0.0849537037037037
103,20260718,benchmark,,0.052314814814814814
103,20260718,real,,0.11759259259259258
104,20260718,dataset,breast_cancer(37%),0.03333333333333333
104,20260718,dataset,synth(5%),0.17777777777777778
104,20260718,dataset,synth(1%),0.02361111111111111
104,20260718,dataset,creditcard(1%),0.11527777777777778
104,20260718,dataset,creditcard(0.5%),0.0375
104,20260718,dataset,iotid20(6.4%),0.04861111111111111
104,20260718,all6,,0.07268518518518517
104,20260718,benchmark,,0.07824074074074074
104,20260718,real,,0.06712962962962964
105,20260718,dataset,breast_cancer(37%),0.0875
105,20260718,dataset,synth(5%),0.02361111111111111
105,20260718,dataset,synth(1%),0.16944444444444445
105,20260718,dataset,creditcard(1%),0.08194444444444444
105,20260718,dataset,creditcard(0.5%),0.09305555555555556
105,20260718,dataset,iotid20(6.4%),0.02361111111111111
105,20260718,all6,,0.0798611111111111
105,20260718,benchmark,,0.09351851851851851
105,20260718,real,,0.06620370370370371
106,20260718,dataset,breast_cancer(37%),0.05555555555555555
106,20260718,dataset,synth(5%),0.07777777777777778
106,20260718,dataset,synth(1%),0.13194444444444445
106,20260718,dataset,creditcard(1%),0.16527777777777777
106,20260718,dataset,creditcard(0.5%),0.3138888888888889
106,20260718,dataset,iotid20(6.4%),0.04583333333333333
106,20260718,all6,,0.13171296296296295
106,20260718,benchmark,,0.08842592592592592
106,20260718,real,,0.17500000000000002
107,20260718,dataset,breast_cancer(37%),0.04583333333333333
107,20260718,dataset,synth(5%),0.022222222222222223
107,20260718,dataset,synth(1%),0.17222222222222222
107,20260718,dataset,creditcard(1%),0.009722222222222222
107,20260718,dataset,creditcard(0.5%),0.10138888888888889
107,20260718,dataset,iotid20(6.4%),0.011111111111111112
107,20260718,all6,,0.06041666666666667
107,20260718,benchmark,,0.08009259259259259
107,20260718,real,,0.040740740740740744
108,20260718,dataset,breast_cancer(37%),0.05555555555555555
108,20260718,dataset,synth(5%),0.14027777777777778
108,20260718,dataset,synth(1%),0.07361111111111111
108,20260718,dataset,creditcard(1%),0.09444444444444444
108,20260718,dataset,creditcard(0.5%),0.05138888888888889
108,20260718,dataset,iotid20(6.4%),0.03194444444444444
108,20260718,all6,,0.07453703703703703
108,20260718,benchmark,,0.08981481481481483
108,20260718,real,,0.059259259259259255
109,20260718,dataset,breast_cancer(37%),0.08333333333333333
109,20260718,dataset,synth(5%),0.03888888888888889
109,20260718,dataset,synth(1%),0.022222222222222223
109,20260718,dataset,creditcard(1%),0.020833333333333332
109,20260718,dataset,creditcard(0.5%),0.1625
109,20260718,dataset,iotid20(6.4%),0.1111111111111111
109,20260718,all6,,0.07314814814814814
109,20260718,benchmark,,0.04814814814814814
109,20260718,real,,0.09814814814814815
110,20260718,dataset,breast_cancer(37%),0.29583333333333334
110,20260718,dataset,synth(5%),0.009722222222222222
110,20260718,dataset,synth(1%),0.018055555555555554
110,20260718,dataset,creditcard(1%),0.2222222222222222
110,20260718,dataset,creditcard(0.5%),0.2777777777777778
110,20260718,dataset,iotid20(6.4%),0.043055555555555555
110,20260718,all6,,0.14444444444444443
110,20260718,benchmark,,0.10787037037037038
110,20260718,real,,0.18101851851851855
111,20260718,dataset,breast_cancer(37%),0.05416666666666667
111,20260718,dataset,synth(5%),0.05694444444444444
111,20260718,dataset,synth(1%),0.022222222222222223
111,20260718,dataset,creditcard(1%),0.05694444444444444
111,20260718,dataset,creditcard(0.5%),0.20694444444444443
111,20260718,dataset,iotid20(6.4%),0.030555555555555555
111,20260718,all6,,0.07129629629629629
111,20260718,benchmark,,0.044444444444444446
111,20260718,real,,0.09814814814814815
112,20260718,dataset,breast_cancer(37%),0.06527777777777778
112,20260718,dataset,synth(5%),0.0375
112,20260718,dataset,synth(1%),0.05138888888888889
112,20260718,dataset,creditcard(1%),0.1361111111111111
112,20260718,dataset,creditcard(0.5%),0.09861111111111111
112,20260718,dataset,iotid20(6.4%),0.0763888888888889
112,20260718,all6,,0.0775462962962963
112,20260718,benchmark,,0.051388888888888894
112,20260718,real,,0.1037037037037037
113,20260718,dataset,breast_cancer(37%),0.044444444444444446
113,20260718,dataset,synth(5%),0.2013888888888889
113,20260718,dataset,synth(1%),0.03888888888888889
113,20260718,dataset,creditcard(1%),0.2625
113,20260718,dataset,creditcard(0.5%),0.1527777777777778
113,20260718,dataset,iotid20(6.4%),0.004166666666666667
113,20260718,all6,,0.11736111111111112
113,20260718,benchmark,,0.0949074074074074
113,20260718,real,,0.13981481481481484
114,20260718,dataset,breast_cancer(37%),0.03611111111111111
114,20260718,dataset,synth(5%),0.07083333333333333
114,20260718,dataset,synth(1%),0.14583333333333334
114,20260718,dataset,creditcard(1%),0.1125
114,20260718,dataset,creditcard(0.5%),0.020833333333333332
114,20260718,dataset,iotid20(6.4%),0.025
114,20260718,all6,,0.06851851851851852
114,20260718,benchmark,,0.08425925925925926
114,20260718,real,,0.05277777777777778
115,20260718,dataset,breast_cancer(37%),0.11666666666666667
115,20260718,dataset,synth(5%),0.09444444444444444
115,20260718,dataset,synth(1%),0.06527777777777778
115,20260718,dataset,creditcard(1%),0.0763888888888889
115,20260718,dataset,creditcard(0.5%),0.041666666666666664
115,20260718,dataset,iotid20(6.4%),0.027777777777777776
115,20260718,all6,,0.07037037037037037
115,20260718,benchmark,,0.09212962962962963
115,20260718,real,,0.04861111111111111
116,20260718,dataset,breast_cancer(37%),0.022222222222222223
116,20260718,dataset,synth(5%),0.016666666666666666
116,20260718,dataset,synth(1%),0.1597222222222222
116,20260718,dataset,creditcard(1%),0.020833333333333332
116,20260718,dataset,creditcard(0.5%),0.26666666666666666
116,20260718,dataset,iotid20(6.4%),0.20277777777777778
116,20260718,all6,,0.11481481481481481
116,20260718,benchmark,,0.0662037037037037
116,20260718,real,,0.16342592592592592
117,20260718,dataset,breast_cancer(37%),0.09027777777777778
117,20260718,dataset,synth(5%),0.041666666666666664
117,20260718,dataset,synth(1%),0.06944444444444445
117,20260718,dataset,creditcard(1%),0.1486111111111111
117,20260718,dataset,creditcard(0.5%),0.1375
117,20260718,dataset,iotid20(6.4%),0.005555555555555556
117,20260718,all6,,0.08217592592592593
117,20260718,benchmark,,0.06712962962962964
117,20260718,real,,0.09722222222222222
118,20260718,dataset,breast_cancer(37%),0.16666666666666666
118,20260718,dataset,synth(5%),0.006944444444444444
118,20260718,dataset,synth(1%),0.15694444444444444
118,20260718,dataset,creditcard(1%),0.09722222222222222
118,20260718,dataset,creditcard(0.5%),0.10555555555555556
118,20260718,dataset,iotid20(6.4%),0.0375
118,20260718,all6,,0.09513888888888887
118,20260718,benchmark,,0.11018518518518518
118,20260718,real,,0.08009259259259259
119,20260718,dataset,breast_cancer(37%),0.07361111111111111
119,20260718,dataset,synth(5%),0.03333333333333333
119,20260718,dataset,synth(1%),0.020833333333333332
119,20260718,dataset,creditcard(1%),0.1527777777777778
119,20260718,dataset,creditcard(0.5%),0.013888888888888888
119,20260718,dataset,iotid20(6.4%),0.10138888888888889
119,20260718,all6,,0.06597222222222222
119,20260718,benchmark,,0.04259259259259259
119,20260718,real,,0.08935185185185186
120,20260718,dataset,breast_cancer(37%),0.02638888888888889
120,20260718,dataset,synth(5%),0.05277777777777778
120,20260718,dataset,synth(1%),0.018055555555555554
120,20260718,dataset,creditcard(1%),0.043055555555555555
120,20260718,dataset,creditcard(0.5%),0.04722222222222222
120,20260718,dataset,iotid20(6.4%),0.043055555555555555
120,20260718,all6,,0.038425925925925926
120,20260718,benchmark,,0.032407407407407406
120,20260718,real,,0.044444444444444446
121,20260718,dataset,breast_cancer(37%),0.044444444444444446
121,20260718,dataset,synth(5%),0.020833333333333332
121,20260718,dataset,synth(1%),0.059722222222222225
121,20260718,dataset,creditcard(1%),0.1486111111111111
121,20260718,dataset,creditcard(0.5%),0.4
121,20260718,dataset,iotid20(6.4%),0.05555555555555555
121,20260718,all6,,0.12152777777777779
121,20260718,benchmark,,0.041666666666666664
121,20260718,real,,0.20138888888888892
122,20260718,dataset,breast_cancer(37%),0.0875
122,20260718,dataset,synth(5%),0.05138888888888889
122,20260718,dataset,synth(1%),0.041666666666666664
122,20260718,dataset,creditcard(1%),0.09305555555555556
122,20260718,dataset,creditcard(0.5%),0.10277777777777777
122,20260718,dataset,iotid20(6.4%),0.006944444444444444
122,20260718,all6,,0.06388888888888888
122,20260718,benchmark,,0.06018518518518518
122,20260718,real,,0.06759259259259259
123,20260718,dataset,breast_cancer(37%),0.05277777777777778
123,20260718,dataset,synth(5%),0.059722222222222225
123,20260718,dataset,synth(1%),0.21666666666666667
123,20260718,dataset,creditcard(1%),0.04583333333333333
123,20260718,dataset,creditcard(0.5%),0.2638888888888889
123,20260718,dataset,iotid20(6.4%),0.15
123,20260718,all6,,0.13148148148148148
123,20260718,benchmark,,0.10972222222222222
123,20260718,real,,0.15324074074074073
124,20260718,dataset,breast_cancer(37%),0.12777777777777777
124,20260718,dataset,synth(5%),0.06527777777777778
124,20260718,dataset,synth(1%),0.04583333333333333
124,20260718,dataset,creditcard(1%),0.13333333333333333
124,20260718,dataset,creditcard(0.5%),0.09305555555555556
124,20260718,dataset,iotid20(6.4%),0.05277777777777778
124,20260718,all6,,0.0863425925925926
124,20260718,benchmark,,0.07962962962962962
124,20260718,real,,0.09305555555555556
125,20260718,dataset,breast_cancer(37%),0.07222222222222222
125,20260718,dataset,synth(5%),0.013888888888888888
125,20260718,dataset,synth(1%),0.10972222222222222
125,20260718,dataset,creditcard(1%),0.025
125,20260718,dataset,creditcard(0.5%),0.059722222222222225
125,20260718,dataset,iotid20(6.4%),0.02638888888888889
125,20260718,all6,,0.05115740740740741
125,20260718,benchmark,,0.06527777777777778
125,20260718,real,,0.037037037037037035
126,20260718,dataset,breast_cancer(37%),0.025
126,20260718,dataset,synth(5%),0.1763888888888889
126,20260718,dataset,synth(1%),0.04583333333333333
126,20260718,dataset,creditcard(1%),0.13194444444444445
126,20260718,dataset,creditcard(0.5%),0.1527777777777778
126,20260718,dataset,iotid20(6.4%),0.19305555555555556
126,20260718,all6,,0.12083333333333333
126,20260718,benchmark,,0.08240740740740742
126,20260718,real,,0.15925925925925924
127,20260718,dataset,breast_cancer(37%),0.05138888888888889
127,20260718,dataset,synth(5%),0.019444444444444445
127,20260718,dataset,synth(1%),0.15
127,20260718,dataset,creditcard(1%),0.05138888888888889
127,20260718,dataset,creditcard(0.5%),0.09861111111111111
127,20260718,dataset,iotid20(6.4%),0.025
127,20260718,all6,,0.06597222222222222
127,20260718,benchmark,,0.07361111111111111
127,20260718,real,,0.05833333333333333
128,20260718,dataset,breast_cancer(37%),0.07222222222222222
128,20260718,dataset,synth(5%),0.19027777777777777
128,20260718,dataset,synth(1%),0.03611111111111111
128,20260718,dataset,creditcard(1%),0.04583333333333333
128,20260718,dataset,creditcard(0.5%),0.0763888888888889
128,20260718,dataset,iotid20(6.4%),0.3375
128,20260718,all6,,0.12638888888888888
128,20260718,benchmark,,0.09953703703703702
128,20260718,real,,0.15324074074074076
129,20260718,dataset,breast_cancer(37%),0.16805555555555557
129,20260718,dataset,synth(5%),0.04027777777777778
129,20260718,dataset,synth(1%),0.08055555555555556
129,20260718,dataset,creditcard(1%),0.030555555555555555
129,20260718,dataset,creditcard(0.5%),0.2013888888888889
129,20260718,dataset,iotid20(6.4%),0.07083333333333333
129,20260718,all6,,0.09861111111111111
129,20260718,benchmark,,0.09629629629629631
129,20260718,real,,0.10092592592592593
130,20260718,dataset,breast_cancer(37%),0.027777777777777776
130,20260718,dataset,synth(5%),0.1736111111111111
130,20260718,dataset,synth(1%),0.027777777777777776
130,20260718,dataset,creditcard(1%),0.0375
130,20260718,dataset,creditcard(0.5%),0.2013888888888889
130,20260718,dataset,iotid20(6.4%),0.09722222222222222
130,20260718,all6,,0.09421296296296296
130,20260718,benchmark,,0.0763888888888889
130,20260718,real,,0.11203703703703703
131,20260718,dataset,breast_cancer(37%),0.02638888888888889
131,20260718,dataset,synth(5%),0.0875
131,20260718,dataset,synth(1%),0.022222222222222223
131,20260718,dataset,creditcard(1%),0.19305555555555556
131,20260718,dataset,creditcard(0.5%),0.10694444444444444
131,20260718,dataset,iotid20(6.4%),0.05138888888888889
131,20260718,all6,,0.08125
131,20260718,benchmark,,0.045370370370370366
131,20260718,real,,0.11712962962962963
132,20260718,dataset,breast_cancer(37%),0.03194444444444444
132,20260718,dataset,synth(5%),0.14305555555555555
132,20260718,dataset,synth(1%),0.16527777777777777
132,20260718,dataset,creditcard(1%),0.013888888888888888
132,20260718,dataset,creditcard(0.5%),0.1361111111111111
132,20260718,dataset,iotid20(6.4%),0.11527777777777778
132,20260718,all6,,0.10092592592592592
132,20260718,benchmark,,0.11342592592592593
132,20260718,real,,0.08842592592592592
133,20260718,dataset,breast_cancer(37%),0.015277777777777777
133,20260718,dataset,synth(5%),0.020833333333333332
133,20260718,dataset,synth(1%),0.06805555555555555
133,20260718,dataset,creditcard(1%),0.020833333333333332
133,20260718,dataset,creditcard(0.5%),0.14305555555555555
133,20260718,dataset,iotid20(6.4%),0.03194444444444444
133,20260718,all6,,0.049999999999999996
133,20260718,benchmark,,0.03472222222222222
133,20260718,real,,0.06527777777777778
134,20260718,dataset,breast_cancer(37%),0.04027777777777778
134,20260718,dataset,synth(5%),0.06666666666666667
134,20260718,dataset,synth(1%),0.025
134,20260718,dataset,creditcard(1%),0.37916666666666665
134,20260718,dataset,creditcard(0.5%),0.15416666666666667
134,20260718,dataset,iotid20(6.4%),0.029166666666666667
134,20260718,all6,,0.11574074074074074
134,20260718,benchmark,,0.04398148148148148
134,20260718,real,,0.1875
135,20260718,dataset,breast_cancer(37%),0.0375
135,20260718,dataset,synth(5%),0.05138888888888889
135,20260718,dataset,synth(1%),0.04861111111111111
135,20260718,dataset,creditcard(1%),0.0875
135,20260718,dataset,creditcard(0.5%),0.12777777777777777
135,20260718,dataset,iotid20(6.4%),0.05555555555555555
135,20260718,all6,,0.06805555555555555
135,20260718,benchmark,,0.04583333333333334
135,20260718,real,,0.09027777777777778
136,20260718,dataset,breast_cancer(37%),0.05277777777777778
136,20260718,dataset,synth(5%),0.011111111111111112
136,20260718,dataset,synth(1%),0.12638888888888888
136,20260718,dataset,creditcard(1%),0.05416666666666667
136,20260718,dataset,creditcard(0.5%),0.044444444444444446
136,20260718,dataset,iotid20(6.4%),0.2013888888888889
136,20260718,all6,,0.08171296296296296
136,20260718,benchmark,,0.06342592592592593
136,20260718,real,,0.10000000000000002
137,20260718,dataset,breast_cancer(37%),0.006944444444444444
137,20260718,dataset,synth(5%),0.03194444444444444
137,20260718,dataset,synth(1%),0.1111111111111111
137,20260718,dataset,creditcard(1%),0.0875
137,20260718,dataset,creditcard(0.5%),0.15
137,20260718,dataset,iotid20(6.4%),0.011111111111111112
137,20260718,all6,,0.06643518518518518
137,20260718,benchmark,,0.049999999999999996
137,20260718,real,,0.08287037037037036
138,20260718,dataset,breast_cancer(37%),0.2263888888888889
138,20260718,dataset,synth(5%),0.043055555555555555
138,20260718,dataset,synth(1%),0.029166666666666667
138,20260718,dataset,creditcard(1%),0.12361111111111112
138,20260718,dataset,creditcard(0.5%),0.17083333333333334
138,20260718,dataset,iotid20(6.4%),0.07222222222222222
138,20260718,all6,,0.11087962962962962
138,20260718,benchmark,,0.09953703703703703
138,20260718,real,,0.12222222222222223
139,20260718,dataset,breast_cancer(37%),0.17222222222222222
139,20260718,dataset,synth(5%),0.12916666666666668
139,20260718,dataset,synth(1%),0.07916666666666666
139,20260718,dataset,creditcard(1%),0.09722222222222222
139,20260718,dataset,creditcard(0.5%),0.4097222222222222
139,20260718,dataset,iotid20(6.4%),0.044444444444444446
139,20260718,all6,,0.15532407407407406
139,20260718,benchmark,,0.12685185185185185
139,20260718,real,,0.18379629629629632
140,20260718,dataset,breast_cancer(37%),0.06527777777777778
140,20260718,dataset,synth(5%),0.02361111111111111
140,20260718,dataset,synth(1%),0.06944444444444445
140,20260718,dataset,creditcard(1%),0.06527777777777778
140,20260718,dataset,creditcard(0.5%),0.05138888888888889
140,20260718,dataset,iotid20(6.4%),0.09861111111111111
140,20260718,all6,,0.06226851851851852
140,20260718,benchmark,,0.05277777777777778
140,20260718,real,,0.07175925925925926
141,20260718,dataset,breast_cancer(37%),0.08472222222222223
141,20260718,dataset,synth(5%),0.011111111111111112
141,20260718,dataset,synth(1%),0.06944444444444445
141,20260718,dataset,creditcard(1%),0.05555555555555555
141,20260718,dataset,creditcard(0.5%),0.08194444444444444
141,20260718,dataset,iotid20(6.4%),0.020833333333333332
141,20260718,all6,,0.053935185185185176
141,20260718,benchmark,,0.0550925925925926
141,20260718,real,,0.05277777777777778
142,20260718,dataset,breast_cancer(37%),0.025
142,20260718,dataset,synth(5%),0.12638888888888888
142,20260718,dataset,synth(1%),0.02361111111111111
142,20260718,dataset,creditcard(1%),0.06805555555555555
142,20260718,dataset,creditcard(0.5%),0.12361111111111112
142,20260718,dataset,iotid20(6.4%),0.022222222222222223
142,20260718,all6,,0.06481481481481481
142,20260718,benchmark,,0.05833333333333333
142,20260718,real,,0.0712962962962963
143,20260718,dataset,breast_cancer(37%),0.1125
143,20260718,dataset,synth(5%),0.07777777777777778
143,20260718,dataset,synth(1%),0.12222222222222222
143,20260718,dataset,creditcard(1%),0.0763888888888889
143,20260718,dataset,creditcard(0.5%),0.1875
143,20260718,dataset,iotid20(6.4%),0.016666666666666666
143,20260718,all6,,0.09884259259259259
143,20260718,benchmark,,0.10416666666666667
143,20260718,real,,0.09351851851851851
144,20260718,dataset,breast_cancer(37%),0.08611111111111111
144,20260718,dataset,synth(5%),0.13472222222222222
144,20260718,dataset,synth(1%),0.19305555555555556
144,20260718,dataset,creditcard(1%),0.07361111111111111
144,20260718,dataset,creditcard(0.5%),0.11527777777777778
144,20260718,dataset,iotid20(6.4%),0.06388888888888888
144,20260718,all6,,0.11111111111111112
144,20260718,benchmark,,0.13796296296296295
144,20260718,real,,0.08425925925925926
145,20260718,dataset,breast_cancer(37%),0.001388888888888889
145,20260718,dataset,synth(5%),0.125
145,20260718,dataset,synth(1%),0.03194444444444444
145,20260718,dataset,creditcard(1%),0.10833333333333334
145,20260718,dataset,creditcard(0.5%),0.025
145,20260718,dataset,iotid20(6.4%),0.09861111111111111
145,20260718,all6,,0.0650462962962963
145,20260718,benchmark,,0.05277777777777778
145,20260718,real,,0.07731481481481482
146,20260718,dataset,breast_cancer(37%),0.02638888888888889
146,20260718,dataset,synth(5%),0.030555555555555555
146,20260718,dataset,synth(1%),0.26805555555555555
146,20260718,dataset,creditcard(1%),0.05555555555555555
146,20260718,dataset,creditcard(0.5%),0.06111111111111111
146,20260718,dataset,iotid20(6.4%),0.03194444444444444
146,20260718,all6,,0.07893518518518518
146,20260718,benchmark,,0.10833333333333334
146,20260718,real,,0.04953703703703704
147,20260718,dataset,breast_cancer(37%),0.06527777777777778
147,20260718,dataset,synth(5%),0.04861111111111111
147,20260718,dataset,synth(1%),0.43194444444444446
147,20260718,dataset,creditcard(1%),0.18194444444444444
147,20260718,dataset,creditcard(0.5%),0.05138888888888889
147,20260718,dataset,iotid20(6.4%),0.022222222222222223
147,20260718,all6,,0.13356481481481483
147,20260718,benchmark,,0.18194444444444446
147,20260718,real,,0.08518518518518518
148,20260718,dataset,breast_cancer(37%),0.03194444444444444
148,20260718,dataset,synth(5%),0.0625
148,20260718,dataset,synth(1%),0.35694444444444445
148,20260718,dataset,creditcard(1%),0.14444444444444443
148,20260718,dataset,creditcard(0.5%),0.12083333333333333
148,20260718,dataset,iotid20(6.4%),0.0375
148,20260718,all6,,0.12569444444444444
148,20260718,benchmark,,0.15046296296296297
148,20260718,real,,0.10092592592592592
149,20260718,dataset,breast_cancer(37%),0.044444444444444446
149,20260718,dataset,synth(5%),0.15694444444444444
149,20260718,dataset,synth(1%),0.044444444444444446
149,20260718,dataset,creditcard(1%),0.05138888888888889
149,20260718,dataset,creditcard(0.5%),0.10694444444444444
149,20260718,dataset,iotid20(6.4%),0.03888888888888889
149,20260718,all6,,0.07384259259259258
149,20260718,benchmark,,0.08194444444444444
149,20260718,real,,0.06574074074074072
150,20260718,dataset,breast_cancer(37%),0.044444444444444446
150,20260718,dataset,synth(5%),0.3013888888888889
150,20260718,dataset,synth(1%),0.18472222222222223
150,20260718,dataset,creditcard(1%),0.03611111111111111
150,20260718,dataset,creditcard(0.5%),0.12361111111111112
150,20260718,dataset,iotid20(6.4%),0.27361111111111114
150,20260718,all6,,0.16064814814814815
150,20260718,benchmark,,0.17685185185185184
150,20260718,real,,0.14444444444444446
151,20260718,dataset,breast_cancer(37%),0.011111111111111112
151,20260718,dataset,synth(5%),0.06388888888888888
151,20260718,dataset,synth(1%),0.4652777777777778
151,20260718,dataset,creditcard(1%),0.26805555555555555
151,20260718,dataset,creditcard(0.5%),0.2638888888888889
151,20260718,dataset,iotid20(6.4%),0.10138888888888889
151,20260718,all6,,0.19560185185185186
151,20260718,benchmark,,0.18009259259259258
151,20260718,real,,0.2111111111111111
152,20260718,dataset,breast_cancer(37%),0.07361111111111111
152,20260718,dataset,synth(5%),0.09583333333333334
152,20260718,dataset,synth(1%),0.04583333333333333
152,20260718,dataset,creditcard(1%),0.3763888888888889
152,20260718,dataset,creditcard(0.5%),0.48194444444444445
152,20260718,dataset,iotid20(6.4%),0.04861111111111111
152,20260718,all6,,0.18703703703703703
152,20260718,benchmark,,0.07175925925925926
152,20260718,real,,0.3023148148148148
153,20260718,dataset,breast_cancer(37%),0.016666666666666666
153,20260718,dataset,synth(5%),0.12222222222222222
153,20260718,dataset,synth(1%),0.04027777777777778
153,20260718,dataset,creditcard(1%),0.15694444444444444
153,20260718,dataset,creditcard(0.5%),0.1527777777777778
153,20260718,dataset,iotid20(6.4%),0.06527777777777778
153,20260718,all6,,0.09236111111111112
153,20260718,benchmark,,0.059722222222222225
153,20260718,real,,0.125
154,20260718,dataset,breast_cancer(37%),0.03194444444444444
154,20260718,dataset,synth(5%),0.02638888888888889
154,20260718,dataset,synth(1%),0.1111111111111111
154,20260718,dataset,creditcard(1%),0.020833333333333332
154,20260718,dataset,creditcard(0.5%),0.07777777777777778
154,20260718,dataset,iotid20(6.4%),0.03888888888888889
154,20260718,all6,,0.05115740740740741
154,20260718,benchmark,,0.05648148148148147
154,20260718,real,,0.04583333333333334
155,20260718,dataset,breast_cancer(37%),0.10277777777777777
155,20260718,dataset,synth(5%),0.05138888888888889
155,20260718,dataset,synth(1%),0.0625
155,20260718,dataset,creditcard(1%),0.14444444444444443
155,20260718,dataset,creditcard(0.5%),0.022222222222222223
155,20260718,dataset,iotid20(6.4%),0.3472222222222222
155,20260718,all6,,0.12175925925925925
155,20260718,benchmark,,0.07222222222222223
155,20260718,real,,0.17129629629629628
156,20260718,dataset,breast_cancer(37%),0.1486111111111111
156,20260718,dataset,synth(5%),0.059722222222222225
156,20260718,dataset,synth(1%),0.11944444444444445
156,20260718,dataset,creditcard(1%),0.1111111111111111
156,20260718,dataset,creditcard(0.5%),0.04722222222222222
156,20260718,dataset,iotid20(6.4%),0.005555555555555556
156,20260718,all6,,0.08194444444444444
156,20260718,benchmark,,0.10925925925925926
156,20260718,real,,0.05462962962962963
157,20260718,dataset,breast_cancer(37%),0.06111111111111111
157,20260718,dataset,synth(5%),0.21388888888888888
157,20260718,dataset,synth(1%),0.12222222222222222
157,20260718,dataset,creditcard(1%),0.2777777777777778
157,20260718,dataset,creditcard(0.5%),0.020833333333333332
157,20260718,dataset,iotid20(6.4%),0.3375
157,20260718,all6,,0.17222222222222225
157,20260718,benchmark,,0.1324074074074074
157,20260718,real,,0.21203703703703702
158,20260718,dataset,breast_cancer(37%),0.16805555555555557
158,20260718,dataset,synth(5%),0.009722222222222222
158,20260718,dataset,synth(1%),0.002777777777777778
158,20260718,dataset,creditcard(1%),0.12222222222222222
158,20260718,dataset,creditcard(0.5%),0.12222222222222222
158,20260718,dataset,iotid20(6.4%),0.03194444444444444
158,20260718,all6,,0.07615740740740741
158,20260718,benchmark,,0.060185185185185196
158,20260718,real,,0.09212962962962963
159,20260718,dataset,breast_cancer(37%),0.18472222222222223
159,20260718,dataset,synth(5%),0.03333333333333333
159,20260718,dataset,synth(1%),0.07777777777777778
159,20260718,dataset,creditcard(1%),0.006944444444444444
159,20260718,dataset,creditcard(0.5%),0.03888888888888889
159,20260718,dataset,iotid20(6.4%),0.09444444444444444
159,20260718,all6,,0.07268518518518519
159,20260718,benchmark,,0.09861111111111111
159,20260718,real,,0.04675925925925926
160,20260718,dataset,breast_cancer(37%),0.015277777777777777
160,20260718,dataset,synth(5%),0.05694444444444444
160,20260718,dataset,synth(1%),0.0625
160,20260718,dataset,creditcard(1%),0.02361111111111111
160,20260718,dataset,creditcard(0.5%),0.18611111111111112
160,20260718,dataset,iotid20(6.4%),0.10694444444444444
160,20260718,all6,,0.07523148148148148
160,20260718,benchmark,,0.0449074074074074
160,20260718,real,,0.10555555555555556
161,20260718,dataset,breast_cancer(37%),0.019444444444444445
161,20260718,dataset,synth(5%),0.05694444444444444
161,20260718,dataset,synth(1%),0.17222222222222222
161,20260718,dataset,creditcard(1%),0.030555555555555555
161,20260718,dataset,creditcard(0.5%),0.1527777777777778
161,20260718,dataset,iotid20(6.4%),0.02638888888888889
161,20260718,all6,,0.0763888888888889
161,20260718,benchmark,,0.08287037037037037
161,20260718,real,,0.0699074074074074
162,20260718,dataset,breast_cancer(37%),0.1375
162,20260718,dataset,synth(5%),0.059722222222222225
162,20260718,dataset,synth(1%),0.20972222222222223
162,20260718,dataset,creditcard(1%),0.07361111111111111
162,20260718,dataset,creditcard(0.5%),0.09305555555555556
162,20260718,dataset,iotid20(6.4%),0.07777777777777778
162,20260718,all6,,0.1085648148148148
162,20260718,benchmark,,0.13564814814814816
162,20260718,real,,0.08148148148148149
163,20260718,dataset,breast_cancer(37%),0.05555555555555555
163,20260718,dataset,synth(5%),0.15138888888888888
163,20260718,dataset,synth(1%),0.24305555555555555
163,20260718,dataset,creditcard(1%),0.20555555555555555
163,20260718,dataset,creditcard(0.5%),0.022222222222222223
163,20260718,dataset,iotid20(6.4%),0.3347222222222222
163,20260718,all6,,0.16874999999999998
163,20260718,benchmark,,0.15
163,20260718,real,,0.1875
164,20260718,dataset,breast_cancer(37%),0.15138888888888888
164,20260718,dataset,synth(5%),0.10138888888888889
164,20260718,dataset,synth(1%),0.04722222222222222
164,20260718,dataset,creditcard(1%),0.12638888888888888
164,20260718,dataset,creditcard(0.5%),0.02361111111111111
164,20260718,dataset,iotid20(6.4%),0.19444444444444445
164,20260718,all6,,0.1074074074074074
164,20260718,benchmark,,0.09999999999999999
164,20260718,real,,0.11481481481481481
165,20260718,dataset,breast_cancer(37%),0.15138888888888888
165,20260718,dataset,synth(5%),0.1375
165,20260718,dataset,synth(1%),0.10694444444444444
165,20260718,dataset,creditcard(1%),0.05
165,20260718,dataset,creditcard(0.5%),0.20972222222222223
165,20260718,dataset,iotid20(6.4%),0.029166666666666667
165,20260718,all6,,0.11412037037037037
165,20260718,benchmark,,0.13194444444444445
165,20260718,real,,0.09629629629629631
166,20260718,dataset,breast_cancer(37%),0.02638888888888889
166,20260718,dataset,synth(5%),0.22361111111111112
166,20260718,dataset,synth(1%),0.20555555555555555
166,20260718,dataset,creditcard(1%),0.02361111111111111
166,20260718,dataset,creditcard(0.5%),0.08472222222222223
166,20260718,dataset,iotid20(6.4%),0.03194444444444444
166,20260718,all6,,0.09930555555555555
166,20260718,benchmark,,0.15185185185185188
166,20260718,real,,0.04675925925925926
167,20260718,dataset,breast_cancer(37%),0.07222222222222222
167,20260718,dataset,synth(5%),0.013888888888888888
167,20260718,dataset,synth(1%),0.12361111111111112
167,20260718,dataset,creditcard(1%),0.06527777777777778
167,20260718,dataset,creditcard(0.5%),0.05694444444444444
167,20260718,dataset,iotid20(6.4%),0.05138888888888889
167,20260718,all6,,0.0638888888888889
167,20260718,benchmark,,0.0699074074074074
167,20260718,real,,0.05787037037037037
168,20260718,dataset,breast_cancer(37%),0.027777777777777776
168,20260718,dataset,synth(5%),0.027777777777777776
168,20260718,dataset,synth(1%),0.14722222222222223
168,20260718,dataset,creditcard(1%),0.059722222222222225
168,20260718,dataset,creditcard(0.5%),0.18472222222222223
168,20260718,dataset,iotid20(6.4%),0.05555555555555555
168,20260718,all6,,0.0837962962962963
168,20260718,benchmark,,0.06759259259259259
168,20260718,real,,0.09999999999999999
169,20260718,dataset,breast_cancer(37%),0.16666666666666666
169,20260718,dataset,synth(5%),0.029166666666666667
169,20260718,dataset,synth(1%),0.11388888888888889
169,20260718,dataset,creditcard(1%),0.11388888888888889
169,20260718,dataset,creditcard(0.5%),0.07916666666666666
169,20260718,dataset,iotid20(6.4%),0.034722222222222224
169,20260718,all6,,0.08958333333333333
169,20260718,benchmark,,0.10324074074074074
169,20260718,real,,0.07592592592592592
170,20260718,dataset,breast_cancer(37%),0.04861111111111111
170,20260718,dataset,synth(5%),0.025
170,20260718,dataset,synth(1%),0.059722222222222225
170,20260718,dataset,creditcard(1%),0.08194444444444444
170,20260718,dataset,creditcard(0.5%),0.12777777777777777
170,20260718,dataset,iotid20(6.4%),0.08055555555555556
170,20260718,all6,,0.07060185185185185
170,20260718,benchmark,,0.044444444444444446
170,20260718,real,,0.09675925925925925
171,20260718,dataset,breast_cancer(37%),0.0125
171,20260718,dataset,synth(5%),0.015277777777777777
171,20260718,dataset,synth(1%),0.1763888888888889
171,20260718,dataset,creditcard(1%),0.009722222222222222
171,20260718,dataset,creditcard(0.5%),0.0625
171,20260718,dataset,iotid20(6.4%),0.075
171,20260718,all6,,0.05856481481481482
171,20260718,benchmark,,0.06805555555555556
171,20260718,real,,0.049074074074074076
172,20260718,dataset,breast_cancer(37%),0.034722222222222224
172,20260718,dataset,synth(5%),0.15555555555555556
172,20260718,dataset,synth(1%),0.2222222222222222
172,20260718,dataset,creditcard(1%),0.04583333333333333
172,20260718,dataset,creditcard(0.5%),0.08888888888888889
172,20260718,dataset,iotid20(6.4%),0.025
172,20260718,all6,,0.09537037037037037
172,20260718,benchmark,,0.13749999999999998
172,20260718,real,,0.05324074074074075
173,20260718,dataset,breast_cancer(37%),0.016666666666666666
173,20260718,dataset,synth(5%),0.11666666666666667
173,20260718,dataset,synth(1%),0.020833333333333332
173,20260718,dataset,creditcard(1%),0.15555555555555556
173,20260718,dataset,creditcard(0.5%),0.12916666666666668
173,20260718,dataset,iotid20(6.4%),0.07777777777777778
173,20260718,all6,,0.0861111111111111
173,20260718,benchmark,,0.051388888888888894
173,20260718,real,,0.12083333333333335
174,20260718,dataset,breast_cancer(37%),0.12222222222222222
174,20260718,dataset,synth(5%),0.06111111111111111
174,20260718,dataset,synth(1%),0.07777777777777778
174,20260718,dataset,creditcard(1%),0.06111111111111111
174,20260718,dataset,creditcard(0.5%),0.1875
174,20260718,dataset,iotid20(6.4%),0.22083333333333333
174,20260718,all6,,0.12175925925925925
174,20260718,benchmark,,0.08703703703703704
174,20260718,real,,0.15648148148148147
175,20260718,dataset,breast_cancer(37%),0.02361111111111111
175,20260718,dataset,synth(5%),0.019444444444444445
175,20260718,dataset,synth(1%),0.019444444444444445
175,20260718,dataset,creditcard(1%),0.08333333333333333
175,20260718,dataset,creditcard(0.5%),0.004166666666666667
175,20260718,dataset,iotid20(6.4%),0.07361111111111111
175,20260718,all6,,0.03726851851851851
175,20260718,benchmark,,0.020833333333333332
175,20260718,real,,0.0537037037037037
176,20260718,dataset,breast_cancer(37%),0.14166666666666666
176,20260718,dataset,synth(5%),0.11805555555555555
176,20260718,dataset,synth(1%),0.05694444444444444
176,20260718,dataset,creditcard(1%),0.25833333333333336
176,20260718,dataset,creditcard(0.5%),0.15
176,20260718,dataset,iotid20(6.4%),0.02638888888888889
176,20260718,all6,,0.1252314814814815
176,20260718,benchmark,,0.10555555555555556
176,20260718,real,,0.1449074074074074
177,20260718,dataset,breast_cancer(37%),0.05138888888888889
177,20260718,dataset,synth(5%),0.011111111111111112
177,20260718,dataset,synth(1%),0.17777777777777778
177,20260718,dataset,creditcard(1%),0.059722222222222225
177,20260718,dataset,creditcard(0.5%),0.16805555555555557
177,20260718,dataset,iotid20(6.4%),0.2013888888888889
177,20260718,all6,,0.11157407407407409
177,20260718,benchmark,,0.08009259259259259
177,20260718,real,,0.14305555555555557
178,20260718,dataset,breast_cancer(37%),0.04583333333333333
178,20260718,dataset,synth(5%),0.08611111111111111
178,20260718,dataset,synth(1%),0.15694444444444444
178,20260718,dataset,creditcard(1%),0.21388888888888888
178,20260718,dataset,creditcard(0.5%),0.22361111111111112
178,20260718,dataset,iotid20(6.4%),0.09027777777777778
178,20260718,all6,,0.1361111111111111
178,20260718,benchmark,,0.09629629629629628
178,20260718,real,,0.17592592592592593
179,20260718,dataset,breast_cancer(37%),0.02361111111111111
179,20260718,dataset,synth(5%),0.059722222222222225
179,20260718,dataset,synth(1%),0.05277777777777778
179,20260718,dataset,creditcard(1%),0.0375
179,20260718,dataset,creditcard(0.5%),0.08055555555555556
179,20260718,dataset,iotid20(6.4%),0.011111111111111112
179,20260718,all6,,0.044212962962962975
179,20260718,benchmark,,0.04537037037037037
179,20260718,real,,0.04305555555555556
180,20260718,dataset,breast_cancer(37%),0.025
180,20260718,dataset,synth(5%),0.0125
180,20260718,dataset,synth(1%),0.059722222222222225
180,20260718,dataset,creditcard(1%),0.1
180,20260718,dataset,creditcard(0.5%),0.19722222222222222
180,20260718,dataset,iotid20(6.4%),0.03888888888888889
180,20260718,all6,,0.07222222222222223
180,20260718,benchmark,,0.03240740740740741
180,20260718,real,,0.11203703703703705
181,20260718,dataset,breast_cancer(37%),0.4027777777777778
181,20260718,dataset,synth(5%),0.03194444444444444
181,20260718,dataset,synth(1%),0.02361111111111111
181,20260718,dataset,creditcard(1%),0.027777777777777776
181,20260718,dataset,creditcard(0.5%),0.0125
181,20260718,dataset,iotid20(6.4%),0.002777777777777778
181,20260718,all6,,0.08356481481481483
181,20260718,benchmark,,0.1527777777777778
181,20260718,real,,0.014351851851851852
182,20260718,dataset,breast_cancer(37%),0.06944444444444445
182,20260718,dataset,synth(5%),0.18194444444444444
182,20260718,dataset,synth(1%),0.025
182,20260718,dataset,creditcard(1%),0.16111111111111112
182,20260718,dataset,creditcard(0.5%),0.25277777777777777
182,20260718,dataset,iotid20(6.4%),0.02638888888888889
182,20260718,all6,,0.11944444444444445
182,20260718,benchmark,,0.09212962962962963
182,20260718,real,,0.14675925925925926
183,20260718,dataset,breast_cancer(37%),0.034722222222222224
183,20260718,dataset,synth(5%),0.05555555555555555
183,20260718,dataset,synth(1%),0.05277777777777778
183,20260718,dataset,creditcard(1%),0.04583333333333333
183,20260718,dataset,creditcard(0.5%),0.26666666666666666
183,20260718,dataset,iotid20(6.4%),0.2361111111111111
183,20260718,all6,,0.11527777777777777
183,20260718,benchmark,,0.047685185185185185
183,20260718,real,,0.18287037037037035
184,20260718,dataset,breast_cancer(37%),0.2569444444444444
184,20260718,dataset,synth(5%),0.059722222222222225
184,20260718,dataset,synth(1%),0.05694444444444444
184,20260718,dataset,creditcard(1%),0.09305555555555556
184,20260718,dataset,creditcard(0.5%),0.016666666666666666
184,20260718,dataset,iotid20(6.4%),0.03194444444444444
184,20260718,all6,,0.08587962962962963
184,20260718,benchmark,,0.12453703703703704
184,20260718,real,,0.04722222222222222
185,20260718,dataset,breast_cancer(37%),0.13055555555555556
185,20260718,dataset,synth(5%),0.011111111111111112
185,20260718,dataset,synth(1%),0.08194444444444444
185,20260718,dataset,creditcard(1%),0.19583333333333333
185,20260718,dataset,creditcard(0.5%),0.0125
185,20260718,dataset,iotid20(6.4%),0.0375
185,20260718,all6,,0.07824074074074074
185,20260718,benchmark,,0.07453703703703704
185,20260718,real,,0.08194444444444444
186,20260718,dataset,breast_cancer(37%),0.4
186,20260718,dataset,synth(5%),0.1
186,20260718,dataset,synth(1%),0.025
186,20260718,dataset,creditcard(1%),0.2111111111111111
186,20260718,dataset,creditcard(0.5%),0.20416666666666666
186,20260718,dataset,iotid20(6.4%),0.020833333333333332
186,20260718,all6,,0.16018518518518518
186,20260718,benchmark,,0.17500000000000002
186,20260718,real,,0.14537037037037037
187,20260718,dataset,breast_cancer(37%),0.09861111111111111
187,20260718,dataset,synth(5%),0.1625
187,20260718,dataset,synth(1%),0.034722222222222224
187,20260718,dataset,creditcard(1%),0.022222222222222223
187,20260718,dataset,creditcard(0.5%),0.3125
187,20260718,dataset,iotid20(6.4%),0.27361111111111114
187,20260718,all6,,0.15069444444444444
187,20260718,benchmark,,0.09861111111111111
187,20260718,real,,0.2027777777777778
188,20260718,dataset,breast_cancer(37%),0.015277777777777777
188,20260718,dataset,synth(5%),0.15833333333333333
188,20260718,dataset,synth(1%),0.16111111111111112
188,20260718,dataset,creditcard(1%),0.15
188,20260718,dataset,creditcard(0.5%),0.0875
188,20260718,dataset,iotid20(6.4%),0.03888888888888889
188,20260718,all6,,0.10185185185185185
188,20260718,benchmark,,0.11157407407407406
188,20260718,real,,0.09212962962962963
189,20260718,dataset,breast_cancer(37%),0.06666666666666667
189,20260718,dataset,synth(5%),0.09027777777777778
189,20260718,dataset,synth(1%),0.13472222222222222
189,20260718,dataset,creditcard(1%),0.08611111111111111
189,20260718,dataset,creditcard(0.5%),0.3055555555555556
189,20260718,dataset,iotid20(6.4%),0.018055555555555554
189,20260718,all6,,0.11689814814814815
189,20260718,benchmark,,0.09722222222222221
189,20260718,real,,0.13657407407407407
190,20260718,dataset,breast_cancer(37%),0.38472222222222224
190,20260718,dataset,synth(5%),0.32083333333333336
190,20260718,dataset,synth(1%),0.14027777777777778
190,20260718,dataset,creditcard(1%),0.03194444444444444
190,20260718,dataset,creditcard(0.5%),0.1763888888888889
190,20260718,dataset,iotid20(6.4%),0.08888888888888889
190,20260718,all6,,0.19050925925925924
190,20260718,benchmark,,0.2819444444444445
190,20260718,real,,0.09907407407407408
191,20260718,dataset,breast_cancer(37%),0.49583333333333335
191,20260718,dataset,synth(5%),0.04861111111111111
191,20260718,dataset,synth(1%),0.19305555555555556
191,20260718,dataset,creditcard(1%),0.015277777777777777
191,20260718,dataset,creditcard(0.5%),0.02638888888888889
191,20260718,dataset,iotid20(6.4%),0.005555555555555556
191,20260718,all6,,0.13078703703703703
191,20260718,benchmark,,0.24583333333333335
191,20260718,real,,0.01574074074074074
192,20260718,dataset,breast_cancer(37%),0.08333333333333333
192,20260718,dataset,synth(5%),0.17916666666666667
192,20260718,dataset,synth(1%),0.041666666666666664
192,20260718,dataset,creditcard(1%),0.5180555555555556
192,20260718,dataset,creditcard(0.5%),0.03194444444444444
192,20260718,dataset,iotid20(6.4%),0.022222222222222223
192,20260718,all6,,0.14606481481481484
192,20260718,benchmark,,0.10138888888888888
192,20260718,real,,0.19074074074074077
193,20260718,dataset,breast_cancer(37%),0.16527777777777777
193,20260718,dataset,synth(5%),0.027777777777777776
193,20260718,dataset,synth(1%),0.04027777777777778
193,20260718,dataset,creditcard(1%),0.03194444444444444
193,20260718,dataset,creditcard(0.5%),0.3347222222222222
193,20260718,dataset,iotid20(6.4%),0.04861111111111111
193,20260718,all6,,0.10810185185185185
193,20260718,benchmark,,0.07777777777777778
193,20260718,real,,0.13842592592592592
194,20260718,dataset,breast_cancer(37%),0.11944444444444445
194,20260718,dataset,synth(5%),0.03333333333333333
194,20260718,dataset,synth(1%),0.07083333333333333
194,20260718,dataset,creditcard(1%),0.04722222222222222
194,20260718,dataset,creditcard(0.5%),0.14305555555555555
194,20260718,dataset,iotid20(6.4%),0.31666666666666665
194,20260718,all6,,0.12175925925925925
194,20260718,benchmark,,0.07453703703703703
194,20260718,real,,0.16898148148148148
195,20260718,dataset,breast_cancer(37%),0.0875
195,20260718,dataset,synth(5%),0.034722222222222224
195,20260718,dataset,synth(1%),0.12777777777777777
195,20260718,dataset,creditcard(1%),0.10972222222222222
195,20260718,dataset,creditcard(0.5%),0.03888888888888889
195,20260718,dataset,iotid20(6.4%),0.043055555555555555
195,20260718,all6,,0.0736111111111111
195,20260718,benchmark,,0.08333333333333333
195,20260718,real,,0.06388888888888888
196,20260718,dataset,breast_cancer(37%),0.02361111111111111
196,20260718,dataset,synth(5%),0.025
196,20260718,dataset,synth(1%),0.030555555555555555
196,20260718,dataset,creditcard(1%),0.03888888888888889
196,20260718,dataset,creditcard(0.5%),0.29583333333333334
196,20260718,dataset,iotid20(6.4%),0.17777777777777778
196,20260718,all6,,0.09861111111111111
196,20260718,benchmark,,0.02638888888888889
196,20260718,real,,0.1708333333333333
197,20260718,dataset,breast_cancer(37%),0.008333333333333333
197,20260718,dataset,synth(5%),0.15
197,20260718,dataset,synth(1%),0.10138888888888889
197,20260718,dataset,creditcard(1%),0.11527777777777778
197,20260718,dataset,creditcard(0.5%),0.06666666666666667
197,20260718,dataset,iotid20(6.4%),0.06388888888888888
197,20260718,all6,,0.08425925925925926
197,20260718,benchmark,,0.08657407407407408
197,20260718,real,,0.08194444444444444
198,20260718,dataset,breast_cancer(37%),0.10555555555555556
198,20260718,dataset,synth(5%),0.034722222222222224
198,20260718,dataset,synth(1%),0.28194444444444444
198,20260718,dataset,creditcard(1%),0.09583333333333334
198,20260718,dataset,creditcard(0.5%),0.23194444444444445
198,20260718,dataset,iotid20(6.4%),0.034722222222222224
198,20260718,all6,,0.13078703703703703
198,20260718,benchmark,,0.14074074074074075
198,20260718,real,,0.12083333333333333
199,20260718,dataset,breast_cancer(37%),0.018055555555555554
199,20260718,dataset,synth(5%),0.09027777777777778
199,20260718,dataset,synth(1%),0.1361111111111111
199,20260718,dataset,creditcard(1%),0.05694444444444444
199,20260718,dataset,creditcard(0.5%),0.18194444444444444
199,20260718,dataset,iotid20(6.4%),0.08333333333333333
199,20260718,all6,,0.09444444444444444
199,20260718,benchmark,,0.08148148148148147
199,20260718,real,,0.10740740740740741
